Unnamed: 0,தமிழ் குறள்,ENGLISH VERSE,தமிழ் விளக்கம்,ENGLISH EXPLANATION,Chapters (Adhikarams),அதிகாரம்,இயல்  ,Subdivisions (Iyals),Section (Paal),பால்
1, அகர முதல எழுத்தெல்லாம் ஆதி பகவன் முதற்றே உலகு,A is the first of the alphabet;God is the primary force of the world,எழுத்துக்கள் எல்லாம் அகரத்தை அடிப்படையாக கொண்டிருக்கின்றன. அதுபோல உலகம் கடவுளை அடிப்படையாக கொண்டிருக்கிறது.,"A, as its first of letters, every speech maintains;The ""Primal Deity"" is first through all the world's domains.As the letter A is the first of all letters, so the eternal God is first in the world.",The Praise of God,கடவுள் வாழ்த்து,பாயிரவியல்,Introduction,VIRTUE,அறத்துப்பால்
2,கற்றதனால் ஆய பயனென்கொல் வாலறிவன் நற்றாள் தொழாஅர் எனின்,"What is the use of all your learning,if you can’t surrender yourself at the feet of God.","தூய அறிவு வடிவாக விளங்கும் இறைவனுடைய நல்ல திருவடிகளை தொழாமல் இருப்பாரானால், அவர் கற்ற கல்வியினால் ஆகிய பயன் என்ன?","No fruit have men of all their studied lore,Save they the 'Purely Wise One's' feet adore.What Profit have those derived from learning,who worship not the good feet of Him who is possessed of pure knowledge ?",The Praise of God,கடவுள் வாழ்த்து,பாயிரவியல்,Introduction,VIRTUE,அறத்துப்பால்
3,மலர்மிசை ஏகினான் மாணடி சேர்ந்தார் நிலமிசை நீடுவாழ் வார்,"Those who surrender themselves at feet of the one,who resides in the flower-like hearts of all, will live long and well.","அன்பரின் அகமாகிய மலரில் வீற்றிருக்கும் கடவுளின் சிறந்த திருவடிகளை பொருந்தி நினைக்கின்றவர், இன்ப உலகில் நிலைத்து வாழ்வார்","His feet, 'Who o'er the full-blown flower hath past,' who gain In bliss long time shall dwell above this earthly plain.They who are united to the glorious feet of Him who passes swiftly over the flower of the mind, shall flourish long above all worlds.",The Praise of God,கடவுள் வாழ்த்து,பாயிரவியல்,Introduction,VIRTUE,அறத்துப்பால்
4,வேண்டுதல்வேண் டாமை இலானடி சேர்ந்தார்க்கு யாண்டும் இடும்பை இல,"Those who surrender at the feet of the one,who doesn’t have wants or hates, will never have any hassles anywhere.",விருப்பு வெறுப்பு இல்லாத கடவுளின் திருவடிகளை பொருந்தி நினைக்கின்றவர்க்கு எப்போதும் எவ்விடத்திலும் துன்பம் இல்லை,"His foot, 'Whom want affects not, irks not grief,' who gain Shall not, through every time, of any woes complain.To those who meditate the feet of Him who is void of desire or aversion, evil shall never come.",The Praise of God,கடவுள் வாழ்த்து,பாயிரவியல்,Introduction,VIRTUE,அறத்துப்பால்
5,இருள்சேர் இருவினையும் சேரா இறைவன் பொருள்சேர் புகழ்புரிந்தார் மாட்டு,"Fate, which impacts those in the darkness of ignorance,will not impede those who hail the true glory of God.",கடவுளின் உண்மைப் புகழை விரும்பி அன்பு செலுத்துகின்றவரிடம் அறியாமையால் விளையும் இருவகை வினையும் சேர்வதில்லை,"The men, who on the 'King's' true praised delight to dwell,Affects not them the fruit of deeds done ill or well.The two-fold deeds that spring from darkness shall not adhere to those who delight in the true praise of God.",The Praise of God,கடவுள் வாழ்த்து,பாயிரவியல்,Introduction,VIRTUE,அறத்துப்பால்
6,பொறிவாயில் ஐந்தவித்தான் பொய்தீர் ஒழுக்க நெறிநின்றார் நீடுவாழ் வார்,"Those who follow the true moral path of the one,who has doused the desires of the five senses, will last long.","ஐம்பொறி வாயிலாக பிறக்கும் வேட்கைகளை அவித்த இறைவனுடைய பொய்யற்ற ஒழுக்க நெறியில் நின்றவர், நிலை பெற்ற நல்வாழ்க்கை வாழ்வர்","Long live they blest, who 've stood in path from falsehood freed;His, 'Who quenched lusts that from the sense gates five proceed'.Those shall long proposer who abide in the faultless way of Him who has destroyed the five desires of the senses.
",The Praise of God,கடவுள் வாழ்த்து,பாயிரவியல்,Introduction,VIRTUE,அறத்துப்பால்
7,தனக்குவமை இல்லாதான் தாள்சேர்ந்தார்க் கல்லால் மனக்கவலை மாற்றல் அரிது,"Except for those who surrender at the feet of the one, for whom,there is no simile, it is tough to cure the mental rues.","தனக்கு ஒப்புமை இல்லாத தலைவனுடைய திருவடிகளைப் பொருந்தி நினைக்கின்றவர் அல்லாமல், மற்றவர்க்கு மனக்கவலையை மாற்ற முடியாது","Unless His foot, 'to Whom none can compare,' men gain,'Tis hard for mind to find relief from anxious pain.
Anxiety of mind cannot be removed, except from those who are united to the feet of Him who is incomparable.
",The Praise of God,கடவுள் வாழ்த்து,பாயிரவியல்,Introduction,VIRTUE,அறத்துப்பால்
8,அறவாழி அந்தணன் தாள்சேர்ந்தார்க் கல்லால் பிறவாழி நீந்தல் அரிது,"Except those who surrender at the feet of God, the ocean of morality,others will struggle to cross the ocean of desire.","அறக்கடலாக விளங்கும் கடவுளின் திருவடிகளைப் பொருந்தி நினைக்கின்றவர் அல்லாமல், மற்றவர் பொருளும் இன்பமுமாகிய மற்ற கடல்களைக் கடக்க முடியாது","Unless His feet 'the Sea of Good, the Fair and Bountiful,' men gain,'Tis hard the further bank of being's changeful sea to attain.None can swim the sea of vice, but those who are united to the feet of that gracious Being who is a sea of virtue.
",The Praise of God,கடவுள் வாழ்த்து,பாயிரவியல்,Introduction,VIRTUE,அறத்துப்பால்
9,கோளில் பொறியின் குணமிலவே எண்குணத்தான் தாளை வணங்காத் தலை,"The head that doesn’t bow to God, is similarto the organs that don’t have the right senses","கேட்காதசெவி, பார்க்காத கண் போன்ற எண் குணங்களை உடைய கடவுளின் திருவடிகளை வணங்காதவரின் தலைகள் பயனற்றவைகளாம்","Before His foot, 'the Eight-fold Excellence,' with unbent head,Who stands, like palsied sense, is to all living functions dead.The head that worships not the feet of Him who is possessed of eight attributes, is as useless as a sense without the power of sensation.",The Praise of God,கடவுள் வாழ்த்து,பாயிரவியல்,Introduction,VIRTUE,அறத்துப்பால்
10,பிறவிப் பெருங்கடல் நீந்துவர் நீந்தார் இறைவன் அடிசேரா தார்,"Those who surrender at the feet of God,will cross the great ocean of life; others won’t.",இறைவனுடைய திருவடிகளை பொருந்தி நினைக்கின்றவர் பிறவியாகிய பெரிய கடலைக் கடக்க முடியும். மற்றவர் கடக்க முடியாது,"They swim the sea of births, the 'Monarch's ' foot who gain;None others reach the shore of being's mighty main.None can swim the great sea of births but those who are united to the feet of God.",The Praise of God,கடவுள் வாழ்த்து,பாயிரவியல்,Introduction,VIRTUE,அறத்துப்பால்
11,வானின் றுலகம் வழங்கி வருதலால் தானமிழ்தம் என்றுணரற் பாற்று,The world survives because of the rains and therefore rain is known to be the nectar of immortality.,"மழை பெய்ய உலகம் வாழ்ந்து வருவதால், மழையானது உலகத்து வாழும் உயிர்களுக்கு அமிழ்தம் என்று உணரத்தக்கதாகும்","The world its course maintains through life that rain unfailing gives;Thus rain is known the true ambrosial food of all that lives.By the continuance of rain the world is preserved in existence; it is therefore worthy to be called ambrosia.
",The Excellence of Rain,வான் சிறப்பு,பாயிரவியல்,Introduction,VIRTUE,அறத்துப்பால்
12,துப்பார்க்குத் துப்பாய துப்பாக்கித் துப்பார்க்குத் துப்பாய தூஉ மழை,"Oh rain! You not only create everything we eat,you are the indispensable food yourself.","உண்பவர்க்குத் தக்க உணவுப் பொருள்களை விளைவித்துத் தருவதோடு, பருகுவோர்க்குத் தானும் ஓர் உணவாக இருப்பது மழையாகும்","The rain makes pleasant food for eaters rise;As food itself, thirst-quenching draught supplies.Rain produces good food, and is itself food.
",The Excellence of Rain,வான் சிறப்பு,பாயிரவியல்,Introduction,VIRTUE,அறத்துப்பால்
13,விண்இன்று பொய்ப்பின் விரிநீர் வியனுலகத்து உள்நின் றுடற்றும் பசி,"If the skies fail to rain, the world,though surrounded by sea, will yet suffer of hunger.","மழை பெய்யாமல் பொய்படுமானால், கடல் சூழ்ந்த அகன்ற உலகமாக இருந்தும் பசி உள்ளே நிலைத்து நின்று உயிர்களை வருத்தும்","If clouds, that promised rain, deceive, and in the sky remain,Famine, sore torment, stalks o'er earth's vast ocean-girdled plain.If the cloud, withholding rain, deceive (our hopes) hunger will long distress the sea-girt spacious world.
",The Excellence of Rain,வான் சிறப்பு,பாயிரவியல்,Introduction,VIRTUE,அறத்துப்பால்
14,ஏரின் உழாஅர் உழவர் புயல்என்னும் வாரி வளங்குன்றிக் கால்,"If the monsoons fail,farmers won’t till their lands to produce food.","மழை என்னும் வருவாய் வளம் குன்றி விட்டால், ( உணவுப் பொருள்களை உண்டாக்கும்) உழவரும் ஏர் கொண்டு உழமாட்டார்","If clouds their wealth of waters fail on earth to pour,The ploughers plough with oxen's sturdy team no more.If the abundance of wealth imparting rain diminish, the labour of the plough must cease.
",The Excellence of Rain,வான் சிறப்பு,பாயிரவியல்,Introduction,VIRTUE,அறத்துப்பால்
15,கெடுப்பதூஉம் கெட்டார்க்குச் சார்வாய்மற் றாங்கே எடுப்பதூஉம் எல்லாம் மழை,It is the tormentor; it is the saviour of the tormented:the rain is everything for us.,பெய்யாமல் வாழ்வைக் கெடுக்க வல்லதும் மழை; மழையில்லாமல் வளம் கெட்டு நொந்தவர்க்கும் துணையாய் அவ்வாறே காக்க வல்லதும் மழையாகும்,"Tis rain works all: it ruin spreads, then timely aid supplies;As, in the happy days before, it bids the ruined rise.Rain by its absence ruins men; and by its existence restores them to fortune.
",The Excellence of Rain,வான் சிறப்பு,பாயிரவியல்,Introduction,VIRTUE,அறத்துப்பால்
16,விசும்பின் துளிவீழின் அல்லால்மற் றாங்கே பசும்புல் தலைகாண் பரிது,"Unless drops of precious rain fall down,not even grass will sprout its head.","வானத்திலிருந்து மழைத்துளி வீழ்ந்தால் அல்லாமல், உலகத்தில் ஓரறிவுயிராகிய பசும்புல்லின் தலையையும் காண முடியாது","If from the clouds no drops of rain are shed.'Tis rare to see green herb lift up its head.If no drop falls from the clouds, not even the green blade of grass will be seen.
",The Excellence of Rain,வான் சிறப்பு,பாயிரவியல்,Introduction,VIRTUE,அறத்துப்பால்
17,நெடுங்கடலும் தன்நீர்மை குன்றும் தடிந்தெழிலி தான்நல்கா தாகி விடின்,"Even the vast ocean will start shrinking,if the clouds that took the water away from it, don’t pour it back.","மேகம் கடலிலிருந்து நீரைக் கொண்டு அதனிடத்திலேயே பெய்யாமல் விடுமானால், பெரிய கடலும் தன் வளம் குன்றிப் போகும்","If clouds restrain their gifts and grant no rain,The treasures fail in ocean's wide domain.Even the wealth of the wide sea will be diminished, if the cloud that has drawn (its waters) up gives them not back again (in rain).
",The Excellence of Rain,வான் சிறப்பு,பாயிரவியல்,Introduction,VIRTUE,அறத்துப்பால்
18,சிறப்பொடு பூசனை செல்லாது வானம் வறக்குமேல் வானோர்க்கும் ஈண்டு,"Special offerings and daily rituals to gods will stop,if the skies dry up.",மழை பெய்யாமல் போகுமானால் இவ்வுலகத்தில் வானோர்க்காக நடைபெறும் திருவிழாவும் நடைபெறாது; நாள் வழிபாடும் நடைபெறாது,"If heaven grow dry, with feast and offering never more,Will men on earth the heavenly ones adore.If the heaven dry up, neither yearly festivals, nor daily worship will be offered in this world, to the celestials.
",The Excellence of Rain,வான் சிறப்பு,பாயிரவியல்,Introduction,VIRTUE,அறத்துப்பால்
19,தானம் தவமிரண்டும் தங்கா வியனுலகம் வானம் வழங்கா தெனின்,"Charity and penance will both cease to exist in this world,if the clouds are not charitable.","மழை பெய்யவில்லையானால், இந்த பெரிய உலகத்தில் பிறர் பொருட்டு செய்யும் தானமும்,தம் பொருட்டு செய்யும் தவமும் இல்லையாகும்.","If heaven its watery treasures ceases to dispense,Through the wide world cease gifts, and deeds of 'penitence'.If rain fall not, penance and alms-deeds will not dwell within this spacious world.
",The Excellence of Rain,வான் சிறப்பு,பாயிரவியல்,Introduction,VIRTUE,அறத்துப்பால்
20,நீரின் றமையா துலகெனின் யார்யார்க்கும் வானின் றமையா தொழுக்கு,World can’t survive without water and morality can’t exist without rains.,"எப்படிப்பட்டவர்க்கும் நீர் இல்லாமல் உலக வாழ்க்கை நடைபெறாது என்றால், மழை இல்லையானால் ஒழுக்கமும் நிலைபெறாமல் போகும்","When water fails, functions of nature cease, you say;Thus when rain fails, no men can walk in 'duty's ordered way'.If it be said that the duties of life cannot be discharged by any person without water, so without rain there cannot be the flowing of water.
",The Excellence of Rain,வான் சிறப்பு,பாயிரவியல்,Introduction,VIRTUE,அறத்துப்பால்
21,ஒழுக்கத்து நீத்தார் பெருமை விழுப்பத்து வேண்டும் பனுவல் துணிவு,"All books willingly conclude as the most excellent,the greatness of those with the right conduct who have given up attachment.",ஒழுக்கத்தில் நிலைத்து நின்று பற்று விட்டவர்களின் பெருமையைச் சிறந்ததாக போற்றி கூறுவதே நூல்களின் துணிவாகும்.,"The settled rule of every code requires, as highest good,Their greatness who, renouncing all, true to their rule have stood.The end and aim of all treatise is to extol beyond all other excellence, the greatness of those who, while abiding in the rule of conduct peculiar to their state, have abandoned all desire.
",The Greatness of Ascetics,நீத்தார் பெருமை,பாயிரவியல்,Introduction,VIRTUE,அறத்துப்பால்
22,துறந்தார் பெருமை துணைக்கூறின் வையத்து இறந்தாரை எண்ணிக்கொண் டற்று,Trying to quantify the greatness of those who have overcome desire is like counting those who have died till now.,"பற்றுக்களைத் துறந்தவர்களின் பெருமையை அளந்து கூறுதல், உலகத்தில் இதுவரை பிறந்து இறந்தவர்களை கணக்கிடுவதைப்போன்றது.","As counting those that from the earth have passed away,'Tis vain attempt the might of holy men to say.To describe the measure of the greatness of those who have forsaken the two-fold desires, is like counting the dead.
",The Greatness of Ascetics,நீத்தார் பெருமை,பாயிரவியல்,Introduction,VIRTUE,அறத்துப்பால்
23,இருமை வகைதெரிந் தீண்டறம் பூண்டார் பெருமை பிறங்கிற் றுலகு,"The greatness of those who have known the nature of both worlds,And have eschewed desire to live a righteous life, is most admirable in this world.",பிறப்பு வீடு என்பன போல் இரண்டிரண்டாக உள்ளவைகளின் கூறுபாடுகளை ஆராய்ந்தறிந்து அறத்தை மேற்கொண்டவரின் பெருமையே உலகத்தில் உயர்ந்தது,"Their greatness earth transcends, who, way of both worlds weighed,In this world take their stand, in virtue's robe arrayed.The greatness of those who have discovered the properties of both states of being, and renounced the world, shines forth on earth (beyond all others).
",The Greatness of Ascetics,நீத்தார் பெருமை,பாயிரவியல்,Introduction,VIRTUE,அறத்துப்பால்
24,உரனென்னுந் தோட்டியான் ஓரைந்தும் காப்பான் வரனென்னும் வைப்பிற்கோர் வித்து,"Using the ankus called resoluteness, one who controls the elephant named five senses, is sowing for future glory.","அறிவு என்னும் கருவியினால் ஐம்பொறிகளாகிய யானைகளை அடக்கி காக்க வல்லவன், மேலான வீட்டிற்கு விதை போன்றவன்","He, who with firmness, curb the five restrains,Is seed for soil of yonder happy plains.He who guides his five senses by the hook of wisdom will be a seed in the world of heaven.
",The Greatness of Ascetics,நீத்தார் பெருமை,பாயிரவியல்,Introduction,VIRTUE,அறத்துப்பால்
25,ஐந்தவித்தான் ஆற்றல் அகல்விசும்பு ளார்கோமான் இந்திரனே சாலுங் கரி,"God, the king of heavens, is an example of what the ability to conquer one’s five senses can result in.","ஐந்து புலன்களாலாகும் ஆசைகளை ஒழித்தவனுடைய வல்லமைக்கு, வானுலகத்தாரின் தலைவனாகிய இந்திரனே போதுமான சான்று ஆவான்","Their might who have destroyed 'the five', shall soothly tellIndra, the lord of those in heaven's wide realms that dwell.Indra, the king of the inhabitants of the spacious heaven, is himself, a sufficient proof of the strength of him who has subdued his five senses.
",The Greatness of Ascetics,நீத்தார் பெருமை,பாயிரவியல்,Introduction,VIRTUE,அறத்துப்பால்
26,செயற்கரிய செய்வார் பெரியர் சிறியர் செயற்கரிய செய்கலா தார்,What separates the great from the ordinary is their ability to do the seemingly impossible.,செய்வதற்கு அருமையான செயல்களை செய்ய வல்லவரே பெரியோர். செய்வதற்கு அரிய செயல்களைச் செய்யமாட்டாதவர் சிறியோர்.,"Things hard in the doing will great men do;Things hard in the doing the mean eschew.The great will do those things which is difficult to be done; but the mean cannot do them.
",The Greatness of Ascetics,நீத்தார் பெருமை,பாயிரவியல்,Introduction,VIRTUE,அறத்துப்பால்
27,சுவையொளி ஊறோசை நாற்றமென் றைந்தின் வகைதெரிவான் கட்டே உலகு,"One who has analysed and conquered the urges of taste, sight, touch, sound and smell, will control this world.","சுவை, ஒளி, ஊறு, ஓசை, நாற்றம் என்று சொல்லப்படும் ஐந்தின் வகைகளையும் ஆராய்ந்து அறிய வல்லவனுடைய அறிவில் உள்ளது உலகம்.","Taste, light, touch, sound, and smell: who knows the way Of all the five,- the world submissive owns his sway.The world is within the knowledge of him who knows the properties of taste, sight, touch, hearing and smell.
",The Greatness of Ascetics,நீத்தார் பெருமை,பாயிரவியல்,Introduction,VIRTUE,அறத்துப்பால்
28,நிறைமொழி மாந்தர் பெருமை நிலத்து மறைமொழி காட்டி விடும்,"The words of those glorious people, who control their minds completely,become the gospel.","பயன் நிறைந்த மொழிகளில் வல்ல சான்றோரின் பெருமையை, உலகத்தில் அழியாமல் விளங்கும் அவர்களுடைய மறைமொழிகளே காட்டிவிடும்.","The might of men whose word is never vain,The 'secret word' shall to the earth proclaim.The hidden words of the men whose words are full of effect, will shew their greatness to the world.
",The Greatness of Ascetics,நீத்தார் பெருமை,பாயிரவியல்,Introduction,VIRTUE,அறத்துப்பால்
29,குணமென்னுங் குன்றேறி நின்றார் வெகுளி கணமேயுங் காத்தல் அரிது,Those who have scaled the mountain of morality will not allow their anger to last for a moment.,"நல்ல பண்புகளாகிய மலையின்மேல் ஏறி நின்ற பெரியோர், ஒரு கணப்பொழுதே சினம் கொள்வார் ஆயினும் அதிலிருந்து ஒருவரைக் காத்தல் அரிதாகும்.","The wrath 'tis hard e'en for an instant to endure,Of those who virtue's hill have scaled, and stand secure.The anger of those who have ascended the mountain of goodness, though it continue but for a moment, cannot be resisted.
",The Greatness of Ascetics,நீத்தார் பெருமை,பாயிரவியல்,Introduction,VIRTUE,அறத்துப்பால்
30,அந்தணர் என்போர் அறவோர்மற் றெவ்வுயிர்க்கும் செந்தண்மை பூண்டொழுக லான்,"All (and only) those righteous people, who shower love on all living beings,can be classified as Anthanar*.","எல்லா உயிர்களிடத்திலும் செம்மையான அருளை மேற்கொண்டு ஒழுகுவதால், அறவோரே அந்தணர் எனப்படுவோர் ஆவர்.","Towards all that breathe, with seemly graciousness adorned they live;And thus to virtue's sons the name of 'Anthanar' men give.The virtuous are truly called Anthanar; because in their conduct towards all creatures they are clothed in kindness.",The Greatness of Ascetics,நீத்தார் பெருமை,பாயிரவியல்,Introduction,VIRTUE,அறத்துப்பால்
31,சிறப்பீனும் செல்வமும் ஈனும் அறத்தினூஉங்கு ஆக்கம் எவனோ உயிர்க்கு,Righteousness yields good reputation and wealth;is there anything more precious?,அறம் சிறப்பையும் அளிக்கும்: செல்வத்தையும் அளிக்கும்: ஆகையால் உயிர்க்கு அத்தகைய அறத்தை விட நன்மையானது வேறு யாது?,"It yields distinction, yields prosperity; what gain
Greater than virtue can a living man obtain?
Virtue will confer heaven and wealth; what greater source of happiness can man possess ?
",Assertion of the Strength of Virtue,அறன் வலியுறுத்தல்,பாயிரவியல்,Introduction,VIRTUE,அறத்துப்பால்
32,அறத்தினூஉங் காக்கமும் இல்லை அதனை மறத்தலின் ஊங்கில்லை கேடு,Rectitude is the most precious possession;there is nothing more pernicious than straying from it.,ஒரு வருடைய வாழ்கைக்கு அறத்தை விட நன்மையானதும் இல்லை: அறத்தை போற்றாமல் மறப்பதை விடக்கொடியதும் இல்லை.,"No greater gain than virtue aught can cause;
No greater loss than life oblivious of her laws.
There can be no greater source of good than (the practice of) virtue; there can be no greater source of evil than the forgetfulness of it.
",Assertion of the Strength of Virtue,அறன் வலியுறுத்தல்,பாயிரவியல்,Introduction,VIRTUE,அறத்துப்பால்
33,ஒல்லும் வகையான அறவினை ஓவாதே செல்லும்வாய் எல்லாஞ் செயல்,"Keep doing the morally right things, in every possible manner,wherever you go.","செய்யக்கூடிய வகையால், எக்காரணத்தாலும் விடாமல் செல்லுமிடமெல்லாம் அறச்செயலைப் போற்றிச் செய்ய வேண்டும்.","To finish virtue's work with ceaseless effort strive,
What way thou may'st, where'er thou see'st the work may thrive.
As much as possible, in every way, incessantly practise virtue.",Assertion of the Strength of Virtue,அறன் வலியுறுத்தல்,பாயிரவியல்,Introduction,VIRTUE,அறத்துப்பால்
34,மனத்துக்கண் மாசிலன் ஆதல் அனைத்தறன் ஆகுல நீர பிற,True moral integrity lies in being flawless in your thoughts;everything else is loud and blatant posturing.,ஒருவன் தன்மனதில் குற்றம் இல்லாதவானாக இருக்க வேண்டும். அறம் அவ்வளவே: மனத்தூய்மை இல்லாத மற்றவை ஆரவாரத் தன்மை உடையவை.,"Spotless be thou in mind! This only merits virtue's name;
All else, mere pomp of idle sound, no real worth can claim.
Let him who does virtuous deeds be of spotless mind; to that extent is virtue; all else is vain show.",Assertion of the Strength of Virtue,அறன் வலியுறுத்தல்,பாயிரவியல்,Introduction,VIRTUE,அறத்துப்பால்
35,அழுக்கா றவாவெகுளி இன்னாச்சொல் நான்கும் இழுக்கா இயன்ற தறம்,"Righteousness is all about removing the four flaws –envy, desire, anger and harmful words.","பொறாமை, ஆசை, சினம், கடுஞ்சொல் ஆகிய இந்த நான்கு குற்றங்களுக்கும் இடங்கொடுக்காமல் அவற்றைக் கடித்து ஒழுகுவதே அறமாகும்.","Tis virtue when, his footsteps sliding not through envy, wrath,
Lust, evil speech-these four, man onwards moves in ordered path.
That conduct is virtue which is free from these four things, viz, malice, desire, anger and bitter speech.
",Assertion of the Strength of Virtue,அறன் வலியுறுத்தல்,பாயிரவியல்,Introduction,VIRTUE,அறத்துப்பால்
36,அன்றறிவாம் என்னா தறஞ்செய்க மற்றது பொன்றுங்கால் பொன்றாத் துணை,Do the righteous deeds now without waiting for senility to set in;they will remain your permanent companions then.,"இளைஞராக உள்ளவர், பிற்காலத்தில் பார்த்து கொள்ளலாம் என்று எண்ணாமல் அறம் செய்ய வேண்டும். அதுவே உடல் அழியும் காலத்தில் அழியா துணையாகும்.","Do deeds of virtue now. Say not, 'To-morrow we'll be wise';
Thus, when thou diest, shalt thou find a help that never dies.
Defer not virtue to another day; receive her now; and at the dying hour she will be your undying friend.
",Assertion of the Strength of Virtue,அறன் வலியுறுத்தல்,பாயிரவியல்,Introduction,VIRTUE,அறத்துப்பால்
37,அறத்தா றிதுவென வேண்டா சிவிகை பொறுத்தானோ டூர்ந்தான் இடை,"One man lifting another on a palanquin,can’t be justified as the fruit of any prior moral deeds.",பல்லக்கை சுமப்பவனும் அதன்மேலிருந்து ஊர்ந்து செல்லுவோனுமாகிய அவர்களிடையே அறத்தின் பயன் இஃது என்று கூறவேண்டா.,"Needs not in words to dwell on virtue's fruits: compare
The man in litter borne with them that toiling bear!
The fruit of virtue need not be described in books; it may be inferred from seeing the bearer of a palanquin and the rider therein.",Assertion of the Strength of Virtue,அறன் வலியுறுத்தல்,பாயிரவியல்,Introduction,VIRTUE,அறத்துப்பால்
38,வீழ்நாள் படாஅமை நன்றாற்றின் அஃதொருவன் வாழ்நாள் வழியடைக்கும் கல்,"Never let a day pass without a good deed;
it makes this life fulfilling and the next unnecessary.",ஒருவன் அறம் செய்ய தவறிய நாள் ஏற்படாதவாறு அறத்தை செய்வானானால் அதுவே அவன் உடலோடு வாழும் நாள் வரும் பிறவி வழியை அடைக்கும் கல்லாகும்.,"If no day passing idly, good to do each day you toil,
A stone it will be to block the way of future days of moil.
If one allows no day to pass without some good being done, his conduct will be a stone to block up the passage to other births.",Assertion of the Strength of Virtue,அறன் வலியுறுத்தல்,பாயிரவியல்,Introduction,VIRTUE,அறத்துப்பால்
39,அறத்தான் வருவதே இன்பமற் றெல்லாம் புறத்த புகழும் இல,"True joy blossoms only due to righteous deeds;
all else cause unhappiness and disrepute.",அறநெறியில் வாழ்வதன் பயனாக வருவதே இன்பமாகும். அறத்தோடு பொருந்தாமல் வருவன எல்லாம் இன்பம் இல்லாதவை: புகழும் இல்லாதவை.,"What from virtue floweth, yieldeth dear delight;
All else extern, is void of glory's light.
Only that pleasure which flows from domestic virtue is pleasure; all else is not pleasure, and it is without praise.",Assertion of the Strength of Virtue,அறன் வலியுறுத்தல்,பாயிரவியல்,Introduction,VIRTUE,அறத்துப்பால்
40,செயற்பால தோரும் அறனே ஒருவற்கு உயற்பால தோரும் பழி,"A righteous deed deserves to be done; an evil deed ought to be avoided to
protect oneself from infamy.",ஒருவன் வாழ்நாளில் முயற்சி மேற்கொண்டு செய்யத்தக்கது அறமே. செய்யாமல் காத்து கொள்ளத்தக்கது பழியே.,"Virtue' sums the things that should be done;
'Vice' sums the things that man should shun.
That is virtue which each ought to do, and that is vice which each should shun.",Assertion of the Strength of Virtue,அறன் வலியுறுத்தல்,பாயிரவியல்,Introduction,VIRTUE,அறத்துப்பால்
41,இல்வாழ்வான் என்பான் இயல்புடைய மூவர்க்கும் நல்லாற்றின் நின்ற துணை,"A good family person is one who supports all three relationships (parents, wife, children)
in a balanced and righteous manner.",இல்லறத்தில் வாழ்பவனாகச் சொல்லப்படுகிறவன் அறத்தின் இயல்பை உடைய மூவருக்கும் நல்வழியில் நிலை பெற்ற துணையாவான்.,"The men of household virtue, firm in way of good, sustain
The other orders three that rule professed maintain.
He will be called a (true) householder, who is a firm support to the virtuous of the three orders in their good path.", Domestic Life,இல்வாழ்க்கை,இல்லறவியல்,Domestic Virtue,VIRTUE,அறத்துப்பால்
42,துறந்தார்க்கும் துவ்வா தவர்க்கும் இறந்தார்க்கும் இல்வாழ்வான் என்பான் துணை,"A good family person also extends support
to saints, poor and needy.",துறந்தவர்கும் வறியவர்க்கும் தன்னிடத்தே இறந்தவர்க்கும் இல்லறம் மேற்கொண்டு வாழ்கிறவன் துணையாவான்.,"To anchorites, to indigent, to those who've passed away,
The man for household virtue famed is needful held and stay.
He will be said to flourish in domestic virtue who aids the forsaken, the poor, and the dead.", Domestic Life,இல்வாழ்க்கை,இல்லறவியல்,Domestic Virtue,VIRTUE,அறத்துப்பால்
43,தென்புலத்தார் தெய்வம் விருந்தொக்கல் தானென்றாங்கு ஐம்புலத்தா றோம்பல் தலை,"Teachers, God, guests, relatives and oneself – it is important
to nurture all these five in addition to the family.","தென்புலத்தார், தெய்வம் விருந்தினர், சுற்றத்தார், தான் என்ற ஐவகையிடத்தும் அறநெறி தவறாமல் போற்றுதல் சிறந்த கடமையாகும்","The manes, God, guests kindred, self, in due degree,
These five to cherish well is chiefest charity.
The chief (duty of the householder) is to preserve the five-fold rule (of conduct) towards the manes, the Gods, his guests, his relations and himself.", Domestic Life,இல்வாழ்க்கை,இல்லறவியல்,Domestic Virtue,VIRTUE,அறத்துப்பால்
44,பழியஞ்சிப் பாத்தூண் உடைத்தாயின் வாழ்க்கை வழியெஞ்சல் எஞ்ஞான்றும் இல,"One who earns well but avoids the blame of hoarding wealth,
by philanthropy, will lead a complete life with no complaints.","பொருள் சேர்க்கும் பொது பழிக்கு அஞ்சிச் சேர்த்து, செலவு செய்யும் போது பகுந்து உண்பதை மேற்க்கொண்டால், அவ்வாழ்கையின் ஒழுங்கு எப்போதும் குறைவதில்லை.","Who shares his meal with other, while all guilt he shuns,
His virtuous line unbroken though the ages runs.
His descendants shall never fail who, living in the domestic state, fears vice (in the acquisition of property) and shares his food (with others).", Domestic Life,இல்வாழ்க்கை,இல்லறவியல்,Domestic Virtue,VIRTUE,அறத்துப்பால்
45,அன்பும் அறனும் உடைத்தாயின் இல்வாழ்க்கை பண்பும் பயனும் அது,"If love and virtue pervade the family life, they become
the characteristic and fruit of the family life.","இல்வாழ்க்கையின் அன்பும் அறமும் உடையதாக விளங்குமானால், அந்த வாழக்கையின் பண்பும் பயனும் அதுவே ஆகும்.","If love and virtue in the household reign,
This is of life the perfect grace and gain.
If the married life possess love and virtue, these will be both its duty and reward.", Domestic Life,இல்வாழ்க்கை,இல்லறவியல்,Domestic Virtue,VIRTUE,அறத்துப்பால்
46,அறத்தாற்றின் இல்வாழ்க்கை ஆற்றின் புறத்தாற்றில் போஒய்ப் பெறுவ தெவன்,"The only way to live is to live righteously;
if you set aside virtues, what more is there to gain?","ஒருவன் அறநெறியில் இல்வாழ்க்கையைச் செலுத்தி வாழ்வானானால், அத்தகையவன் வேறு நெறியில் சென்று பெறத்தக்கது என்ன?","If man in active household life a virtuous soul retain,
What fruit from other modes of virtue can he gain?
What will he who lives virtuously in the domestic state gain by going into the other, (ascetic) state ?", Domestic Life,இல்வாழ்க்கை,இல்லறவியல்,Domestic Virtue,VIRTUE,அறத்துப்பால்
47,இயல்பினான் இல்வாழ்க்கை வாழ்பவன் என்பான் முயல்வாருள் எல்லாம் தலை,"One who leads a normal and intimate family life,
is far ahead of those who seek other priorities.",அறத்தின் இயல்பொடு இல்வாழ்கை வாழ்கிறவன்- வாழ முயல்கிறவன் பல திறத்தாரிலும் மேம்பட்டு விளங்குகிறவன் ஆவான்.,"In nature's way who spends his calm domestic days,
'Mid all that strive for virtue's crown hath foremost place.
Among all those who labour (for future happiness) he is greatest who lives well in the household state.
", Domestic Life,இல்வாழ்க்கை,இல்லறவியல்,Domestic Virtue,VIRTUE,அறத்துப்பால்
48,ஆற்றின் ஒழுக்கி அறனிழுக்கா இல்வாழ்க்கை நோற்பாரின் நோன்மை உடைத்து,"If one lives by the right virtues and assists others to do the same,
such a family life is better than the penance of saints","மற்றவரை அறநெறியில் ஒழுகச்செய்து தானும்அறம் தவறாத இல்வாழ்க்கை , தவம் செய்வாரைவிட மிகச்சிறந்த வல்லமை உடைய வாழ்க்கையாகும்.","Others it sets upon their way, itself from virtue ne'er declines;
Than stern ascetics' pains such life domestic brighter shines.
The householder who, not swerving from virtue, helps the ascetic in his way, endures more than those who endure penance.", Domestic Life,இல்வாழ்க்கை,இல்லறவியல்,Domestic Virtue,VIRTUE,அறத்துப்பால்
49,அறன்எனப் பட்டதே இல்வாழ்க்கை அஃதும் பிறன்பழிப்ப தில்லாயின் நன்று,"True virtue is to lead a harmonious family life;
it is even better if it is beyond others’ blame.",அறம் என்று சிறப்பித்து சொல்லப்பட்டது இல்வாழ்க்கையே ஆகும். அதுவும் மற்றவன் பழிக்கும் குற்றம் இல்லாமல் விளங்கினால் மேலும் நன்மையாகும்.,"The life domestic rightly bears true virtue's name;
That other too, if blameless found, due praise may claim.
The marriage state is truly called virtue. The other state is also good, if others do not reproach it.", Domestic Life,இல்வாழ்க்கை,இல்லறவியல்,Domestic Virtue,VIRTUE,அறத்துப்பால்
50,வையத்துள் வாழ்வாங்கு வாழ்பவன் வான்உறையும் தெய்வத்துள் வைக்கப் படும்,"One who lives worldly life the way it ought to be lived
will be treated on par with the Gods inhabiting the heavens.","உலகத்தில் வாழவேண்டிய அறநெறியில் நின்று வாழ்கிறவன், வானுலகத்தில் உள்ள தெய்வ முறையில் வைத்து மதிக்கப்படுவான்.","Who shares domestic life, by household virtues graced,
Shall, mid the Gods, in heaven who dwell, be placed.
He who on earth has lived in the conjugal state as he should live, will be placed among the Gods who dwell in heaven.", Domestic Life,இல்வாழ்க்கை,இல்லறவியல்,Domestic Virtue,VIRTUE,அறத்துப்பால்
51,மனைத்தக்க மாண்புடையள் ஆகித்தற் கொண்டான் வளத்தக்காள் வாழ்க்கைத் துணை,"A spouse who possesses virtues required for the family
and spends within the means is the ideal life partner.",இல்வாழ்க்கைக்கு ஏற்ற நற்பண்பு உடையவளாகித் தன்கணவனுடைய பொருள் வளத்துக்குத் தக்க வாழ்க்கை நடத்துகிறவளே வாழ்க்கைத்துணை ஆவாள்.,"As doth the house beseem, she shows her wifely dignity;
As doth her husband's wealth befit, she spends: help - meet is she.
She who has the excellence of home virtues, and can expend within the means of her husband, is a help in the domestic state.", The Goodness of the Help to Domestic Life,புதல்வரைப் பெறுதல்,இல்லறவியல்,Domestic Virtue,VIRTUE,அறத்துப்பால்
52,மனைமாட்சி இல்லாள்கண் இல்லாயின் வாழ்க்கை எனைமாட்சித் தாயினும் இல்,"If your spouse doesnt possess the virtues needed for married life,
whatever else you possess in life is irrelevant.","இல்வாழ்க்கைக்கு தக்க நற்பண்பு மனைவியிடம் இல்லையானால், ஒருவனுடைய வாழ்க்கை வேறு எவ்வளவு சிறப்புடையதானாலும் பயன் இல்லை.","If household excellence be wanting in the wife,
Howe'er with splendour lived, all worthless is the life.
If the wife be devoid of domestic excellence, whatever (other) greatness be possessed, the conjugal state, is nothing.", The Goodness of the Help to Domestic Life,புதல்வரைப் பெறுதல்,இல்லறவியல்,Domestic Virtue,VIRTUE,அறத்துப்பால்
53,இல்லதென் இல்லவள் மாண்பானால் உள்ளதென் இல்லவள் மாணாக் கடை,"If your spouse has the qualities suited for family life,
what is it that you dont have? If not, what is it that you have?",மனைவி நற்பண்பு உடையவளானால் வாழ்க்கையில் இல்லாதது என்ன? அவள் நற்பண்பு இல்லாதவளானால் வாழ்க்கையில் இருப்பது என்ன?,"There is no lack within the house, where wife in worth excels,
There is no luck within the house, where wife dishonoured dwells.
If his wife be eminent (in virtue), what does (that man) not possess ? If she be without excellence, what does (he) possess ?", The Goodness of the Help to Domestic Life,புதல்வரைப் பெறுதல்,இல்லறவியல்,Domestic Virtue,VIRTUE,அறத்துப்பால்
54,பெண்ணின் பெருந்தக்க யாவுள கற்பென்னும் திண்மைஉண் டாகப் பெறின்,"If your spouse is strongly virtuous, can there be
anything worthier that your spouse?","இல்வாழ்க்கையில் கற்பு என்னும் உறுதிநிலை இருக்கப் பெற்றால், பெண்ணைவிட பெருமையுடையவை வேறு என்ன இருக்கின்றன?","If woman might of chastity retain,
What choicer treasure doth the world contain?
What is more excellent than a wife, if she possess the stability of chastity ?", The Goodness of the Help to Domestic Life,புதல்வரைப் பெறுதல்,இல்லறவியல்,Domestic Virtue,VIRTUE,அறத்துப்பால்
55,தெய்வம் தொழாஅள் கொழுநற் றொழுதெழுவாள் பெய்யெனப் பெய்யும் மழை,"Rain will pour instantly at the order of a wife
who prays not to God but to her husband.",வேறு தெய்வம் தொழாதவளாய்த் தன் கணவனையே தெய்வமாகக் கொண்டு தொழுது துயிலெழுகின்றவள் பெய் என்றால் மழை பெய்யும்.,"No God adoring, low she bends before her lord;
Then rising, serves: the rain falls instant at her word!
If she, who does not worship God, but who rising worships her husband, say, ""let it rain,"" it will rain.
", The Goodness of the Help to Domestic Life,புதல்வரைப் பெறுதல்,இல்லறவியல்,Domestic Virtue,VIRTUE,அறத்துப்பால்
56,தற்காத்துத் தற்கொண்டாற் பேணித் தகைசான்ற சொற்காத்துச் சோர்விலாள் பெண்,"A woman not only protects herself, but tirelessly takes care
of her husband and preserves the family reputation.","கற்பு நெறியில் தன்னையும் காத்துக்கொண்டு, தன்கணவனையும் காப்பாற்றி, தகுதியமைந்த புகழையும் காத்து உறுதி தளராமல் வாழ்கின்றவளே பெண்.","Who guards herself, for husband's comfort cares, her household's fame,
In perfect wise with sleepless soul preserves, -give her a woman's name.
She is a wife who unweariedly guards herself, takes care of her husband, and preserves an unsullied fame", The Goodness of the Help to Domestic Life,புதல்வரைப் பெறுதல்,இல்லறவியல்,Domestic Virtue,VIRTUE,அறத்துப்பால்
57,சிறைகாக்கும் காப்பெவன் செய்யும் மகளிர் நிறைகாக்கும் காப்பே தலை,"Is it of any use to possess women by imposing physical barriers?
A woman will remain virtuous only on her own volition.",மகளிரைக் காவல் வைத்துக் காக்கும் காப்பு முறை என்ன பயனை உண்டாக்கும்? அவர்கள் நிறை என்னும் பண்பால் தம்மைத் தான் காக்கும் கற்பே சிறிந்தது.,"Of what avail is wat ch and ward?
Honour's woman's safest guard.
What avails the guard of a prison ? The chief guard of a woman is her chastity.", The Goodness of the Help to Domestic Life,புதல்வரைப் பெறுதல்,இல்லறவியல்,Domestic Virtue,VIRTUE,அறத்துப்பால்
58,பெற்றாற் பெறின்பெறுவர் பெண்டிர் பெருஞ்சிறப்புப் புத்தேளிர் வாழும் உலகு,"If a woman gets a spouse with great character,
she will enjoy the glory of heaven on earth.",கணவனைப் போற்றிக் கடமையைச் செய்யப்பெற்றால் மகளிர் பெரிய சிறப்பை உடைய மேலுலகவாழ்வைப் பெறுவர்.,"If wife be wholly true to him who gained her as his bride,
Great glory gains she in the world where gods bliss abide.
If women shew reverence to their husbands, they will obtain great excellence in the world where the gods flourish.", The Goodness of the Help to Domestic Life,புதல்வரைப் பெறுதல்,இல்லறவியல்,Domestic Virtue,VIRTUE,அறத்துப்பால்
59,புகழ்புரிந் தில்லிலோர்க் கில்லை இகழ்வார்முன் ஏறுபோல் பீடு நடை,"Those who dont have respectable family lives,
will not be able to stride with a lion-like pride before their opponents.","புகழைக் காக்க விரும்பும் மனைவி இல்லாதவர்க்கு, இகழ்ந்து பேசும் பகைவர் முன் காளை போல் நடக்கும் பெருமித நடை இல்லை.","Who have not spouses that in virtue's praise delight,
They lion-like can never walk in scorner's sight.
The man whose wife seeks not the praise (of chastity) cannot walk with lion-like stately step, before those who revile them.", The Goodness of the Help to Domestic Life,புதல்வரைப் பெறுதல்,இல்லறவியல்,Domestic Virtue,VIRTUE,அறத்துப்பால்
60,மங்கலம் என்ப மனைமாட்சி மற்றதன் நன்கலம் நன்மக்கட் பேறு,"A great harmonious married life is a boon;
having good offsprings adds luster to it.",மனைவியின் நற்பண்பே இல்வாழ்க்கைக்கு மங்கலம் என்று கூறுவர்: நல்ல மக்களைப் பெறுதலே அதற்கு நல்லணிகலம் என்று கூறுவர்.,"The house's 'blessing', men pronounce the house-wife excellent;
The gain of blessed children is its goodly ornament.
The excellence of a wife is the good of her husband; and good children are the jewels of that goodness", The Goodness of the Help to Domestic Life,புதல்வரைப் பெறுதல்,இல்லறவியல்,Domestic Virtue,VIRTUE,அறத்துப்பால்
61,பெறுமவற்றுள் யாமறிவ தில்லை அறிவறிந்த மக்கட்பே றல்ல பிற,"Other than having children who are wise enough to know what needs to be known,
there is no other treasure that I value more.","பெறத்தகுந்த பேறுகளில் அறிய வேண்டியவைகளை அறியும் நன்மக்களைப் பெறுவதைத் தவிர, மற்றப்பேறுகளை யாம் மதிப்பதில்லை.","Of all that men acquire, we know not any greater gain,
Than that which by the birth of learned children men obtain.
Among all the benefits that may be acquired, we know no greater benefit than the acquisition of intelligent children.",The Obtaining of Sons,வாழ்க்கைத் துணைநலம்,இல்லறவியல்,Domestic Virtue,VIRTUE,அறத்துப்பால்
62,எழுபிறப்பும் தீயவை தீண்டா பழிபிறங்காப் பண்புடை மக்கட் பெறின்,"No harm will befell one for even seven births, if one gives birth
to children who have irreproachable character.",பழி இல்லாத நல்ல பண்பு உடைய மக்களைப்பெற்றால் ஒருவனுக்கு ஏழு பிறவியிலும் தீவினைப் பயனாகிய துன்பங்கள் சென்று சேரா.,"Who children gain, that none reproach, of virtuous worth,
No evils touch them, through the sev'n-fold maze of birth.
The evils of the seven births shall not touch those who abtain children of a good disposition, free from vice.
",The Obtaining of Sons,வாழ்க்கைத் துணைநலம்,இல்லறவியல்,Domestic Virtue,VIRTUE,அறத்துப்பால்
63,தம்பொருள் என்பதம் மக்கள் அவர்பொருள் தந்தம் வினையான் வரும்,"One’s children are defined as one’s wealth; the wealth that
the children make will be through their own deeds.",தம்மக்களே தம்முடைய பொருள்கள் என்று அறிஞர் கூறுவர். மக்களாகிய அவர்தம் பொருள்கள் அவரவருடைய வினையின் பயனால் வந்து சேரும்.,"Man's children are his fortune,' say the wise;
From each one's deeds his varied fortunes rise.
Men will call their sons their wealth, because it flows to them through the deeds which they (sons) perform on their behalf.",The Obtaining of Sons,வாழ்க்கைத் துணைநலம்,இல்லறவியல்,Domestic Virtue,VIRTUE,அறத்துப்பால்
64,அமிழ்தினும் ஆற்ற இனிதேதம் மக்கள் சிறுகை அளாவிய கூழ்,"The porridge stirred playfully with the tiny hands
of one’s children is sweeter than nectar.","தம்முடைய மக்களின் சிறு கைகளால் அளாவப்பெற்ற உணவு, பெற்றோர்க்கு அமிழ்தத்தை விட மிக்க இனிமை உடையதாகும்.","Than God's ambrosia sweeter far the food before men laid,
In which the little hands of children of their own have play'd.
The rice in which the little hand of their children has dabbled will be far sweeter (to the parent) than ambrosia.",The Obtaining of Sons,வாழ்க்கைத் துணைநலம்,இல்லறவியல்,Domestic Virtue,VIRTUE,அறத்துப்பால்
65,மக்கள்மெய் தீண்டல் உடற்கின்பம் மற்றவர் சொற்கேட்டல் இன்பம் செவிக்கு,"The tender skin of one’s children is joyous to touch;
their sweet voices rapturous to hear.",மக்களின் உடம்பைத் தொடுதல் உடம்பிற்கு இன்பம் தருவதாகும்: அம் மக்களின் மழலைச் சொற்களைக் கேட்டால் செவிக்கு இன்பம் தருவதாகும்.,"To patent sweet the touch of children dear;
Their voice is sweetest music to his ear.
The touch of children gives pleasure to the body, and the hearing of their words, pleasure to the ear.
",The Obtaining of Sons,வாழ்க்கைத் துணைநலம்,இல்லறவியல்,Domestic Virtue,VIRTUE,அறத்துப்பால்
66,குழலினி தியாழினி தென்பதம் மக்கள் மழலைச்சொல் கேளா தவர்,"Only those who don’t listen to their baby’s sweet babble
will claim that a flute or yaazh sounds melodious.",தம் மக்களின் மழலைச் சொல்லைக் கேட்டு அதன் இனிமையை நுகராதவரே குழலின் இசை இனியது யாழின் இசை இனியது என்று கூறுவர்.,"The pipe is sweet,' 'the lute is sweet,' by them't will be averred,
Who music of their infants' lisping lips have never heard.
""The pipe is sweet, the lute is sweet,"" say those who have not heard the prattle of their own children.
",The Obtaining of Sons,வாழ்க்கைத் துணைநலம்,இல்லறவியல்,Domestic Virtue,VIRTUE,அறத்துப்பால்
67,தந்தை மகற்காற்றும் நன்றி அவையத்து முந்தி இருப்பச் செயல்,"The duty of a father towards his children is to give them
a headstart in knowledge over the best of scholars.","தந்தை தன் மகனுக்குச் செய்யத்தக்க நல்லுதவி, கற்றவர் கூட்டத்தில் தன் மகன் முந்தியிருக்கும்படியாக அவனைக் கல்வியில் மேம்படச் செய்தலாகும்.","Sire greatest boon on son confers, who makes him meet,
In councils of the wise to fill the highest seat.
The benefit which a father should confer on his son is to give him precedence in the assembly of the learned.
",The Obtaining of Sons,வாழ்க்கைத் துணைநலம்,இல்லறவியல்,Domestic Virtue,VIRTUE,அறத்துப்பால்
68,தம்மின்தம் மக்கள் அறிவுடைமை மாநிலத்து மன்னுயிர்க் கெல்லாம் இனிது,"All living creatures on this earth feel prouder
when their children are smarter than themselves.",தம் மக்களின் அறிவுடைமை தமக்கு இன்பம் பயப்பதை விட உலகத்து உயிர்களுக்கேல்லாம் மிகுந்த இன்பம் பயப்பதாகும்.,"Their children's wisdom greater than their own confessed,
Through the wide world is sweet to every human breast.
That their children should possess knowledge is more pleasing to all men of this great earth than to themselves.",The Obtaining of Sons,வாழ்க்கைத் துணைநலம்,இல்லறவியல்,Domestic Virtue,VIRTUE,அறத்துப்பால்
69,ஈன்ற பொழுதின் பெரிதுவக்கும் தன்மகனைச் சான்றோன் எனக்கேட்ட தாய்,"A mother feels more ecstatic to hear her son being praised
as a noble scholar than when the son was born.","தன் மகனை நற்பண்பு நிறைந்தவன் என பிறர் சொல்லக் கேள்வியுற்ற தாய், தான் அவனை பெற்றக் காலத்தில் உற்ற மகிழ்ச்சியை விடப் பெரிதும் மகிழ்வாள்.","When mother hears him named 'fulfill'd of wisdom's lore,'
Far greater joy she feels, than when her son she bore.
The mother who hears her son called ""a wise man"" will rejoice more than she did at his birth.",The Obtaining of Sons,வாழ்க்கைத் துணைநலம்,இல்லறவியல்,Domestic Virtue,VIRTUE,அறத்துப்பால்
70,மகன் தந்தைக் காற்றும் உதவி இவன்தந்தை என்நோற்றான் கொல்லெனும் சொல்,"The duty of a son towards his father is to make others wonder
what great deeds did the father do to deserve such a son.","மகன் தன் தந்தைக்குச் செய்யத் தக்க கைம்மாறு, இவன் தந்தை இவனை மகனாகப் பெற என்ன தவம் செய்தானோ என்று பிறர் புகழ்ந்து சொல்லும் சொல்லாகும்.","To sire, what best requital can by grateful child be done?
To make men say, 'What merit gained the father such a son?'
(So to act) that it may be said ""by what great penance did his father beget him,"" is the benefit which a son should render to his father.",The Obtaining of Sons,வாழ்க்கைத் துணைநலம்,இல்லறவியல்,Domestic Virtue,VIRTUE,அறத்துப்பால்
71,அன்பிற்கும் உண்டோ அடைக்குந்தாழ் ஆர்வலர் புண்கணீர் பூசல் தரும்,"Can there be a latch to lock in and hide love?
It will reveal itself through tears when a loved one is in trouble.",அன்புக்கும் அடைத்து வைக்கும் தாழ் உண்டோ? அன்புடையவரின் சிறு கண்ணீரே ( உள்ளே இருக்கும் அன்பைப் ) பலரும் அறிய வெளிப்படுத்திவிடும்,"And is there bar that can even love restrain?
The tiny tear shall make the lover's secret plain.
Is there any fastening that can shut in love ? Tears of the affectionate will publish the love that is within.",The Possession of Love,அன்புடைமை,இல்லறவியல்,Domestic Virtue,VIRTUE,அறத்துப்பால்
72,அன்பிலார் எல்லாம் தமக்குரியர் அன்புடையார் என்பும் உரியர் பிறர்க்கு,"Loveless people hold everything to themselves.
Those who are filled with love bear even their bones for others.",அன்பு இல்லாதவர் எல்லாப்பொருள்களையும் தமக்கே உரிமையாகக் கொண்டு வாழ்வார்: அன்பு உடையவர் தம் உடமையும் பிறர்க்கு உரிமையாக்கி வாழ்வர்,"The loveless to themselves belong alone;
The loving men are others' to the very bone.
Those who are destitute of love appropriate all they have to themselves; but those who possess love cons ider even their bones to belong to others.",The Possession of Love,அன்புடைமை,இல்லறவியல்,Domestic Virtue,VIRTUE,அறத்துப்பால்
73,அன்போ டியைந்த வழக்கென்ப ஆருயிர்க்கு என்போ டியைந்த தொடர்பு,"Precious life is associated with the body
Since love is associated with the way of life, they say.","அருமையான உயிர்க்கு உடம்போடு பொருந்தி இருக்கின்ற உறவு, அன்போடு பொருந்தி வாழும் வாழ்க்கையின் பயன்என்று கூறுவர்.","Of precious soul with body's flesh and bone,
The union yields one fruit, the life of love alone.
They say that the union of soul and body in man is the fruit of the union of love and virtue (in a former birth).",The Possession of Love,அன்புடைமை,இல்லறவியல்,Domestic Virtue,VIRTUE,அறத்துப்பால்
74,அன்பீனும் ஆர்வம் உடைமை அதுஈனும் நண்பென்னும் நாடாச் சிறப்பு,"Love yields affection for all,
which leads to invaluable friendships.",அன்பு பிறரிடம் விருப்பம் உடையவராக வாழும் தன்மையைத் தரும்: அஃது எல்லாரிடத்தும் நட்பு என்றுசொல்லப்படும் அளவற்ற சிறப்பைத் தரும்,"From love fond yearning springs for union sweet of minds;
And that the bond of rare excelling friendship binds.
Love begets desire: and that (desire) begets the immeasureable excellence of friendship.",The Possession of Love,அன்புடைமை,இல்லறவியல்,Domestic Virtue,VIRTUE,அறத்துப்பால்
75,அன்புற் றமர்ந்த வழக்கென்ப வையகத்து இன்புற்றார் எய்தும் சிறப்பு,"The honour for those who found joy in this world
Is the result of leading a life of love, it’s said.","உலகத்தில் இன்பம் உற்று வாழ்கின்றவர் அடையும் சிறப்பு, அன்பு உடையவராகிப் பொருந்தி வாழும் வாழ்கையின் பயன் என்று கூறுவர்","Sweetness on earth and rarest bliss above,
These are the fruits of tranquil life of love.
They say that the felicity which those who, after enjoying the pleasure (of the conjugal state) in this world, obtain in heaven is the result of their domestic state imbued with love.",The Possession of Love,அன்புடைமை,இல்லறவியல்,Domestic Virtue,VIRTUE,அறத்துப்பால்
76,அறத்திற்கே அன்புசார் பென்ப அறியார் மறத்திற்கும் அஃதே துணை,"The ignorant think that love is needed only for righteous deeds;
they know not that love is an ally for bravery too.","அறியாதவர், அறத்திற்கு மட்டுமே அன்பு துணையாகும் என்று கூறுவர்:ஆராய்ந்து பார்த்தால் வீரத்திற்க்கும் அதுவே துணையாக நிற்கின்றது","The unwise deem love virtue only can sustain,
It also helps the man who evil would restrain.
The ignorant say that love is an ally to virtue only, but it is also a help to get out of vice.",The Possession of Love,அன்புடைமை,இல்லறவியல்,Domestic Virtue,VIRTUE,அறத்துப்பால்
77,என்பி லதனை வெயில்போலக் காயுமே அன்பி லதனை அறம்,"A life without love will be stung by the righteous conscience
like a body without bones that is burnt by the sun.",எலும்பு இல்லாத உடம்போடு வாழும் புழுவை வெயில் காய்ந்து வருத்துவது போல் அன்பு இல்லாத உயிரை அறம் வருத்தும்.,"As sun's fierce ray dries up the boneless things,
So loveless beings virtue's power to nothing brings.
Virtue will burn up the soul which is without love, even as the sun burns up the creature which is without bone, i.e. worms.",The Possession of Love,அன்புடைமை,இல்லறவியல்,Domestic Virtue,VIRTUE,அறத்துப்பால்
78,அன்பகத் தில்லா உயிர்வாழ்க்கை வன்பாற்கண் வற்றல் மரந்தளிர்த் தற்று,"A life without love in the heart is as futile
as a dried-up tree blossoming in a desert.",அகத்தில் அன்பு இல்லாமல் வாழும் உயிர் வாழக்கை வளமற்ற பாலைநிலத்தில் பட்டமரம் தளிர்த்தாற் போன்றது.,"The loveless soul, the very joys of life may know,
When flowers, in barren soil, on sapless trees, shall blow.
The domestic state of that man whose mind is without love is like the flourishing of a withered tree upon the parched desert.",The Possession of Love,அன்புடைமை,இல்லறவியல்,Domestic Virtue,VIRTUE,அறத்துப்பால்
79,புறத்துறுப் பெல்லாம் எவன்செய்யும் யாக்கை அகத்துறுப் பன்பி லவர்க்கு,"What useful things can external body parts do,
if the heart is devoid of love.",உடம்பின் அகத்து உறுப்பாகிய அன்பு இல்லாதவர்க்கு உடம்பின் புறத்து உறுப்புக்கள் எல்லாம் என்ன பயன் செய்யும்.,"Though every outward part complete, the body's fitly framed;
What good, when soul within, of love devoid, lies halt and maimed?
Of what avail are all the external members (of the body) to those who are destitute of love, the internal member.",The Possession of Love,அன்புடைமை,இல்லறவியல்,Domestic Virtue,VIRTUE,அறத்துப்பால்
80,அன்பின் வழிய துயிர்நிலை அஃதிலார்க்கு என்புதோல் போர்த்த உடம்பு,"Only a person who follows the path of love, is in a state of living;
else it is just a skeleton dressed with skin.",அன்பின் வழியில் இயங்கும் உடம்பே உயிர்நின்ற உடம்பாகும்: அன்பு இல்லாதவர்க்கு உள்ள உடம்பு எலும்பைத் தோல்போர்த்த வெற்றுடம்பே ஆகும்,"Bodies of loveless men are bony framework clad with skin;
Then is the body seat of life, when love resides within.
That body alone which is inspired with love contains a living soul: if void of it, (the body) is bone overlaid with skin.",The Possession of Love,அன்புடைமை,இல்லறவியல்,Domestic Virtue,VIRTUE,அறத்துப்பால்
81,"இருந்தோம்பி இல்வாழ்வ தெல்லாம் விருந்தோம்பி
வேளாண்மை செய்தற் பொருட்டு","The purpose of nurturing wealth and leading a family life,
is to be able to be hospitable to guests.",வீட்டில் இருந்து பொருள்களைக் காத்து இல்வாழ்க்கை நடத்துவதெல்லாம் விருந்தினரைப் போற்றி உதவி செய்யும் பொருட்டே ஆகும்,"All household cares and course of daily life have this in view.
Guests to receive with courtesy, and kindly acts to do.
The whole design of living in the domestic state and laying up (property) is (to be able) to exercise the
benevolence of hospitality.",Cherishing Guests,விருந்தோம்பல்,இல்லறவியல்,Domestic Virtue,VIRTUE,அறத்துப்பால்
82,"விருந்து புறத்ததாத் தானுண்டல் சாவா
மருந்தெனினும் வேண்டற்பாற் றன்று","Even if you have nectar that will assure immortality,
it is not appreciable to dine alone, leaving the guests out.",விருந்தினராக வந்தவர் வீட்டின் புறத்தே இருக்கத் தான் மட்டும் உண்பது சாவாமருந்தாகிய அமிழ்தமே ஆனாலும் அது விரும்பத்தக்கது அன்று,"Though food of immortality should crown the board,
Feasting alone, the guests without unfed, is thing abhorred.
It is not fit that one should wish his guests to be outside (his house) even though he were eating the food of immortality.",Cherishing Guests,விருந்தோம்பல்,இல்லறவியல்,Domestic Virtue,VIRTUE,அறத்துப்பால்
83,வருவிருந்து வைகலும் ஓம்புவான் வாழ்க்கை பருவந்து பாழ்படுதல் இன்று,"One who is hospitable to guests everyday
never suffers because of that.","தன்னை நோக்கி வரும் விருந்தினரை நாள் தோறும் போற்றுகின்றவனுடைய வாழ்க்கை, துன்பத்தால் வருந்திக் கெட்டுப் போவதில்லை.","Each day he tends the coming guest with kindly care;
Painless, unfailing plenty shall his household share.
The domestic life of the man that daily entertains the guests who come to him shall not be laid waste by poverty.",Cherishing Guests,விருந்தோம்பல்,இல்லறவியல்,Domestic Virtue,VIRTUE,அறத்துப்பால்
84,அகனமர்ந்து செய்யாள் உறையும் முகனமர்ந்து நல்விருந் தோம்புவான் இல்,"The Goddess of wealth will reside happily with someone
who attends to his guests with a smile on the face.",நல்ல விருந்தினராய் வந்தவரை முகமலர்ச்சி கொண்டு போற்றுகின்றவனுடைய வீட்டில் மனமகிழ்ந்து திருமகள் வாழ்வாள்.,"With smiling face he entertains each virtuous guest,
'Fortune' with gladsome mind shall in his dwelling rest.
Lakshmi with joyous mind shall dwell in the house of that man who, with cheerful countenance, entertains the good as guests.",Cherishing Guests,விருந்தோம்பல்,இல்லறவியல்,Domestic Virtue,VIRTUE,அறத்துப்பால்
85,வித்தும் இடல்வேண்டும் கொல்லோ விருந்தோம்பி மிச்சில் மிசைவான் புலம்,"Does one even need to sow his field, if he always eats
only what remains after feeding his guests?",விருந்தினரை முன்னே போற்றி உணவளித்து மிஞ்சிய உணவை உண்டு வாழ்கின்றவனுடைய நிலத்தில் விதையும் விதைக்க வேண்டுமோ?,"Who first regales his guest, and then himself supplies,
O'er all his fields, unsown, shall plenteous harvests rise.
Is it necessary to sow the field of the man who, having feasted his guests, eats what may remain ?
",Cherishing Guests,விருந்தோம்பல்,இல்லறவியல்,Domestic Virtue,VIRTUE,அறத்துப்பால்
86,செல்விருந் தோம்பி வருவிருந்து பார்த்திருப்பான் நல்விருந்து வானத் தவர்க்கு,"One who is hospitable to his guests, and when they leave,
awaits his next guests, will be a welcome-guest in the heavens.","வந்த விருந்தினரைப் போற்றி, இனிவரும் விருந்தினரை எதிர் பார்த்திருப்பவன், வானுலகத்தில் உள்ள தேவர்க்கும் நல்ல விருந்தினனாவான்","The guest arrived he tends, the coming guest expects to see;
To those in heavenly homes that dwell a welcome guest is he.
He who, having entertained the guests that have come, looks out for others who may yet come, will be a welcome guest to the inhabitants of heaven.",Cherishing Guests,விருந்தோம்பல்,இல்லறவியல்,Domestic Virtue,VIRTUE,அறத்துப்பால்
87,இனைத்துணைத் தென்பதொன் றில்லை விருந்தின் துணைத்துணை வேள்விப் பயன்,"We can’t quantify the benefits of hospitality; it is limited
only by the quality of the guests.","விருந்தோம்புதலாகிய வேள்வியின் பயன் இவ்வளவு என்று அளவு படுத்தி கூறத்தக்கது அன்று, விருந்தினரின் தகுதிக்கு ஏற்ற அளவினதாகும்","To reckon up the fruit of kindly deeds were all in vain;
Their worth is as the worth of guests you entertain.
The advantages of benevolence cannot be measured; the measure (of the virtue) of the guests (entertained) is the only measure.",Cherishing Guests,விருந்தோம்பல்,இல்லறவியல்,Domestic Virtue,VIRTUE,அறத்துப்பால்
88,பரிந்தோம்பிப் பற்றற்றேம் என்பர் விருந்தோம்பி வேள்வி தலைப்படா தார்,"Those who dont take up hospitality as a spiritual ritual,
will later repent that they have lost the wealth they loved.",விருந்தினரை ஓம்பி அந்த வேள்வியில் ஈடுபடாதவர் பொருள்களை வருந்திக்காத்துப் (பின்பு இழந்து) பற்றுக்கொடு இழந்தோமே என்று இரங்குவர்,"With pain they guard their stores, yet 'All forlorn are we,' they'll cry,
Who cherish not their guests, nor kindly help supply.
Those who have taken no part in the benevolence of hospitality shall (at length lament) saying, ""we have laboured and laid up wealth and are now without support.""",Cherishing Guests,விருந்தோம்பல்,இல்லறவியல்,Domestic Virtue,VIRTUE,அறத்துப்பால்
89,உடைமையுள் இன்மை விருந்தோம்பல் ஓம்பா மடமை மடவார்கண் உண்டு,"There are fools who choose to be poor despite possessing wealth,
by not being hospitable to guests.",செல்வநிலையில் உள்ள வறுமை என்பது விருந்தோம்புதலைப் போற்றாத அறியாமையாகும்: அஃது அறிவிலிகளிடம் உள்ளதாகும்.,"To turn from guests is penury, though worldly goods abound;
'Tis senseless folly, only with the senseless found.
That stupidity which excercises no hospitality is poverty in the midst of wealth. It is the property of the stupid.",Cherishing Guests,விருந்தோம்பல்,இல்லறவியல்,Domestic Virtue,VIRTUE,அறத்துப்பால்
90,மோப்பக் குழையும் அனிச்சம் முகந்திரிந்து நோக்கக் குழையும் விருந்து,"The flower, anicham, shrivels when it is smelt. A guest will wilt
if the host’s face betrays the slightest twitch.",அனிச்சப்பூ மோந்தவுடன் வாடிவிடும்: அதுபோல் முகம் மலராமல் வேறு பட்டு நோக்கியவுடன் விருந்தினர் வாடி நிற்பார்.,"The flower of 'Anicha' withers away, If you do but its fragrance inhale;
If the face of the host cold welcome convey, The guest's heart within him will fail.
As the Anicham flower fades in smelling, so fades the guest when the face is turned away.",Cherishing Guests,விருந்தோம்பல்,இல்லறவியல்,Domestic Virtue,VIRTUE,அறத்துப்பால்
91,இன்சொலால் ஈரம் அளைஇப் படிறிலவாம் செம்பொருள் கண்டார்வாய்ச் சொல்,"The words uttered by enlightened scholars will only be
kind words carrying love and no malice.","அன்பு கலந்து வஞ்சம் அற்றவைகளாகிய சொற்கள், மெய்ப்பொருள் கண்டவர்களின் வாய்ச்சொற்கள் இன்சொற்களாகும்.","Pleasant words are words with all pervading love that burn;
Words from his guileless mouth who can the very truth discern.
Sweet words are those which imbued with love and free from deceit flow from the mouth of the virtuous.
",The Utterance of Pleasant Wordse,இனியவை கூறல்,இல்லறவியல்,Domestic Virtue,VIRTUE,அறத்துப்பால்
92,அகன்அமர்ந் தீதலின் நன்றே முகனமர்ந்து இன்சொலன் ஆகப் பெறின்,"To be someone who speaks sweet words with a smile
is even better than being philanthropic with a happy heart.","முகம் மலர்ந்து இன்சொல் உடையவனாக இருக்கப்பெற்றால், மனம் மகிழ்ந்து பொருள் கொடுக்கும் ஈகையைவிட நல்லதாகும்.","A pleasant word with beaming smile's preferred,
Even to gifts with liberal heart conferred.
Sweet speech, with a cheerful countenance is better than a gift made with a joyous mind.
",The Utterance of Pleasant Wordse,இனியவை கூறல்,இல்லறவியல்,Domestic Virtue,VIRTUE,அறத்துப்பால்
93,முகத்தான் அமர்ந்தின்து நோக்கி அகத்தானாம் இன்சொ லினதே அறம்,"To look at someone with kindness, to smile at them
and to say pleasant words, is a nice virtue.",முகத்தால் விரும்பி- இனிமையுடன் நோக்கி- உள்ளம் கலந்து இன்சொற்களைக் கூறும் தன்மையில் உள்ளதே அறமாகும்.,"With brightly beaming smile, and kindly light of loving eye,
And heart sincere, to utter pleasant words is charity.
Sweet speech, flowing from the heart (uttered) with a cheerful countenance and a sweet look, is true virtue.
",The Utterance of Pleasant Wordse,இனியவை கூறல்,இல்லறவியல்,Domestic Virtue,VIRTUE,அறத்துப்பால்
94,துன்புறூஉம் துவ்வாமை இல்லாகும் யார்மாட்டும் இன்புறூஉம் இன்சொ லவர்க்கு,"Painful poverty will not afflict someone who speaks
only pleasant words to everyone.",யாரிடத்திலும் இன்புறத்தக்க இன்சொல் வழங்குவோர்க்குத் துன்பத்தை மிகுதிபடுத்தும் வறுமை என்பது இல்லையாகும்.,"The men of pleasant speech that gladness breathe around,
Through indigence shall never sorrow's prey be found.
Sorrow-increasing poverty shall not come upon those who use towards all, pleasure-increasing sweetness of speech.",The Utterance of Pleasant Wordse,இனியவை கூறல்,இல்லறவியல்,Domestic Virtue,VIRTUE,அறத்துப்பால்
95,பணிவுடையன் இன்சொலன் ஆதல் ஒருவற்கு அணியல்ல மற்றுப் பிற,"Humility and pleasant words are the true jewels
for anyone and not anything else.",வணக்கம் உடையவனாகவும் இன்சொல் வழங்குவோனாகவும் ஆதலே ஒருவனுக்கு அணிகலனாகும் மற்றவை அணிகள் அல்ல.,"Humility with pleasant speech to man on earth,
Is choice adornment; all besides is nothing worth.
Humility and sweetness of speech are the ornaments of man; all others are not (ornaments).
",The Utterance of Pleasant Wordse,இனியவை கூறல்,இல்லறவியல்,Domestic Virtue,VIRTUE,அறத்துப்பால்
96,அல்லவை தேய அறம்பெருகும் நல்லவை நாடி இனிய சொலின்,"If one seeks and speaks pleasant words that cause good all around,
righteousness resides and harm recedes.","பிறர்க்கு நன்மையானவற்றை நாடி இனிமை உடையச் சொற்களைச் சொல்லின், பாவங்கள் தேய்ந்து குறைய அறம் வளர்ந்து பெருகும்.","Who seeks out good, words from his lips of sweetness flow;
In him the power of vice declines, and virtues grow.
If a man, while seeking to speak usefully, speaks also sweetly, his sins will diminish and his virtue increase.
",The Utterance of Pleasant Wordse,இனியவை கூறல்,இல்லறவியல்,Domestic Virtue,VIRTUE,அறத்துப்பால்
97,நயன்ஈன்று நன்றி பயக்கும் பயன்ஈன்று பண்பின் தலைப்பிரியாச் சொல்,"Speech that is inseparable from sweetness will yield
just-consequences and will reflect right virtues.","பிறர்க்கு நன்மையான பயனைத் தந்து நல்ல பண்பிலிருந்து நீங்காத சொற்கள்,வழங்குவோனுக்கும் இன்பம் தந்து நன்மை பயக்கும்.","The words of sterling sense, to rule of right that strict adhere,
To virtuous action prompting, blessings yield in every sphere.
That speech which, while imparting benefits ceases not to please, will yield righteousness (for this world) and merit (for the next world).",The Utterance of Pleasant Wordse,இனியவை கூறல்,இல்லறவியல்,Domestic Virtue,VIRTUE,அறத்துப்பால்
98,சிறுமையுள் நீங்கிய இன்சொல் மறுமையும் இம்மையும் இன்பம் தரும்,"A sweet word, said without the slightest spite,
will provide delight in this life and the next.",பிறர்க்குத் துன்பம் விளைக்கும் சிறுமையிலிருந்து நீங்கிய இனிய சொற்கள் மறுமைக்கும் இம்மைக்கும் வழங்குவோனுக்கு இன்பம் தரும் .,"Sweet kindly words, from meanness free, delight of heart,
In world to come and in this world impart.
Sweet speech, free from harm to others, will give pleasure both in this world and in the next.",The Utterance of Pleasant Wordse,இனியவை கூறல்,இல்லறவியல்,Domestic Virtue,VIRTUE,அறத்துப்பால்
99,இன்சொல் இனிதீன்றல் காண்பான் எவன்கொலோ வன்சொல் வழங்கு வது,"Having seen the sweet benefits of pleasant words,
why should one utter harsh words?","இனிய சொற்கள் இன்பம் பயத்தலைக் காண்கின்றவன், அவற்றிற்கு மாறான வன்சொற்களை வழங்குவது என்ன பயன் கருதியோ?","Who sees the pleasure kindly speech affords,
Why makes he use of harsh, repellant words?
Why does he use harsh words, who sees the pleasure which sweet speech yields ?",The Utterance of Pleasant Wordse,இனியவை கூறல்,இல்லறவியல்,Domestic Virtue,VIRTUE,அறத்துப்பால்
100,இனிய உளவாக இன்னாத கூறல் கனிஇருப்பக் காய்கவர்ந் தற்று,"To be nasty when you can say nice words, is like
tasting an unripe fruit when you have a ripe one.",இனிய சொற்கள் இருக்கும் போது அவற்றை விட்டுக் கடுமையான சொற்களைக் கூறுதல் கனிகள் இருக்கும் போது அவற்றை விட்டு காய்களைப் பறித்துத் தின்பதைப் போன்றது .,"When pleasant words are easy, bitter words to use,
Is, leaving sweet ripe fruit, the sour unripe to choose.
To say disagreeable things when agreeable are at hand is like eating unripe fruit when there is ripe.",The Utterance of Pleasant Wordse,இனியவை கூறல்,இல்லறவியல்,Domestic Virtue,VIRTUE,அறத்துப்பால்
101,செய்யாமல் செய்த உதவிக்கு வையகமும் வானகமும் ஆற்றல் அரிது,"A favour done, not as return for another, is more valuable than
heaven and earth put together.",தான் ஓர் உதவியும் முன் செய்யாதிருக்கப் பிறன் தனக்கு செய்த உதவிக்கு மண்ணுலகத்தையும் விண்ணுலகத்தையும் கைமாறாகக் கொடுத்தாலும் ஈடு ஆக முடியாது,"Assistance given by those who ne'er received our aid,
Is debt by gift of heaven and earth but poorly paid.
(The gift of) heaven and earth is not an equivalent for a benefit which is conferred where none had been received.",The Knowledge of Benefits Conferred: Gratitude,செய்நன்றியறிதல்,இல்லறவியல்,Domestic Virtue,VIRTUE,அறத்துப்பால்
102,காலத்தி னாற்செய்த நன்றி சிறிதெனினும் ஞாலத்தின் மாணப் பெரிது,"A timely favour, however trivial
its material value is, is invaluable.","உற்ற காலத்தில் ஒருவன் செய்த உதவி சிறிதளவாக இருந்தாலும், அதன் தன்மையை அறிந்தால் உலகைவிட மிகப் பெரிதாகும்.","A timely benefit, -though thing of little worth,
The gift itself, -in excellence transcends the earth.
A favour conferred in the time of need, though it be small (in itself), is (in value) much larger than the world.",The Knowledge of Benefits Conferred: Gratitude,செய்நன்றியறிதல்,இல்லறவியல்,Domestic Virtue,VIRTUE,அறத்துப்பால்
103,பயன்தூக்கார் செய்த உதவி நயன்தூக்கின் நன்மை கடலின் பெரிது,"If we delve into the real impact of a favour,
done without calculating the returns, it is vaster than the ocean.",இன்ன பயன் கிடைக்கும் என்றுஆராயாமல் ஒருவன் செய்த உதவியின் அன்புடைமையை ஆராய்ந்தால் அதன் நன்மை கடலைவிட பெரியதாகும் .,"Kindness shown by those who weigh not what the return may be:
When you ponder right its merit, 'T is vaster than the sea.
If we weigh the excellence of a benefit which is conferred without weighing the return, it is larger than the sea.",The Knowledge of Benefits Conferred: Gratitude,செய்நன்றியறிதல்,இல்லறவியல்,Domestic Virtue,VIRTUE,அறத்துப்பால்
104,தினைத்துணை நன்றி செயினும் பனைத்துணையாக் கொள்வர் பயன்தெரி வார்,"Those who know the value of a favour, will not evaluate its worth,
even if a favour done is a minor one.","ஒருவன் தினையளவாகிய உதவியைச் செய்த போதிலும் அதன் பயனை ஆராய்கின்றவர், அதனையே பனையளவாகக் கொண்டு போற்றுவர்.","Each benefit to those of actions' fruit who rightly deem,
Though small as millet-seed, as palm-tree vast will seem.
Though the benefit conferred be as small as a millet seed, those who know its advantage will consider it as large as a palmyra fruit.",The Knowledge of Benefits Conferred: Gratitude,செய்நன்றியறிதல்,இல்லறவியல்,Domestic Virtue,VIRTUE,அறத்துப்பால்
105,உதவி வரைத்தன் றுதவி உதவி செயப்பட்டார் சால்பின் வரைத்து,"A favour returned, is not to be based on quantum of favour done,
but on the magnanimity of the person who did the favour.","கைமாறாகச் செய்யும் உதவி முன் செய்த உதவியின் அளவை உடையது அன்று, உதவி செய்யப்பட்டவற்றின் பண்புக்கு ஏற்ற அளவை உடையதாகும்","The kindly aid's extent is of its worth no measure true;
Its worth is as the worth of him to whom the act you do.
The benefit itself is not the measure of the benefit; the worth of those who have received it is its measure
",The Knowledge of Benefits Conferred: Gratitude,செய்நன்றியறிதல்,இல்லறவியல்,Domestic Virtue,VIRTUE,அறத்துப்பால்
106,மறவற்க மாசற்றார் கேண்மை துறவற்க துன்பத்துள் துப்பாயார் நட்பு,"Never forget your ties with a flawless person; never forego the friendship
of those who stood by you during a distress.",குற்றமற்றவரின் உறவை எப்போதும் மறக்கலாகாது: துன்பம் வந்த காலத்தில் உறுதுணையாய் உதவியவர்களின் நட்பை எப்போதும் விடாலாகாது .,"Kindness of men of stainless soul remember evermore!
Forsake thou never friends who were thy stay in sorrow sore!
Forsake not the friendship of those who have been your staff in adversity. Forget not be benevolence of the blameless.",The Knowledge of Benefits Conferred: Gratitude,செய்நன்றியறிதல்,இல்லறவியல்,Domestic Virtue,VIRTUE,அறத்துப்பால்
107,எழுமை எழுபிறப்பும் உள்ளுவர் தங்கண் விழுமந் துடைத்தவர் நட்பு,"One would remember the friendship of those who helped overcome a distress, forever,
even if there are seven births.",தம்முடைய துன்பத்தைப் போக்கி உதவியவரின் நட்பைப் பல்வேறு வகையான பிறவியிலும் மறவாமல் போற்றுவர் பெரியோர்.,"Through all seven worlds, in seven-fold birth, Remains in mem'ry of the wise.
Friendship of those who wiped on earth, The tears of sorrow from their eyes.
(The wise) will remember throughout their seven-fold births the love of those who have wiped away their affliction.",The Knowledge of Benefits Conferred: Gratitude,செய்நன்றியறிதல்,இல்லறவியல்,Domestic Virtue,VIRTUE,அறத்துப்பால்
108,நன்றி மறப்பது நன்றன்று நன்றல்லது அன்றே மறப்பது நன்று,"It is not right to forget the help rendered by someone; it is virtuous
to forget any harm, the moment it is done.",ஒருவரர்முன்செய்த நன்மையை மறப்பது அறம் அன்று; அவர் செய்த தீமையைச் செய்த அப்‌பொழுதே மறந்து விடுவது அறம்.,"Tis never good to let the thought of good things done thee pass away;
Of things not good, 'tis good to rid thy memory that very day.
It is not good to forget a benefit; it is good to forget an injury even in the very moment (in which it is inflicted).",The Knowledge of Benefits Conferred: Gratitude,செய்நன்றியறிதல்,இல்லறவியல்,Domestic Virtue,VIRTUE,அறத்துப்பால்
109,கொன்றன்ன இன்னா செயினும் அவர்செய்த ஒன்றுநன் றுள்ளக் கெடும்,"Even if a person commits murderous injury, it will be overlooked
if he has done one good deed earlier.","முன் உதவி செய்தவர் பின்பு ‌கொன்றார் போன்ற துன்பத்தைச் செய்தாரானாலும், அவர் முன் செய்த ஒரு நன்மையை நினைத்தாலும் அந்தத் துன்பம் கெடும்.","Effaced straightway is deadliest injury,
By thought of one kind act in days gone by.
Though one inflict an injury great as murder, it will perish before the thought of one benefit (formerly) conferred.",The Knowledge of Benefits Conferred: Gratitude,செய்நன்றியறிதல்,இல்லறவியல்,Domestic Virtue,VIRTUE,அறத்துப்பால்
110,எந்நன்றி கொன்றார்க்கும் உய்வுண்டாம் உய்வில்லை செய்ந்நன்றி கொன்ற மகற்கு,"There is salvation for faltering on any virtue
but not for ingratitude.",எந்த அறத்தை அழித்தவர்க்கும் தப்பிப் பிழைக்க வழி உண்டாகும்; ஒருவர் செய்த உதவியை மறந்து அழித்தவனுக்கு உய்வு இல்லை.,"Who every good have killed, may yet destruction flee;
Who 'benefit' has killed, that man shall ne'er 'scape free!
He who has killed every virtue may yet escape; there is no escape for him who has killed a benefit.",The Knowledge of Benefits Conferred: Gratitude,செய்நன்றியறிதல்,இல்லறவியல்,Domestic Virtue,VIRTUE,அறத்துப்பால்
111,தகுதி யெனவொன்று நன்றே பகுதியாற் பாற்பட் டொழுகப் பெறின்,"Neutrality is a great virtue when one practices
impartiality, unfailingly, towards all sections. (Foes, friends, strangers)","அந்தந்தப் பகுதிதோறும் முறையோடு பொருந்தி ஒழுகப்பெற்றால், நடுவுநிலைமை என்று கூறப்படும் அறம் நன்மையாகும்.","If justice, failing not, its quality maintain,
Giving to each his due, -'tis man's one highest gain.
That equity which consists in acting with equal regard to each of (the three) divisions of men [enemies, strangers and friends] is a pre-eminent virtue.",Impartiality,நடுவுநிலைமை,இல்லறவியல்,Domestic Virtue,VIRTUE,அறத்துப்பால்
112,செப்பம் உடையவன் ஆக்கஞ் சிதைவின்றி எச்சத்திற் கேமாப் புடைத்து,"The wealth of one who has a balanced view, will remain intact
and will last for the next generations.",நடுவுநிலைமை உடையவனின் செல்வவளம் அழிவில்லாமல் அவனுடைய வழியில் உள்ளார்க்கும் உறுதியான நன்மை தருவதாகும்.,"The just man's wealth unwasting shall endure,
And to his race a lasting joy ensure.
The wealth of the man of rectitude will not perish, but will bring happiness also to his posterity
",Impartiality,நடுவுநிலைமை,இல்லறவியல்,Domestic Virtue,VIRTUE,அறத்துப்பால்
113,நன்றே தரினும் நடுவிகந்தாம் ஆக்கத்தை அன்றே யொழிய விடல்,"Even if some good comes out of the gains generated by
being unfair, desist from making that gain.",தீமை பயக்காமல் நன்மையே தருவதானாலும் நடுவு நி‌லைமை தவறி உண்டாகும் ஆக்கத்தை அப்போதே கைவிட வேண்டும்.,"Though only good it seem to give, yet gain
By wrong acquired, not e'en one day retain!
Forsake in the very moment (of acquisition) that gain which, though it should bring advantage, is without equity.",Impartiality,நடுவுநிலைமை,இல்லறவியல்,Domestic Virtue,VIRTUE,அறத்துப்பால்
114,தக்கார் தகவிலர் என்ப தவரவர் எச்சத்தாற் காணப் படும்,"Whether a person has been just or unjust in life,
will be ascertained by the nature of offsprings left behind.",நடுவுநிலைமை உடையவர் நடுவுநிலை‌மை இல்லாதவர் என்பது அவரவர்க்குப் பின் எஞ்சி நிற்கும் புகழாலும் பழியாலும் காணப்படும்,"Who just or unjust lived shall soon appear:
By each one's offspring shall the truth be clear.
The worthy and unworthy may be known by the existence or otherwise of good offsprings.
",Impartiality,நடுவுநிலைமை,இல்லறவியல்,Domestic Virtue,VIRTUE,அறத்துப்பால்
115,கேடும் பெருக்கமும் இல்லல்ல நெஞ்சத்துக் கோடாமை சான்றோர்க் கணி,"Ups and downs in life are inevitable; noble scholars are embellished
by not letting their hearts vacillate in either case.",கேடும் ஆக்கமும் வாழ்வில் இல்லாதவை அல்ல; ஆகையால் நெஞ்சில் நடுவுநிலைமை தவறாமல் இருத்தலே சான்றோர்க்கு அழகாகும்.,"The gain and loss in life are not mere accident;
Just mind inflexible is sages' ornament.
Loss and gain come not without cause; it is the ornament of the wise to preserve evenness of mind (under both).",Impartiality,நடுவுநிலைமை,இல்லறவியல்,Domestic Virtue,VIRTUE,அறத்துப்பால்
116,கெடுவல்யான் என்ப தறிகதன் நெஞ்சம் நடுவொரீஇ அல்ல செயின்,"When the heart falters to think unfairly, be alerted
that you are on course for ruination.","தன் நெஞ்சம் நடுவுநிலை நீங்கித் தவறு செய்ய நினைக்குமாயின், நான் கெடப்போகின்றேன் என்று ஒருவன் அறிய வேண்டும்","If, right deserting, heart to evil turn,
Let man impending ruin's sign discern!
Let him whose mind departing from equity commits sin well consider thus within himself, ""I shall perish.""
",Impartiality,நடுவுநிலைமை,இல்லறவியல்,Domestic Virtue,VIRTUE,அறத்துப்பால்
117,கெடுவாக வையா துலகம் நடுவாக நன்றிக்கண் தங்கியான் தாழ்வு,"The world will not think ill of one who has stumbled into poverty
because of being fair and righteous.",நடுவுநிலைமை நின்று அறநெறியில் நிலைத்து வாழகின்றவன் அடைந்த வறுமை நிலையைக் கேடு என கொள்ளாது உலகு.,"The man who justly lives, tenacious of the right,
In low estate is never low to wise man's sight.
The great will not regard as poverty the low estate of that man who dwells in the virtue of equity.",Impartiality,நடுவுநிலைமை,இல்லறவியல்,Domestic Virtue,VIRTUE,அறத்துப்பால்
118,சமன்செய்து சீர்தூக்குங் கோல்போல் அமைந்தொருபாற் கோடாமை சான்றோர்க் கணி,"Like a weighing scale that is balanced and sways correctly,
the grace of noble scholars lies in dispassionate assessment.","முன்னே தான் சமமாக இருந்து, பின்பு பொருளைச் சீர்தூக்கும் துலாக்கோல் போல் அமைந்து, ஒரு பக்கமாக சாயாமல் நடுவுநி‌லைமை போற்றுவது சான்றோர்க்கு அழகாகும்","To stand, like balance-rod that level hangs and rightly weighs,
With calm unbiassed equity of soul, is sages' praise.
To incline to neither side, but to rest impartial as the even-fixed scale is the ornament of the wise.
",Impartiality,நடுவுநிலைமை,இல்லறவியல்,Domestic Virtue,VIRTUE,அறத்துப்பால்
119,சொற்கோட்டம் இல்லது செப்பம் ஒருதலையா உட்கோட்டம் இன்மை பெறின்,"It is righteous to speak words that are not deviant; such words
are a result of unbiased thoughts that are not deviant.","உள்ளத்தில் கோணுதல் இல்லாத தன்மையை உறுதியாகப் பெற்றால், சொல்லிலும் கோணுதல் இல்லாதிருத்தல் நடுவுநிலைமையாம்.","Inflexibility in word is righteousness,
If men inflexibility of soul possess.
F reedom from obliquity of speech is rectitude, if there be (corresponding) freedom from bias of mind.",Impartiality,நடுவுநிலைமை,இல்லறவியல்,Domestic Virtue,VIRTUE,அறத்துப்பால்
120,வாணிகம் செய்வார்க்கு வாணிகம் பேணிப் பிறவும் தமபோல் செயின்,"Responsible business is when a business-person, caringly,
deploys other people’s money as one’s own.","பிறர் பொருளையும் தம் பொருள் போல் போற்றிச் செய்தால், அதுவே வாணிகம் செய்வோர்க்கு உரி‌ய நல்ல வாணிக முறையாகும்.","As thriving trader is the trader known,
Who guards another's interests as his own.
The true merchandize of merchants is to guard and do by the things of others as they do by their own.",Impartiality,நடுவுநிலைமை,இல்லறவியல்,Domestic Virtue,VIRTUE,அறத்துப்பால்
121,அடக்கம் அமரருள் உய்க்கும் அடங்காமை ஆரிருள் உய்த்து விடும்,"Restraint will result in a place among the divine;
lack of it will lead to utter darkness.","அடக்கம் ஒருவனை உயர்த்தித் தேவருள் சேர்க்கும்; அடக்கம் இல்லாதிருத்தல், பொல்லாத இருள் போன்ற தீய வாழ்க்கையில் செலுத்தி விடும்.","Control of self does man conduct to bliss th' immortals share;
Indulgence leads to deepest night, and leaves him there.
Self-control will place (a man) among the Gods; the want of it will drive (him) into the thickest darkness (of hell).",The Possession of Self-restraint,அடக்கமுடைமை,இல்லறவியல்,Domestic Virtue,VIRTUE,அறத்துப்பால்
122,காக்க பொருளா அடக்கத்தை ஆக்கம் அதனினூஉங் கில்லை உயிர்க்கு,"Preserve your restraint as you would preserve your wealth;
for humans, there is no treasure more precious.",அடக்கத்தை உறுதிப் பொருளாகக் கொண்டு போற்றிக் ‌காக்க வேண்டும். அந்த அடக்கத்தைவிட மேம்பட்ட ஆக்கம் உயிர்க்கு இல்லை.,"Guard thou as wealth the power of self-control;
Than this no greater gain to living soul!
Let self-control be guarded as a treasure; there is no greater source of good for man than that.
",The Possession of Self-restraint,அடக்கமுடைமை,இல்லறவியல்,Domestic Virtue,VIRTUE,அறத்துப்பால்
123,செறிவறிந்து சீர்மை பயக்கும் அறிவறிந் தாற்றின் அடங்கப் பெறின்,"The greatness of one, who is wise and follows the right path
by being restrained, will be recognized and appreciated.","அறிய வேண்டியவற்றை அறிந்து, நல்வழியில் அடங்கி ஒழுகப்பெற்றால், அந்த அடக்கம் நல்லோரால் அறியப்பட்டு மேன்மை பயக்கும்.","If versed in wisdom's lore by virtue's law you self restrain.
Your self-repression known will yield you glory's gain.
Knowing that self-control is knowledge, if a man should control himself, in the prescribed course, such self-control will bring him distinction among the wise.",The Possession of Self-restraint,அடக்கமுடைமை,இல்லறவியல்,Domestic Virtue,VIRTUE,அறத்துப்பால்
124,நிலையின் திரியா தடங்கியான் தோற்றம் மலையினும் மாணப் பெரிது,"The stature of one, who doesn’t diverge from the right path
and remains restrained, will belittle a mountain.","தன் நிலையிலிருந்து மாறுபடாமல் அடங்கி ஒழுகுவோனுடைய உயர்வு, மலையின் உயர்வை விட மிகவும் பெரிதாகும்","In his station, all unswerving, if man self subdue,
Greater he than mountain proudly rising to the view.
More lofty than a mountain will be the greatness of that man who without swerving from his domestic state, controls himself.",The Possession of Self-restraint,அடக்கமுடைமை,இல்லறவியல்,Domestic Virtue,VIRTUE,அறத்துப்பால்
125,எல்லார்க்கும் நன்றாம் பணிதல் அவருள்ளும் செல்வர்க்கே செல்வம் தகைத்து,"Humility is a good quality in everyone; in particular,
for the wealthy, it is like their wealth.",பணிவுடையவராக ஒழுகுதல்பொதுவாக எல்லோர்க்கும் நல்லதாகும்; அவர்களுள் சிறப்பாகச் செல்வர்க்கே மற்றொரு செல்வம் போன்றதாகும்.,"To all humility is goodly grace; but chief to them
With fortune blessed, -'tis fortune's diadem.
Humility is good in all; but especially in the rich it is (the excellence of) higher riches.",The Possession of Self-restraint,அடக்கமுடைமை,இல்லறவியல்,Domestic Virtue,VIRTUE,அறத்துப்பால்
126,ஒருமையுள் ஆமைபோல் ஐந்தடக்கல் ஆற்றின் எழுமையும் ஏமாப் புடைத்து,"If one can restrain his five senses, like a tortoise that retreats into its single shell,
it will be a protection through seven births.","ஒரு பிறப்பில், ஆமைபோல் ஐம்பொறிகளையும் அடக்கியாள வல்லவனானால், அஃது அவனுக்குப் பல பிறப்பிலும் காப்பாகும் சிறப்பு உடையது.","Like tortoise, who the five restrains
In one, through seven world bliss obtains.
Should one throughout a single birth, like a tortoise keep in his five senses, the fruit of it will prove a safe-guard to him throughout the seven-fold births.",The Possession of Self-restraint,அடக்கமுடைமை,இல்லறவியல்,Domestic Virtue,VIRTUE,அறத்துப்பால்
127,யாகாவா ராயினும் நாகாக்க காவாக்காற் சோகாப்பர் சொல்லிழுக்குப் பட்டு,"Even if nothing else can be restrained, one must control his tongue; if not,
he will suffer because of the harm inflicted by his words.",காக்க வேண்டியவற்றுள் எவற்றைக் காக்கா விட்டாலும் நாவையாவது காக்க வேண்டு்ம்; காக்கத் தவறினால் சொற்குற்றத்தில் அகப்பட்டுத் துன்புறுவர்.,"Whate'er they fail to guard, o'er lips men guard should keep;
If not, through fault of tongue, they bitter tears shall weep.
Whatever besides you leave unguarded, guard your tongue; otherwise errors of speech and the consequent misery will ensue.",The Possession of Self-restraint,அடக்கமுடைமை,இல்லறவியல்,Domestic Virtue,VIRTUE,அறத்துப்பால்
128,ஒன்றானுந் தீச்சொல் பொருட்பயன் உண்டாயின் நன்றாகா தாகி விடும்,"Even if there is one harm caused by harsh words, all the good
caused by other virtuous deeds will also be seen as evil.","தீய ‌சொற்களின் பொருளால் விளையும் தீமை ஒன்றாயினும் ஒருவனிடம் உண்டானால், அதனால் மற்ற அறங்களாலும் நன்மை விளையாமல் போகும்.","Though some small gain of good it seem to bring,
The evil word is parent still of evil thing.
If a man's speech be productive of a single evil, all the good by him will be turned into evil.",The Possession of Self-restraint,அடக்கமுடைமை,இல்லறவியல்,Domestic Virtue,VIRTUE,அறத்துப்பால்
129,தீயினாற் சுட்டபுண் உள்ளாறும் ஆறாதே நாவினாற் சுட்ட வடு,"A wound caused by fire will heal inside;
a scar caused by the tongue never heals.",தீயினால் சுட்ட புண் புறத்தே வடு இருந்தாலும் உள்ளே ஆறிவிடும்; ஆனால் நாவினால் தீய சொல் கூறிச் சுடும் வடு என்றும் ஆறாது.,"In flesh by fire inflamed, nature may thoroughly heal the sore;
In soul by tongue inflamed, the ulcer healeth never more.
The wound which has been burnt in by fire may heal, but a wound burnt in by the tongue will never heal.",The Possession of Self-restraint,அடக்கமுடைமை,இல்லறவியல்,Domestic Virtue,VIRTUE,அறத்துப்பால்
130,கதங்காத்துக் கற்றடங்கல் ஆற்றுவான் செவ்வி அறம்பார்க்கும் ஆற்றின் நுழைந்து,"Virtue will wait for the moment to adorn one, who controls anger,
learns all there is to learn and exercises restraint.","சினம் தோன்றாமல் காத்து, கல்வி கற்று, அடக்கமுடையவனாக இருக்க வல்லவனுடைய செவ்வியை, அவனுடைய வழியில் சென்று அறம் பார்த்திருக்கும்.","Who learns restraint, and guards his soul from wrath,
Virtue, a timely aid, attends his path.
Virtue, seeking for an opportunity, will come into the path of that man who, possessed of learning and self-control, guards himself against anger.",The Possession of Self-restraint,அடக்கமுடைமை,இல்லறவியல்,Domestic Virtue,VIRTUE,அறத்துப்பால்
131,ஒழுக்கம் விழுப்பந் தரலான் ஒழுக்கம் உயிரினும் ஓம்பப் படும்,"Propriety confers prominence; hence, propriety is
cherished more than existence.","ஒழுக்கமே எல்லார்க்கும் மேன்மையைத் தருவதாக இருப்பதால், அந்த ஒழுக்கமே உயிரை விடச் சிறந்ததாகப் போற்றப்படும்.","Decorum' gives especial excellence; with greater care
'Decorum' should men guard than life, which all men share.
Propriety of conduct leads to eminence, it should therefore be preserved more carefully than life.
",The Possession of Decorum,ஒழுக்கமுடைமை,இல்லறவியல்,Domestic Virtue,VIRTUE,அறத்துப்பால்
132,பரிந்தோம்பிக் காக்க ஒழுக்கந் தெரிந்தோம்பித் தேரினும் அஃதே துணை,"Take painstaking effort to preserve propriety; after researching all there is to,
one can conclude, it is the best ally.","ஒழுக்கத்தை வருந்தியும் போற்றிக் காக்க வேண்டும்; பலவற்றையும் ஆராய்ந்து போற்றித் தெளிந்தாலும், அந்த ஒழுக்கமே வாழ்க்கையில் துணையாக விளங்கும்.","Searching, duly watching, learning, 'decorum' still we find;
Man's only aid; toiling, guard thou this with watchful mind.
Let propriety of conduct be laboriously preserved and guarded; though one know and practise and excel in many virtues, that will be an eminent aid.
",The Possession of Decorum,ஒழுக்கமுடைமை,இல்லறவியல்,Domestic Virtue,VIRTUE,அறத்துப்பால்
133,ஒழுக்க முடைமை குடிமை இழுக்கம் இழிந்த பிறப்பாய் விடும்,"Class is determined by propriety of conduct; impropriety will lead to
being considered part of an ignoble class.",ஒழுக்கம் உடையவராக வாழ்வதே உயர்ந்த குடிப்பிறப்பின் தன்மையாகும்; ஒழுக்கம் தவறுதல் இழிந்த குடிப்பிறப்பின் தன்மையாகி விடும்.,"Decorum's' true nobility on earth;
'Indecorum's' issue is ignoble birth.
Propriety of conduct is true greatness of birth, and impropriety will sink into a mean birth.
",The Possession of Decorum,ஒழுக்கமுடைமை,இல்லறவியல்,Domestic Virtue,VIRTUE,அறத்துப்பால்
134,மறப்பினும் ஓத்துக் கொளலாகும் பார்ப்பான் பிறப்பொழுக்கங் குன்றக் கெடும்,"One can relearn if he forgets the scriptures; but, a brahmin ceases to be one,
when he strays from his decorum.","கற்ற மறைப் பொருளை மறந்தாலும் மீண்டும் அதனை ஓதிக் கற்றுக் கொள்ள முடியும்; ஆனால் மறை ஓதுவனுடைய குடிப்பிறப்பு, ஒழுக்கம் குன்றினால் கெடு்ம்.","Though he forget, the Brahman may regain his Vedic lore;
Failing in 'decorum due,' birthright's gone for evermore.
A Brahman though he should forget the Vedas may recover it by reading; but, if he fail in propriety of conduct even his high bi rth will be destroyed.",The Possession of Decorum,ஒழுக்கமுடைமை,இல்லறவியல்,Domestic Virtue,VIRTUE,அறத்துப்பால்
135,அழுக்கா றுடையான்கண் ஆக்கம்போன் றில்லை ஒழுக்க மிலான்கண் உயர்வு,"A person who has envy has no wealth; a person
who has no decorum has no growth.","பொறாமை உடையவனிடத்தில் ஆக்கம் இல்லாதவாறு போல, ஒழுக்கம் இல்லாதவனுடைய வாழ்க்கையில் உயர்வு இல்லையாகும்.","The envious soul in life no rich increase of blessing gains,
So man of 'due decorum' void no dignity obtains.
Just as the envious man will be without wealth, so will the man of destitute of propriety of conduct be without greatness.",The Possession of Decorum,ஒழுக்கமுடைமை,இல்லறவியல்,Domestic Virtue,VIRTUE,அறத்துப்பால்
136,ஒழுக்கத்தி னொல்கார் உரவோர் இழுக்கத்தின் ஏதம் படுபாக் கறிந்து,"The strong-willed don’t shrivel their propriety,
knowing the suffering inflicted by impropriety.","ஒழுக்கம் தவறுதலால் குற்றம் உண்டாவதை அறிந்து, மனவலிமை உடைய சான்றோர் ஒழுக்கத்தில் தவறாமல் காத்துக் கொள்வர்.","The strong of soul no jot abate of 'strict decorum's' laws,
Knowing that 'due decorum's' breach foulest disgrace will cause.
Those firm in mind will not slacken in their observance of the proprieties of life, knowing, as they do, the misery that flows from the transgression from them.
",The Possession of Decorum,ஒழுக்கமுடைமை,இல்லறவியல்,Domestic Virtue,VIRTUE,அறத்துப்பால்
137,ஒழுக்கத்தி னெய்துவர் மேன்மை இழுக்கத்தின் எய்துவ ரெய்தாப் பழி,"One attains eminence through decorum;
one attains unprecedented infamy due to indecorum.",ஒழுக்கத்தால் எவரும் மேம்பாட்டை அடைவர்; ஒழுக்கத்திலிருந்து தவறுதலால் அடையத் தகாத பெரும் பழியை அடைவர்.,"Tis source of dignity when 'true decorum' is preserved;
Who break 'decorum's' rules endure e'en censures undeserved.
From propriety of conduct men obtain greatness; from impropriety comes insufferable disgrace.
",The Possession of Decorum,ஒழுக்கமுடைமை,இல்லறவியல்,Domestic Virtue,VIRTUE,அறத்துப்பால்
138,நன்றிக்கு வித்தாகும் நல்லொழுக்கந் தீயொழுக்கம் என்றும் இடும்பை தரும்,"Good conduct becomes the seed for goodwill and
impropriety always yields agony.",நல்லொழுக்கம் இன்பமான நல்வாழ்க்கைக்குக் காரணமாக இருக்கும்; தீயொழுக்கம் எப்போதும் துன்பத்தைக் கொடுக்கும்.,"Decorum true' observed a seed of good will be;
'Decorum's breach' will sorrow yield eternally.
Propriety of conduct is the seed of virtue; impropriety will ever cause sorrow.
",The Possession of Decorum,ஒழுக்கமுடைமை,இல்லறவியல்,Domestic Virtue,VIRTUE,அறத்துப்பால்
139,ஒழுக்க முடையவர்க் கொல்லாவே தீய வழுக்கியும் வாயாற் சொலல்,"Those who practice propriety find it impossible
to utter harmful words even forgetfully.","தீய சொற்களைத் தவறியும் தம்முடைய வாயால் சொல்லும் குற்றம், ஒழுக்கம் உடையவர்க்குப் பொருந்தாததாகும்.","It cannot be that they who 'strict decorum's' law fulfil,
E'en in forgetful mood, should utter words of ill.
Those who study propriety of conduct will not speak evil, even forgetfully.",The Possession of Decorum,ஒழுக்கமுடைமை,இல்லறவியல்,Domestic Virtue,VIRTUE,அறத்துப்பால்
140,உலகத்தோ டொட்ட ஒழுகல் பலகற்றுங் கல்லா ரறிவிலா தார்,"Those who don’t learn to abide by the decorous norms of the society,
even if well-read, are unwise.","உலகத்து உயர்ந்தவரோடு பொருந்த ஒழுகும் முறையைக் கற்காதவர், பல நூல்களைக் கற்றிருந்த போதிலும் அறிவில்லாதவரே ஆவர்.","Who know not with the world in harmony to dwell,
May many things have learned, but nothing well.
Those who know not how to act agreeably to the world, though they have learnt many things, are still ignorant.",The Possession of Decorum,ஒழுக்கமுடைமை,இல்லறவியல்,Domestic Virtue,VIRTUE,அறத்துப்பால்
141,பிறன்பொருளான் பெட்டொழுகும் பேதைமை ஞாலத் தறம்பொருள் கண்டார்க ணில்,"The indiscretion of desiring another’s wife will not be found
in those who are enlightened about virtue and possession.","பிறனுடைய உரிமையாகிய மனைவியை விரும்பி நடக்கும் அறியாமை, உலகத்தில் அறமும் பொருளும் ஆராய்ந்து கண்டவரிடம் இல்லை.","Who laws of virtue and possession's rights have known,
Indulge no foolish love of her by right another's own.
The folly of desiring her who is the property of another will not be found in those who know (the attributes of) virtue and (the rights of) property.",Not coveting another's Wife,பிறனில்விழையாமை,இல்லறவியல்,Domestic Virtue,VIRTUE,அறத்துப்பால்
142,அறன்கடை நின்றாரு ளெல்லாம் பிறன்கடை நின்றாரிற் பேதையா ரில்,"Of all those who have been beyond the boundaries of morality, there are no greater
imbeciles than those who go after another’s wife.",அறத்தை விட்டுத் தீநெறியில் நின்றவர் எல்லாரிலும் பிறன் மனைவியை விரும்பி அவனுடைய வாயிலில் சென்று நின்றவரைப் போல் அறிவிலிகள் இல்லை.,"No fools, of all that stand from virtue's pale shut out,
Like those who longing lurk their neighbour's gate without.
Among all those who stand on the outside of virtue, there are no greater fools than those who stand outside their neighbour's door.",Not coveting another's Wife,பிறனில்விழையாமை,இல்லறவியல்,Domestic Virtue,VIRTUE,அறத்துப்பால்
143,விளிந்தாரின் வேறல்லர் மன்ற தெளிந்தாரில் தீமை புரிந்தொழுகு வார்,"A person is not any better than the dead, when he indulges in adultery
with the wife of another who trusts him.","ஐயமில்லாமல் தெளிந்து நம்பியவருடைய மனைவியிடத்தே விருப்பம் கொண்டு தீமையைச் செய்து நடப்பவர், செத்தவரை விட வேறுபட்டவர் அல்லர்.","They're numbered with the dead, e'en while they live, -how otherwise?
With wife of sure confiding friend who evil things devise.
Certainly they are no better than dead men who desire evil towards the wife of those who undoubtingly confide in them.",Not coveting another's Wife,பிறனில்விழையாமை,இல்லறவியல்,Domestic Virtue,VIRTUE,அறத்துப்பால்
144,எனைத்துணைய ராயினும் என்னாந் தினைத்துணையும் தேரான் பிறனில் புகல்,"What worth is one’s reputation, however big it is,when,
without considering the least bit, he has an affair with another’s wife.","தினையளவும் ஆராய்ந்து பார்க்காமல் பிறனுடைய மனைவியிடம் செல்லுதல், எவ்வளவு பெருமையை உடையவராயினும் என்னவாக முடியும்?","How great soe'er they be, what gain have they of life,
Who, not a whit reflecting, seek a neighbour's wife.
However great one may be, what does it avail if, without at all considering his guilt, he goes unto the wife of another ?",Not coveting another's Wife,பிறனில்விழையாமை,இல்லறவியல்,Domestic Virtue,VIRTUE,அறத்துப்பால்
145,எளிதென இல்லிறப்பா னெய்துமெஞ் ஞான்றும் விளியாது நிற்கும் பழி,"One who indulges in adultery with another’s wife,considering it to be
simple (without anticipating the consequences), will beget a blame that will stay forever.","இச்செயல் எளியது என எண்ணிப் பிறனுடைய மனைவியிடம் நெறி தவறிச் செல்கின்றவன், ‌எப்போதும் அழியாமல் நிலைநிற்கும் பழியை அடைவான்","Mere triflel' saying thus, invades the home, so he ensures.
A gain of guilt that deathless aye endures.
He who thinks lightly of going into the wife of another acquires guilt that will abide with him imperishably and for ever.",Not coveting another's Wife,பிறனில்விழையாமை,இல்லறவியல்,Domestic Virtue,VIRTUE,அறத்துப்பால்
146,பகைபாவம் அச்சம் பழியென நான்கும் இகவாவாம் இல்லிறப்பான் கண்,"Animosity, sin, fear and vengeance – these four will never leave one
with a liaison with another’s wife.",பகை பாவம் அச்சம் பழி என்னும் இந்நான்கு குற்றங்களும் பிறன் மனைவியிடத்து நெறி தவறி நடப்பவனிடத்திலிருந்து நீங்காவாம்.,"Who home ivades, from him pass nevermore,
Hatred and sin, fear, foul disgrace; these four.
Hatred, sin, fear, disgrace; these four will never leave him who goes in to his neighbour's wife.",Not coveting another's Wife,பிறனில்விழையாமை,இல்லறவியல்,Domestic Virtue,VIRTUE,அறத்துப்பால்
147,அறனியலான் இல்வாழ்வா னென்பான் பிறனியலான் பெண்மை நயவா தவன்,"One, who leads a righteous family life, will not
crave the feminine grace of another’s wife.","அறத்தின் இயல்போடு பொருந்தி இல்வாழ்க்கை வாழ்பவன், பிறனுக்கு உரிமையானவளின் பெண் தன்மையை விரும்பாதவனே","Who sees the wife, another's own, with no desiring eye
In sure domestic bliss he dwelleth ever virtuously.
He who desires not the womanhood of her who should walk according to the will of another will be praised as a virtuous house-holder.",Not coveting another's Wife,பிறனில்விழையாமை,இல்லறவியல்,Domestic Virtue,VIRTUE,அறத்துப்பால்
148,பிறன்மனை நோக்காத பேராண்மை சான்றோர்க் கறனென்றோ ஆன்ற வொழுக்கு,"The magnanimous machismo of not coveting another’s wife is, for noble scholars,
an exalted virtue and decent decorum.","பிறனுடைய மனைவியை விரும்பி நோக்காத ‌பெரிய ஆண்மை, சான்றோர்க்கு அறம் மட்டும் அன்று; நிறைந்த ஒழுக்கமுமாகும்.","Manly excellence, that looks not on another's wife,
Is not virtue merely, 'tis full 'propriety' of life.
That noble manliness which looks not at the wife of another is the virtue and dignity of the great.",Not coveting another's Wife,பிறனில்விழையாமை,இல்லறவியல்,Domestic Virtue,VIRTUE,அறத்துப்பால்
149,நலக்குரியார் யாரெனின் நாமநீர் வைப்பின் பிறற்குரியாள் தோள்தோயா தார்,"Whosoever deserves all the good in this world, surrounded by the fearsome ocean, will
never surrender on the shoulders of a woman who belongs to another.",கடல் சூழ்ந்த உலகத்தில் நன்மைக்கு உரியவர் யார் என்றொல் பிறனுக்கு உரிமையானவளின் தோளைப் பொருந்தாதவரே ஆவர்,"Who 're good indeed, on earth begirt by ocean's gruesome tide?
The men who touch not her that is another's bride.
Is it asked, ""who are those who shall obtain good in this world surrounded by the terror-producing sea ?"" Those who touch not the shoulder of her who belongs to another.",Not coveting another's Wife,பிறனில்விழையாமை,இல்லறவியல்,Domestic Virtue,VIRTUE,அறத்துப்பால்
150,அறன்வரையா னல்ல செயினும் பிறன்வரையாள் பெண்மை நயவாமை நன்று,"Even if one is unrighteous and does many a misdeed, he should, atleast, not fall for the
feminine charm of another’s wife.","ஒருவன் அறநெறியில் நிற்காமல் அறமில்லாதவைகளைச் செய்தாலும், பிறனுக்கு உரியவளின் பெண்மையை விரும்பாமல் வாழ்தல் நல்லது","Though virtue's bounds he pass, and evil dee ds hath wrought;
At least, 'tis good if neighbour's wife he covet not.
Though a man perform no virtuous deeds and commit (every) vice, it will be well if he desire not the womanhood of her who is within the limit (of the house) of another.",Not coveting another's Wife,பிறனில்விழையாமை,இல்லறவியல்,Domestic Virtue,VIRTUE,அறத்துப்பால்
151,அகழ்வாரைத் தாங்கும் நிலம்போலத் தம்மை இகழ்வார்ப் பொறுத்தல் தலை,"Like the earth that bears even those who till it, supreme virtue is
to be patient with one’s deriders.","தன்னை வெட்டுவோரையும் விழாமல் தாங்குகின்ற நிலம் போல், தம்மை இகழ்வாரையும் பொறுப்பதே தலையான பண்பாகும்","As earth bears up the men who delve into her breast,
To bear with scornful men of virtues is the best.
To bear with those who revile us, just as the earth bears up those who dig it, is the first of virtues.","The Possession of Patience, Forbearance",பொறையுடைமை,இல்லறவியல்,Domestic Virtue,VIRTUE,அறத்துப்பால்
152,பொறுத்த லிறப்பினை யென்றும் அதனை மறத்த லதனினும் நன்று,"One should always tolerate a transgression;
it is even better to forget it.",வரம்பு கடந்து பிறர் செய்யும் தீங்கை எப்போதும் பொறுக்க வேண்டும்; அத் தீங்கை நினைவிலும் கொள்ளாமல் மறந்து விடுதல் பொறுத்தலை விட நல்லது.,"Forgiving trespasses is good always;
Forgetting them hath even higher praise;
Bear with reproach even when you can retaliate; but to forget it will be still better than that.","The Possession of Patience, Forbearance",பொறையுடைமை,இல்லறவியல்,Domestic Virtue,VIRTUE,அறத்துப்பால்
153,இன்மையு ளின்மை விருந்தொரால் வன்மையுள் வன்மை மடவார்ப் பொறை,"Turning away a guest is the most abject poverty; enduring the excesses
of a moron is the mightiest might.","வறுமையுள் வறுமை, விருந்தினரைப் போற்றாமல் நீக்குதல்; வல்லமையுள் வல்லமை என்பது அறிவிலார் தீங்கு செய்தலைப் பொறுத்தலாகும்.","The sorest poverty is bidding guest unfed depart;
The mightiest might to bear with men of foolish heart.
To neglect hospitality is poverty of poverty. To bear with the ignorant is might of might.","The Possession of Patience, Forbearance",பொறையுடைமை,இல்லறவியல்,Domestic Virtue,VIRTUE,அறத்துப்பால்
154,நிறையுடைமை நீங்காமை வேண்டின் பொறையுடைமை போற்றி யொழுகப் படும்,"If you want to lead an unabated fulfilling life, you have to
preserve and practice forbearance.","நிறை உடையவனாக இருக்கும் தன்மை தன்னை விட்டு நீங்காமல் இருக்க வேண்டினால், பொறுமையைப் போற்றி ஒழுக வேண்டும்.","Seek'st thou honour never tarnished to retain;
So must thou patience, guarding evermore, maintain.
If you desire that greatness should never leave, you preserve in your conduct the exercise of patience.","The Possession of Patience, Forbearance",பொறையுடைமை,இல்லறவியல்,Domestic Virtue,VIRTUE,அறத்துப்பால்
155,ஒறுத்தாரை யொன்றாக வையாரே வைப்பர் பொறுத்தாரைப் பொன்போற் பொதிந்து,"One who retaliates is not held in high regard;
one who is patient is precious as gold.","( தீங்கு செய்தவரைப்) பொறுக்காமல் வருத்தினவரை உலகத்தார் ஒரு பொருளாக மதியார்; ஆனால், பொறுத்தவரைப் பொன்போல் மனத்துள் வைத்து மதிப்பர்.","Who wreak their wrath as worthless are despised;
Who patiently forbear as gold are prized.
(The wise) will not at all esteem the resentful. They will esteem the patient just as the gold which they lay up with care.","The Possession of Patience, Forbearance",பொறையுடைமை,இல்லறவியல்,Domestic Virtue,VIRTUE,அறத்துப்பால்
156,ஒறுத்தார்க் கொருநாளை இன்பம் பொறுத்தார்க்குப் பொன்றுந் துணையும் புகழ்,"Those who retaliate rarely rejoice for a day; the repute of the patient remains
till the end of the world.",தீங்கு செய்தவரைப் பொறுக்காமல் வருத்தினவர்க்கு ஒருநாள் இன்பமே; பொறுத்தவர்க்கு உலகம் அழியும் வரைக்கும் புகழ் உண்டு,"Who wreak their wrath have pleasure for a day;
Who bear have praise till earth shall pass away.
The pleasure of the resentful continues for a day. The praise of the patient will continue until (the final destruction of) the world.","The Possession of Patience, Forbearance",பொறையுடைமை,இல்லறவியல்,Domestic Virtue,VIRTUE,அறத்துப்பால்
157,திறனல்ல தற்பிறர் செய்யினும் நோநொந் தறனல்ல செய்யாமை நன்று,"Even if an untoward evil is done unto you, it is better
not to resent and do an unrighteous deed.","தகுதி அல்லாதவைகளைத் தனக்குப் பிறர் செய்த போதிலும், அதனால், அவர்க்கு வரும் துன்பத்திற்காக நொந்து, அறம் அல்லாதவைகளைச் செய்யாதிருத்தல் நல்லது.","Though others work thee ill, thus shalt thou blessing reap;
Grieve for their sin, thyself from vicious action keep!
Though others inflict injuries on you, yet compassionating the evil (that will come upon them) it will be well not to do them anything contrary to virtue.","The Possession of Patience, Forbearance",பொறையுடைமை,இல்லறவியல்,Domestic Virtue,VIRTUE,அறத்துப்பால்
158,மிகுதியான் மிக்கவை செய்தாரைத் தாந்தந் தகுதியான் வென்று விடல்,"Defeat a person who has, out of arrogance,
done you harm, by your forbearance.",செருக்கினால் தீங்கானவற்றைச் செய்தவரைத் தாம் தம்முடைய பொறுமைப் பண்பினால் பொறுத்து வென்று விட வேண்டும்.,"With overweening pride when men with injuries assail,
By thine own righteous dealing shalt thou mightily prevail.
Let a man by patience overcome those who through pride commit excesses.","The Possession of Patience, Forbearance",பொறையுடைமை,இல்லறவியல்,Domestic Virtue,VIRTUE,அறத்துப்பால்
159,துறந்தாரின் தூய்மை யுடையர் இறந்தார்வாய் இன்னாச்சொல் நோற்கிற் பவர்,"One who, patiently, bears the harsh words
of a transgressor, is purer than a puritan.","வரம்பு கடந்து நடப்பவரின் வாயில் பிறக்கும் கொடுஞ்சொற்களைப் பொறுத்துக் கொள்பவர், துறந்தவரைப் போலத் தூய்மையானவர் ஆவர்.","They who transgressors' evil words endure
With patience, are as stern ascetics pure.
Those who bear with the uncourteous speech of the insolent are as pure as the ascetics.","The Possession of Patience, Forbearance",பொறையுடைமை,இல்லறவியல்,Domestic Virtue,VIRTUE,அறத்துப்பால்
160,ஒழுக்காறாக் கொள்க ஒருவன்தன் நெஞ்சத் தழுக்கா றிலாத இயல்பு,"Great ascetics who conquer hunger, by fasting, are inferior to
those who patiently endure the harsh words of others.","உணவு உண்ணாமல் நோன்பு கிடப்பவர், பிறர் ‌சொல்லும் கொடுஞ் சொற்களைப் பொறுப்பவர்க்கு அடுத்த நிலையில்தான் பெரியவர் ஆவர்.","Though 'great' we deem the men that fast and suffer pain,
Who others' bitter words endure, the foremost place obtain.
Those who endure abstinence from food are great, next to those who endure the uncourteous speech of others.","The Possession of Patience, Forbearance",பொறையுடைமை,இல்லறவியல்,Domestic Virtue,VIRTUE,அறத்துப்பால்
161,விழுப்பேற்றின் அஃதொப்ப தில்லையார் மாட்டும் அழுக்காற்றின் அன்மை பெறின்,"One should make it a righteous way of life,
to hold no envy in his heart.",ஒருவன் தன் நெஞ்சில் பொறாமை இல்லாமல் வாழும் இயல்பைத் தனக்கு உரிய ஒழுக்க நெறியாகக் கொண்டு போற்ற வேண்டும்.,"As 'strict decorum's' laws, that all men bind,
Let each regard unenvying grace of mind.
Let a man esteem that disposition which is free from envy in the same manner as propriety of conduct.",Not Envying,அழுக்காறாமை,இல்லறவியல்,Domestic Virtue,VIRTUE,அறத்துப்பால்
162,விழுப்பேற்றின் அஃதொப்ப தில்லையார் மாட்டும் அழுக்காற்றின் அன்மை பெறின்,"Not being envious of anybody is a rich reward;
there is nothing that can match it.","யாரிடத்திலும் பொறாமை இல்லாதிருக்கப் பெற்றால், ஒருவன் பெறத்தக்க மேம்பாடான பேறுகளில் அதற்கு ஒப்பானது வேறொன்றும் இல்லை.","If man can learn to envy none on earth,
'Tis richest gift, -beyond compare its worth.
Amongst all attainable excellences there is none equal to that of being free from envy towords others.",Not Envying,அழுக்காறாமை,இல்லறவியல்,Domestic Virtue,VIRTUE,அறத்துப்பால்
163,அறனாக்கம் வேண்டாதான் என்பான் பிறனாக்கம் பேணா தழுக்கறுப் பான்,"One who, in his envy, doesn’t appreciate the wealth of others,
is known not to value virtue and his own wealth.","தனக்கு அறமும் ஆக்கமும் விரும்பாதவன் என்று கருதத் தக்கவனே, பிறனுடைய ஆக்கத்தைக் கண்டு மகிழாமல் அதற்காகப் பொறாமைப்படுவான்.","Nor wealth nor virtue does that man desire 'tis plain,
Whom others' wealth delights not, feeling envious pain.
Of him who instead of rejoicing in the wealth of others, envies it, it will be said ""he neither desires virtue not wealth.""",Not Envying,அழுக்காறாமை,இல்லறவியல்,Domestic Virtue,VIRTUE,அறத்துப்பால்
164,அழுக்காற்றின் அல்லவை செய்யார் இழுக்காற்றின் ஏதம் படுபாக் கறிந்து,"Those who know of the ills inflicted by envy,
will not do anything evil out of envy.","பொறாமைப்படுதலாகிய தவறான நெறியில் துன்பம் ஏற்படுத‌ை அறிந்து, பொறாமை காரணமாக அறமல்லாதவைகளைச் செய்யார் அறிவுடையோர்.","The wise through envy break not virtue's laws,
Knowing ill-deeds of foul disgrace the cause.
(The wise) knowing the misery that comes from transgression will not through envy commit unrighteous deeds.",Not Envying,அழுக்காறாமை,இல்லறவியல்,Domestic Virtue,VIRTUE,அறத்துப்பால்
165,அழுக்கா றுடையார்க் கதுசாலும் ஒன்னார் வழுக்கியுங் கேடீன் பது,"For destruction to be caused, there is no need for enemies;
if one has envy, it will suffice.","பொறாமை உடை‌யவர்க்கு வேறு பகை வேண்டா. அஃது ஒன்றே போதும், பகைவர் தீங்கு செய்யத் தவறினாலும் தவறாது கேட்டைத் தருவது அது.","Envy they have within! Enough to seat their fate!
Though foemen fail, envy can ruin consummate.
To those who cherish envy that is enough. Though free from enemies that (envy) will bring destruction.",Not Envying,அழுக்காறாமை,இல்லறவியல்,Domestic Virtue,VIRTUE,அறத்துப்பால்
166,கொடுப்ப தழுக்கறுப்பான் சுற்றம் உடுப்பதூஉம் உண்பதூஉ மின்றிக் கெடும்,"One who feels envious of the wealth given away as charity,
will have even his kin suffer without anything to wear and eat.","பிறர்க்கு உதவியாகக் கொடுக்கப்படும் பொருளைக் கண்டு பொறாமைப்படுகின்றவனுடைய சுற்றம், உடையும் உணவும் இல்லாமல் கெடும்.","Who scans good gifts to others given with envious eye,
His kin, with none to clothe or f eed them, surely die.
He who is envious at a gift (made to another) will with his relations utterly perish destitute of food and rainment.",Not Envying,அழுக்காறாமை,இல்லறவியல்,Domestic Virtue,VIRTUE,அறத்துப்பால்
167,அவ்வித் தழுக்கா றுடையானைச் செய்யவள் தவ்வையைக் காட்டி விடும்,"Sridevi, goddess of wealth, will despise a jealous person and direct him
to her sister, Moodevi, goddess of poverty.",பொறாமை உடையவனைத் திருமகள் கண்டு பொறாமைப்பட்டுத் தன் தமக்கைக்கு அவனைக் காட்டி நீங்கி விடுவாள்.,"From envious man good fortune's goddess turns away,
Grudging him good, and points him out misfortune's prey.
Lakshmi envying (the prosperity) of the envious man will depart and introduce him to her sister.",Not Envying,அழுக்காறாமை,இல்லறவியல்,Domestic Virtue,VIRTUE,அறத்துப்பால்
168,அழுக்கா றெனவொரு பாவி திருச்செற்றுத் தீயுழி உய்த்து விடும்,"Envy is a damned ill that will destroy one’s wealth
and consign him to a fiery inferno","பொறாமை என்று கூறப்படும் ஒப்பற்ற பாவி, ஒருவனுடைய செல்வத்தைக் கெடுத்துத் தீய வழியில் அவனைச் செலுத்தி விடும்.","Envy, embodied ill, incomparable bane,
Good fortune slays, and soul consigns to fiery pain.
Envy will destroy (a man's) wealth (in his world) and drive him into the pit of fire (in the world to come.)",Not Envying,அழுக்காறாமை,இல்லறவியல்,Domestic Virtue,VIRTUE,அறத்துப்பால்
169,அவ்விய நெஞ்சத்தான் ஆக்கமும் செவ்வியான் கேடும் நினைக்கப் படும்,"The wealth in the hands of a person with envy at heart, and the destitution of a person,
devoid of it, are aberrations that need to be analysed.","பொறாமை பொருந்திய நெஞ்சத்தானுடைய ஆக்கமும், பொறாமை இல்லாத நல்லவனுடைய கேடும் ஆராயத் தக்கவை","To men of envious heart, when comes increase of joy,
Or loss to blameless men, the 'why' will thoughtful hearts employ.
The wealth of a man of envious mind and the poverty of the righteous will be pondered.",Not Envying,அழுக்காறாமை,இல்லறவியல்,Domestic Virtue,VIRTUE,அறத்துப்பால்
170,அழுக்கற் றகன்றாரும் இல்லையஃ தில்லார் பெருக்கத்தில் தீர்ந்தாரு மில்,"An envious person doesn’t ever attain glory; of those who have no envy,
there is none who has fallen from glory.",பொறாமைப்பட்டுப் பெருமையுற்றவரும் உலகத்தில் இல்லை; பொறாமை இல்லாதவராய் மேம்பாட்டிலிருந்து நீங்கியவரும் இல்லை.,"No envious men to large and full felicity attain;
No men from envy free have failed a sure increase to gain.
Never have the envious become great; never have those who are free from envy been without greatness.",Not Envying,அழுக்காறாமை,இல்லறவியல்,Domestic Virtue,VIRTUE,அறத்துப்பால்
171,நடுவின்றி நன்பொருள் வெஃகிற் குடிபொன்றிக் குற்றமும் ஆங்கே தரும்,"If, without fairness, you desire to usurp the well-earned wealth of others,
it will destroy your family, trigger more crimes and result in guilt.",நடுவுநிலைமை இல்லாமல் பிறர்க்குரிய நல்ல பொருளை ஒருவன் கவர விரும்பினால் அவனுடைய குடியும் கெட்டுக் குற்றமும் அப்போழுதே வந்து சேரும்.,"With soul unjust to covet others' well-earned store,
Brings ruin to the home, to evil opes the door.
If a man departing from equity covet the property (of others), at that very time will his family be destroyed and guilt be incurred.",Not Coveting,வெஃகாமை,இல்லறவியல்,Domestic Virtue,VIRTUE,அறத்துப்பால்
172,படுபயன் வெஃகிப் பழிப்படுவ செய்யார் நடுவன்மை நாணு பவர்,"Those, who desist being unfair, will not sin, coveting
the material benefits of other’s possessions.","நடுவுநிலைமை அல்லாதவற்றைக் கண்டு நாணி ஒதுங்குகின்றவர், பிறர் பொருளைக் கவர்வதால் வரும் பயனை விரும்பிப் பழியான செயல்களைச் செய்யார்.","Through lust of gain, no deeds that retribution bring,
Do they, who shrink with shame from every unjust thing.
Those who blush at the want of equity will not commit disgraceful acts through desire of the profit that may be gained.",Not Coveting,வெஃகாமை,இல்லறவியல்,Domestic Virtue,VIRTUE,அறத்துப்பால்
173,சிற்றின்பம் வெஃகி யறனல்ல செய்யாரே மற்றின்பம் வேண்டு பவர்,"Craving for the cheap thrills that other’s money can give, one,
who seeks TRUE happiness, will not do an unrighteous act.","அறநெறியால் பெறும் இன்பத்தை விரும்புகின்றவர், நிலையில்லாத சிறிய இன்பத்தை விரும்பி அறம் அல்லாதவற்றைச் செய்யார்.","No deeds of ill, misled by base desire,
Do they, whose souls to other joys aspire.
Those who desire the higher pleasures (of heaven) will not act unjustly through desire of the trifling joy. (in this life.)",Not Coveting,வெஃகாமை,இல்லறவியல்,Domestic Virtue,VIRTUE,அறத்துப்பால்
174,இலமென்று வெஃகுதல் செய்யார் புலம்வென்ற புன்மையில் காட்சி யவர்,"One who is flawless and wise and has mastered all senses, will never
feel ‘I’m poor’ and yearn for other’s wealth","ஐம்புலன்களையும் வென்ற குற்றமில்லாத அறிவை உடையவர், யாம் வறுமை அடைந்தோம் என்று எண்ணியும் பிறர் பொருளை விரும்பார்‌.","Men who have conquered sense, with sight from sordid vision freed,
Desire not other's goods, e'en in the hour of sorest need.
The wise who have conquered their senses and are free from crime, will not covet (the things of others), with the thought ""we are destitute.""",Not Coveting,வெஃகாமை,இல்லறவியல்,Domestic Virtue,VIRTUE,அறத்துப்பால்
175,அஃகி யகன்ற அறிவென்னாம் யார்மாட்டும் வெஃகி வெறிய செயின்,"What is the use of deep wisdom and broad knowledge,
if one acts indiscreetly with anyone, coveting his wealth.","யாரிடத்திலும் பொருளைக் கவர விரும்பிப் பொருந்தாதவற்றைச் செய்தால், நுட்பமானதாய் விரிவுடையதாய் வளர்ந்த அறிவால் பயன் என்ன?","What gain, though lore refined of amplest reach he learn,
His acts towards all mankind if covetous desire to folly turn?
What is the advantage of extensive and accurate knowledge if a man through covetousness act senselessly towards all ?",Not Coveting,வெஃகாமை,இல்லறவியல்,Domestic Virtue,VIRTUE,அறத்துப்பால்
176,அருள்வெஃகி யாற்றின்கண் நின்றான் பொருள்வெஃகிப் பொல்லாத சூழக் கெடும்,"One who seeks to be compassionate and manifests it in virtuous ways, will succumb to
destructive thoughts and acts, if he falters and covets others’ possession.","அருளை விரும்பி அறநெறியில் நின்றவன், பிறனுடைய பொருளை விரும்பிப் பொல்லாத குற்றங்களை எண்ணினால் கெடுவான்.","Though, grace desiring, he in virtue's way stand strong,
He's lost who wealth desires, and ponders deeds of wrong.
If he, who through desire of the virtue of kindness abides in the domestic state i.e., the path in which it may be obtained, covet (the property of others) and think of evil methods (to obtain it), he will perish.",Not Coveting,வெஃகாமை,இல்லறவியல்,Domestic Virtue,VIRTUE,அறத்துப்பால்
177,வேண்டற்க வெஃகியாம் ஆக்கம் விளைவயின் மாண்டற் கரிதாம் பயன்,"Do not covet others’ wealth; on fruition,
the consequences are always contemptible.",பிறர் பொருளைக் கவர விரும்புவதால் ஆகும் ஆக்கத்தை விரும்பாதிருக்க வேண்டும்; அது பயன் விளைவிக்கும்போது அப்பயன் நன்மையாவது அரிதாகும்.,"Seek not increase by greed of gain acquired;
That fruit matured yields never good desired.
Desire not the gain of covetousness. In the enjoyment of its fruits there is no glory.",Not Coveting,வெஃகாமை,இல்லறவியல்,Domestic Virtue,VIRTUE,அறத்துப்பால்
178,அஃகாமை செல்வத்திற் கியாதெனின் வெஃகாமை வேண்டும் பிறன்கைப் பொருள்,"How will one’s wealth never shrink? By, not desiring to
usurp the wealth of others.","ஒருவனுடைய செல்வத்திற்குக் குறைவு நேராதிருக்க வழி எது என்றால், அவன் பிறனுடைய கைப்பொருளை விரும்பாதிருத்தலாகும்.","What saves prosperity from swift decline?
Absence of lust to make another's cherished riches thine!
If it is weighed, ""what is the indestructibility of wealth,"" it is freedom from covetousness.",Not Coveting,வெஃகாமை,இல்லறவியல்,Domestic Virtue,VIRTUE,அறத்துப்பால்
179,அறனறிந்து வெஃகா அறிவுடையார்ச் சேருந் திறனறிந் தாங்கே திரு,"Wealth will find means to bestow itself on those who,
knowing the virtue of not coveting others’ property, wisely desist from it.",அறம் இஃது என்று அறிந்து பிறர் பொருளை விரும்பாத அறிவுடையாரைத் திருமகள் தான் சேரும் திறன் அறிந்து அதற்கு ஏற்றவாறு சேர்வாள்.,"Good fortune draws anigh in helpful time of need,
To him who, schooled in virtue, guards his soul from greed.
Lakshmi, knowing the manner (in which she may approach) will immediately come to those wise men who, knowing that it is virtue, covet not the property of others.",Not Coveting,வெஃகாமை,இல்லறவியல்,Domestic Virtue,VIRTUE,அறத்துப்பால்
180,இறலீனும் எண்ணாது வெஃகின் விறலீனும் வேண்டாமை யென்னுஞ் செருக்கு,"Coveting others’ wealth injudiciously will result in dire consequences;
one who takes pride in not so desiring will meet success.",வி‌ளைவை எண்ணாமல் பிறர் பொருளை விரும்பினால் அஃது அழிவைத் தரும்; அப்பொருளை விரும்பாமல் வாழும் பெருமை வெற்றியைத் தரும்,"From thoughtless lust of other's goods springs fatal ill,
Greatness of soul that covets not shall triumph still.
To covet (the wealth of another) regardless of consequences will bring destruction. That greatness (of mind) which covets not will give victory.",Not Coveting,வெஃகாமை,இல்லறவியல்,Domestic Virtue,VIRTUE,அறத்துப்பால்
181,அறங்கூறா னல்ல செயினும் ஒருவன் புறங்கூறா னென்றல் இனிது,"Even someone, who is a sinner and does not speak of virtue,
will benefit from never slandering anyone in his absence.","ஒருவன் அறத்தைப் போற்றிக் கூறாதவனாய் அறமல்லாதவற்றைச் செய்தாலும், மற்றவனைப் பற்றிப் புறங்கூறாமல் இருக்கிறான் என்று சொல்லப்படுதல் நல்லது.","Though virtuous words his lips speak not, and all his deeds are ill.
If neighbour he defame not, there's good wit hin him still.
Though one do not even speak of virtue and live in sin, it will be well if it be said of him ""he does not backbite.""",Not Backbiting,புறங்கூறாமை,இல்லறவியல்,Domestic Virtue,VIRTUE,அறத்துப்பால்
182,அறனழீஇ யல்லவை செய்தலின் தீதே புறனழீஇப் பொய்த்து நகை,"To wear a deceitful smile in one’s presence but to slander him in his absence slaughtering his reputation,
is more harmful than refuting all that is virtuous and doing unrighteous deeds.","அறத்தை அழித்துப் பேசி அறமல்லாதவைகளைச் செய்வதை விட, ஒருவன் இல்லாதவிடத்தில் அவனைப் பழித்துப் பேசி நேரில் பொய்யாக முகமலர்ந்து பேசுதல் தீமையாகும்.","Than he who virtue scorns, and evil deeds performs, more vile,
Is he that slanders friend, then meets him with false smile.
To smile deceitfully (in another's presence) after having reviled him to his destruction (behind his back) is a greater evil than the commission of (every other) sin and the destruction of (every) virtue.",Not Backbiting,புறங்கூறாமை,இல்லறவியல்,Domestic Virtue,VIRTUE,அறத்துப்பால்
183,புறங்கூறிப் பொய்த்துயிர் வாழ்தலிற் சாதல் அறங்கூறும் ஆக்கந் தரும்,"It is better to die than to live by backbiting and then being hypocritical; so dying,
may yield the benefits spoken of by moral scriptures.","புறங்கூறிப் பொய்யாக நடந்து உயிர் வாழ்தலை விட, அவ்வாறு செய்யாமல் வறுமையுற்று இறந்து விடுதல், அறநூல்கள் சொல்லும் ஆக்கத்தைத் தரும்‌‌.","Tis greater gain of virtuous good for man to die,
Than live to slander absent friend, and falsely praise when nigh.
Death rather than life will confer upon the deceitful backbiter the profit which (the treatises on) virtue point out.",Not Backbiting,புறங்கூறாமை,இல்லறவியல்,Domestic Virtue,VIRTUE,அறத்துப்பால்
184,கண்ணின்று கண்ணறச் சொல்லினுஞ் சொல்லற்க முன்னின்று பின்னோக்காச் சொல்,"It is passable to speak impolitely to someone face to face,
but never utter an imprudent word behind the back.",எதிரே நின்று கண்ணோ‌ட்டம் இல்லாமல் கடுமையாகச் சொன்னாலும் சொல்லலாம்; நேரில் இல்லாதபோது பின் விளைவை ஆராயாத சொல்லைச் சொல்லக்கூடாது.,"In presence though unkindly words you speak, say not
In absence words whose ill result exceeds your thought.
Though you speak without kindness before another's face speak not in his absence words which regard not the evil subsequently resulting from it.",Not Backbiting,புறங்கூறாமை,இல்லறவியல்,Domestic Virtue,VIRTUE,அறத்துப்பால்
185,அறஞ்சொல்லும் நெஞ்சத்தான் அன்மை புறஞ்சொல்லும் புன்மையாற் காணப் படும்,"One, who extols righteousness but is insincere at heart,
is exposed when he is devious enough to backbite.","அறத்தை நல்லதென்று போற்றும் நெஞ்சம் இல்லாததன்மை, ஒருவன் மற்றவனைப் பற்றிப் புறங்கூறுகின்ற சிறுமையால் காணப்படும்.","The slanderous meanness that an absent friend defames,
'This man in words owns virtue, not in heart,' proclaims.
The emptiness of that man's mind who (merely) praises virtue will be seen from the meanness of reviling another behind his back.",Not Backbiting,புறங்கூறாமை,இல்லறவியல்,Domestic Virtue,VIRTUE,அறத்துப்பால்
186,பிறன்பழி கூறுவான் தன்பழி யுள்ளுந் திறன்தெரிந்து கூறப் படும்,"One who smears another behind his back, opens himself up
to similar smear when he falters.","மற்றவனைப் பற்றிப் புறங்கூறுகின்றவன், அவனுடைய பழிகள் பலவற்றிலும் நோகத்தக்கவை ஆராய்ந்து கூறிப் பிறரால் பழிக்கப்படுவான்.","Who on his neighbours' sins delights to dwell,
The story of his sins, culled out with care, the world will tell.
The character of the faults of that man who publishes abroad the faults of others will be sought out and published.",Not Backbiting,புறங்கூறாமை,இல்லறவியல்,Domestic Virtue,VIRTUE,அறத்துப்பால்
187,பகச்சொல்லிக் கேளிர்ப் பிரிப்பர் நகச்சொல்லி நட்பாடல் தேற்றா தவர்,"Through slander behind the back, one who gets estranged from friends,
is incapable of indulging in pleasant talk and gaining friends.",மகிழும்படியாகப் பேசி நட்புக் கொள்ளுதல் நன்மை என்று தெளியாதவர் தம்மை விட்டு நீங்கும்படியாகப் புறம் கூறி நண்பரையும் பிரித்து விடுவர்.,"With friendly art who know not pleasant words to say,
Speak words that sever hearts, and drive choice friends away.
Those who know not to live in friendship with amusing conversation will by back-biting estrange even their relatives.",Not Backbiting,புறங்கூறாமை,இல்லறவியல்,Domestic Virtue,VIRTUE,அறத்துப்பால்
188,துன்னியார் குற்றமுந் தூற்றும் மரபினர் என்னைகொல் ஏதிலார் மாட்டு,"If one is known to habitually sully his friends for their faults,
what damage would he do unto others?","நெருங்கிப் பழகியவரின் குற்றத்தையும் புறங்கூறித் தூற்றும் இயல்புடையவர், பழகாத அயலாரிடத்து என்ன செய்வாரோ?","Whose nature bids them faults of closest friends proclaim
What mercy will they show to other men's good name?
What will those not do to strangers whose nature leads them to publish abroad the faults of their intimate friends ?",Not Backbiting,புறங்கூறாமை,இல்லறவியல்,Domestic Virtue,VIRTUE,அறத்துப்பால்
189,அறனோக்கி யாற்றுங்கொல் வையம் புறனோக்கிப் புன்சொ லுரைப்பான் பொறை,"Out of its commitment to its virtue of patience, the earth tolerates
the presence of a slanderer on it.","ஒருவர் நேரில் இல்லாதது கண்டு பழிச்‌சொல் கூறுவோனுடைய உடல் பாரத்தை, இவனையும் சுமப்பதே எனக்கு அறம் என்று கருதி நிலம் சுமக்கின்றதோ?","Tis charity, I ween, that makes the earth sustain their load.
Who, neighbours' absence watching, tales or slander tell abroad.
The world through charity supports the weight of those who reproach others observing their absence.
",Not Backbiting,புறங்கூறாமை,இல்லறவியல்,Domestic Virtue,VIRTUE,அறத்துப்பால்
190,ஏதிலார் குற்றம்போல் தங்குற்றங் காண்கிற்பின் தீதுண்டோ மன்னு முயிர்க்கு,"If one looks at his faults in the same light as others’ faults,
will any harm befell the lingering human lives?","அயலாருடைய குற்றத்தைக் காண்பது போல் தம் குற்றத்தையும் காண வல்லவரானால், நிலைபெற்ற உயிர் வாழ்க்கைக்குத் துன்பம் உண்ட‌ோ?","If each his own, as neighbours' faults would scan,
Could any evil hap to living man?
If they observed their own faults as they observe the faults of others, would any evil happen to men ?",Not Backbiting,புறங்கூறாமை,இல்லறவியல்,Domestic Virtue,VIRTUE,அறத்துப்பால்
191,பல்லார் முனியப் பயனில சொல்லுவான் எல்லாரும் எள்ளப் படும்,"Those who make vain discourses, detested by many wise,
will be disparaged by all.","கேட்டவர் பலரும் வெறுக்கும் படியாகப் பயனில்லாத சொற்களைச் சொல்லுகின்றவன், எல்லாராலும் இகழப்படுவான்","Words without sense, while chafe the wise,
Who babbles, him will all despise.
He who to the disgust of many speaks useless things will be despised by all.",The Not Speaking Profitless Words,பயனிலசொல்லாமை,இல்லறவியல்,Domestic Virtue,VIRTUE,அறத்துப்பால்
192,பயனில பல்லார்முன் சொல்லல் நயனில நட்டார்கட் செய்தலிற் றீது,"It is more harmful to speak vain words in front of many,
than to do contemptible deeds to your friends.","பலர் முன்னே பயனில்லாத சொற்களைச் சொல்லுதல், நண்பரிடத்தில் அறம் இல்லா செயல்களைச் செய்தலை விடத் தீமையானதாகும்.","Words without sense, where many wise men hear, to pour
Than deeds to friends ungracious done offendeth more.
To speak useless things in the presence of many is a greater evil than to do unkind things towards friends.
",The Not Speaking Profitless Words,பயனிலசொல்லாமை,இல்லறவியல்,Domestic Virtue,VIRTUE,அறத்துப்பால்
193,நயனில னென்பது சொல்லும் பயனில பாரித் துரைக்கும் உரை,"One’s gracelessness is exposed by
his elaborate hollow speeches.","ஒருவன் பயனில்லா பொருள்களைப் பற்றி விரிவாகச் சொல்லும் சொற்கள், அவன் அறம் இல்லாதவன் என்பதை அறிவிக்கும்.","Diffusive speech of useless words proclaims
A man who never righteous wisdom gains.
That conversation in which a man utters forth useless things will say of him ""he is without virtue.""",The Not Speaking Profitless Words,பயனிலசொல்லாமை,இல்லறவியல்,Domestic Virtue,VIRTUE,அறத்துப்பால்
194,நயன்சாரா நன்மையின் நீக்கும் பயன்சாராப் பண்பில்சொல் பல்லா ரகத்து,"Vain words spoken without dignity to a group, are
ungainly, unrighteous and yield no gains.","பயனோடு பொருந்தாத பண்பு இல்லாத சொற்களைப் பலரிடத்தும் சொல்லுதல், அறத்தோடு பொருந்தாமல் நன்மையிலிருந்து நீங்கச் செய்யும்.","Unmeaning, worthless words, said to the multitude,
To none delight afford, and sever men from good.
The words devoid of profit or pleasure which a man speaks will, being inconsistent with virtue, remove him from goodness.
",The Not Speaking Profitless Words,பயனிலசொல்லாமை,இல்லறவியல்,Domestic Virtue,VIRTUE,அறத்துப்பால்
195,சீர்மை சிறப்பொடு நீங்கும் பயனில நீர்மை யுடையார் சொலின்,"Reputation and respect will be lost,
when an affable person speaks worthless words.","பயனில்லாத சொற்களை நல்ல பண்பு உடையவர் சொல்லுவாரானால், அவனுடைய மேம்பாடு அவர்க்குரிய மதிப்போடு நீங்கிவிடும்.","Gone are both fame and boasted excellence,
When men of worth speak of words devoid of sense.
If the good speak vain words their eminence and excellence will leave them.",The Not Speaking Profitless Words,பயனிலசொல்லாமை,இல்லறவியல்,Domestic Virtue,VIRTUE,அறத்துப்பால்
196,பயனில்சொல் பாராட்டு வானை மகனெனல் மக்கட் பதடி யெனல்,"Call him not a man, one who speaks
vain words; he is a scum.","பயனில்லாத சொற்களைப் பலமுறையும் சொல்லுகின்ற ஒருவனை மனிதன் என்று சொல்லக்கூடாது, மக்களுள் பதர் என்று சொல்லவேண்டும்.","Who makes display of idle words' inanity,
Call him not man, -chaff of humanity!
Call not him a man who parades forth his empty words. Call him the chaff of men.",The Not Speaking Profitless Words,பயனிலசொல்லாமை,இல்லறவியல்,Domestic Virtue,VIRTUE,அறத்துப்பால்
197,நயனில சொல்லினுஞ் சொல்லுக சான்றோர் பயனில சொல்லாமை நன்று,"A noble scholar may speak ungraciously, if he has to;
but he must refrain from speaking vain words.","அறம் இல்லாதவற்றைச் சொன்னாலும் சொல்லலாம், சான்றோர் பயன் இல்லாத சொற்களைச் சொல்லாமல் இருத்தல் நன்மையாகும்.","Let those who list speak things that no delight afford,
'Tis good for men of worth to speak no idle word.
Let the wise if they will, speak things without excellence; it will be well for them not to speak useless things.
",The Not Speaking Profitless Words,பயனிலசொல்லாமை,இல்லறவியல்,Domestic Virtue,VIRTUE,அறத்துப்பால்
198,அரும்பய னாயும் அறிவினார் சொல்லார் பெரும்பய னில்லாத சொல்,"The wise, who seek to understand deeper significance of things,
will not utter words with no substantial worth.","அருமையான பயன்களை ஆராயவல்ல அறிவை உடைய அறிஞர், மிக்க பயன் இல்லாத சொற்களை ஒருபோதும் சொல்லமாட்டார்","The wise who weigh the worth of every utterance,
Speak none but words of deep significance.
The wise who seek after rare pleasures will not speak words that have not much weight in them.",The Not Speaking Profitless Words,பயனிலசொல்லாமை,இல்லறவியல்,Domestic Virtue,VIRTUE,அறத்துப்பால்
199,பொருள்தீர்ந்த பொச்சாந்துஞ் சொல்லார் மருள்தீர்ந்த மாசறு காட்சி யவர்,"Those who are flawlessly wise, and have overcome all delusion,
will desist from speaking worthless words, even unconsciously.","மயக்கத்திலிருந்து தெளிந்த மாசற்ற அறிவை உடையவர், பயன் நீங்கிய சொற்களை ஒருகால் மறந்தும் சொல்லமாட்டார்.","The men of vision pure, from wildering folly free,
Not e'en in thoughtless hour, speak words of vanity.
Those wise men who are without faults and are freed from ignorance will not even forgetfully speak things that profit not.",The Not Speaking Profitless Words,பயனிலசொல்லாமை,இல்லறவியல்,Domestic Virtue,VIRTUE,அறத்துப்பால்
200,சொல்லுக சொல்லிற் பயனுடைய சொல்லற்க சொல்லிற் பயனிலாச் சொல்,"Speak, such that what you speak is worthy; speak not
if what you speak is not worthy.","சொற்களில் பயன் உடைய சொற்களை மட்டுமே சொல்லவேண்டும், பயன் இல்லாதவைகளாகிய சொற்களை சொல்லவே கூடாது.","If speak you will, speak words that fruit afford,
If speak you will, speak never fruitless word.
Speak what is useful, and speak not useless words.",The Not Speaking Profitless Words,பயனிலசொல்லாமை,இல்லறவியல்,Domestic Virtue,VIRTUE,அறத்துப்பால்
201,தீவினையார் அஞ்சார் விழுமியார் அஞ்சுவர் தீவினை யென்னுஞ் செறுக்கு,"Sinners do not dread, while great men dread
the delusion of evil deeds.","தீயசெயல்கள் தீமையை விளைவிக்கும் தன்மை உடையனவாக இருத்தலால், அத் தீயச் செயல்கள் தீயைவிடக் கொடியனவாகக் கருதி அஞ்சப்படும்.","With sinful act men cease to feel the dread of ill within,
The excellent will dread the wanton pride of cherished sin.
Those who have experience of evil deeds will not fear, but the excellent will fear the pride of sin
",Dread of Evil Deeds,தீவினையச்சம்,இல்லறவியல்,Domestic Virtue,VIRTUE,அறத்துப்பால்
202,தீயவை தீய பயத்தலால் தீயவை தீயினும் அஞ்சப் படும்,"Vile deeds yield vile results; and hence, vile deeds
are more fearsome than fire.","தீயவை செய்தலாகிய செருக்கைத் தீவினை உடைய பாவிகள் அஞ்சார், தீவினை இல்லாத மேலோர் மட்டுமே அஞ்சுவர்.","Since evils new from evils ever grow,
Evil than fire works out more dreaded woe.
Because evil produces evil, therefore should evil be feared more than fire.",Dread of Evil Deeds,தீவினையச்சம்,இல்லறவியல்,Domestic Virtue,VIRTUE,அறத்துப்பால்
203,அறிவினு ளெல்லாந் தலையென்ப தீய செறுவார்க்குஞ் செய்யா விடல்,"The foremost among all wise deeds, is to refrain from doing
harmful deeds even to those who detest you.","தம்மை வருத்துவோர்க்கும் தீய செயல்களைச் செய்யாமலிருத்தலை, அறிவு எல்லாவற்றிலும் தலையான அறிவு என்று கூறுவர்.","Even to those that hate make no return of ill;
So shalt thou wisdom's highest law, 'tis said, fulfil.
To do no evil to enemies will be called the chief of all virt",Dread of Evil Deeds,தீவினையச்சம்,இல்லறவியல்,Domestic Virtue,VIRTUE,அறத்துப்பால்
204,மறந்தும் பிறன்கேடு சூழற்க சூழின் அறஞ்சூழுஞ் சூழ்ந்தவன் கேடு,"Desire not the destruction of another, even sub-consciously; else, virtue will determine
the destruction of the one who desires so.","பிறனுக்கு கேட்டைத் தரும் தீய செயல்களை ஒருவன் மறந்தும் கூட எண்ணக்கூடாது, எண்ணினால் எண்ணியவனுக்கு கேடு விளையுமாறு அறம் எண்ணும்.","Though good thy soul forget, plot not thy neighbour's fall,
Thy plans shall 'virtue's Power' by ruin to thyself forestall.
Even though forgetfulness meditate not the ruin of another. Virtue will meditate the ruin of him who thus meditates.",Dread of Evil Deeds,தீவினையச்சம்,இல்லறவியல்,Domestic Virtue,VIRTUE,அறத்துப்பால்
205,இலனென்று தீயவை செய்யற்க செய்யின் இலனாகும் மற்றுப் பெயர்த்து,"Don’t commit anything evil in the name of poverty;
the poorer, it will render you.","யான் வறியவன் என்று நினைத்துத் தீய செயல்களைச் செய்யக்கூடாது, செய்தால் மீண்டும் வறியவன் ஆகி வருந்துவான்.","Make not thy poverty a plea for ill;
Thy evil deeds will make thee poorer still.
Commit not evil, saying, ""I am poor"": if you do, you will become poorer still.",Dread of Evil Deeds,தீவினையச்சம்,இல்லறவியல்,Domestic Virtue,VIRTUE,அறத்துப்பால்
206,தீப்பால தான்பிறர்கண் செய்யற்க நோய்ப்பால தன்னை அடல்வேண்டா தான்,"If one wishes not to be tormented by painful reactions,
do not harm others.","துன்பம் செய்யும் தீவினைகள் தன்னை வருத்துதலை விரும்பாதவன், தீயசெயல்களைத் தான் பிறருக்குச் செய்யாமலிருக்க வேண்டும்.","What ranks as evil spare to do, if thou would'st shun
Affliction sore through ill to thee by others done.
Let him not do evil to others who desires not that sorrows should pursue him.",Dread of Evil Deeds,தீவினையச்சம்,இல்லறவியல்,Domestic Virtue,VIRTUE,அறத்துப்பால்
207,எனைப்பகை யுற்றாரும் உய்வர் வினைப்பகை வீயாது பின்சென் றடும்,"There is scope for surviving any sort of enmity; but there can be no respite
from the repercussions of an evil deed.","எவ்வளவு கொடிய பகை உடையவரும் தப்பி வாழ முடியும், ஆனால் தீயவை செய்தால் வரும் தீவினையாகிய பகை நீங்காமல் பின் சென்று வருத்தும்.","From every enmity incurred there is to 'scape, a way;
The wrath of evil deeds will dog men's steps, and slay.
However great be the enmity men have incurred they may still live. The enmity of sin will incessantly pursue and kill.",Dread of Evil Deeds,தீவினையச்சம்,இல்லறவியல்,Domestic Virtue,VIRTUE,அறத்துப்பால்
208,தீயவை செய்தார் கெடுதல் நிழல்தன்னை வீயா தடியுறைந் தற்று,"The shadow stays rooted to the foot; the evil that men do
will remain to torment them.","தீய செயல்களைச் செய்தவர் கேட்டை அடைதல், ஒருவனுடைய நிழல் அவனை விடாமல் வந்து அடியில் தங்கியிருத்தலைப் போன்றது.","Man's shadow dogs his steps where'er he wends;
Destruction thus on sinful deeds attends.
Destruction will dwell at the heels of those who commit evil even as their shadow that leaves them not.",Dread of Evil Deeds,தீவினையச்சம்,இல்லறவியல்,Domestic Virtue,VIRTUE,அறத்துப்பால்
209,தன்னைத்தான் காதல னாயின் எனைத்தொன்றுந் துன்னற்க தீவினைப் பால்,"If one loves himself, he shouldn’t do
an evil act, howsoever small it is.","ஒருவன் தன்னைத் தான் விரும்பி வாழ்பவனாயின், தீய செயலாகிய பகுதியை எவ்வளவு சிறியதாயினும் பொருந்தாமல் நீங்க வேண்டும்.","Beware, if to thyself thyself is dear,
Lest thou to aught that ranks as ill draw near!
If a man love himself, let him not commit any sin however small.",Dread of Evil Deeds,தீவினையச்சம்,இல்லறவியல்,Domestic Virtue,VIRTUE,அறத்துப்பால்
210,அருங்கேடன் என்ப தறிக மருங்கோடித் தீவினை செய்யான் எனின்,"Know a man to be free of torment, if he doesn’t take
a shortcut to do an evil deed.",ஒருவன் தவறான நெறியில் சென்று தீயசெயல் செய்யாதிருப்பானானால் அவன் கேடு இல்லாதவன் என்று அறியலாம்.,"The man, to devious way of sin that never turned aside,
From ruin rests secure, whatever ills betide.
Know ye that he is freed from destruction who commits no evil, going to neither side of the right path.",Dread of Evil Deeds,தீவினையச்சம்,இல்லறவியல்,Domestic Virtue,VIRTUE,அறத்துப்பால்
211,கைம்மாறு வேண்டா கடப்பாடு மாரிமாட் டென்னாற்றுங் கொல்லோ உலகு,"Doing one’s duty without desiring any favours, is like rain;
what can the world do in return for the rains.","இந்த உலகத்தார் மழைக்கு என்ன கைமாறு செய்கின்றனர்;, மழை போன்றவர் செய்யும் உதவிகளும் கைமாறு வேண்டாதவை.","Duty demands no recompense; to clouds of heaven,
By men on earth, what answering gift is given?
Benevolence seeks not a return. What does the world give back to the clouds ?
",The knowledge of what is Befitting a Man's Position,ஒப்புரவறிதல்,இல்லறவியல்,Domestic Virtue,VIRTUE,அறத்துப்பால்
212,தாளாற்றித் தந்த பொருளெல்லாந் தக்கார்க்கு வேளாண்மை செய்தற் பொருட்டு,"The purpose of one’s hard-earned money is
to be deployed to help the deserving.",ஒப்புரவாளன் தன்னால் இயன்ற முயற்சி செய்து சேர்த்த பொருள் எல்லாம் தக்கவர்க்கு உதவி செய்வதற்கே ஆகும்,"The worthy say, when wealth rewards their toil-spent hours,
For uses of beneficence alone 'tis ours.
All the wealth acquired with perseverance by the worthy is for the exercise of benevolence.",The knowledge of what is Befitting a Man's Position,ஒப்புரவறிதல்,இல்லறவியல்,Domestic Virtue,VIRTUE,அறத்துப்பால்
213,புத்தே ளுலகத்தும் ஈண்டும் பெறலரிதே ஒப்புரவின் நல்ல பிற,"In this world and the other, it is tough to attain
anything better than beneficence.",பிறர்க்கு உதவி செய்து வாழும் ஒப்புரவைப் போல நல்லனவாகிய வேறு அறப்பகுதிகளைத் தேவருலகத்திலும் இவ்வுலகத்திலும் பெறுதல் இயலாது,"To 'due beneficence' no equal good we know,
Amid the happy gods, or in this world below.
It is difficult to obtain another good equal to benevolence either in this world or in that of the gods.",The knowledge of what is Befitting a Man's Position,ஒப்புரவறிதல்,இல்லறவியல்,Domestic Virtue,VIRTUE,அறத்துப்பால்
214,ஒத்த தறிவான் உயிர்வாழ்வான் மற்றையான் செத்தாருள் வைக்கப் படும்,"One who is aligned to the right ways of the world, lives amongst the alive;
the others are placed amongst the dead.","ஒப்புரவை அறிந்து போற்றிப் பிறர்க்கு உதவியாக வாழ்கின்றவன் உயிர்வாழ்கின்றவன் ஆவான், மற்றவன் செத்தவருள் சேர்த்துக் கருதப்படுவான்.","Who knows what's human life's befitting grace,
He lives; the rest 'mongst dead men have their place.
He truly lives who knows (and discharges) the proper duties (of benevolence). He who knows the m not will be reckoned among the dead.",The knowledge of what is Befitting a Man's Position,ஒப்புரவறிதல்,இல்லறவியல்,Domestic Virtue,VIRTUE,அறத்துப்பால்
215,ஊருணி நீர்நிறைந் தற்றே உலகவாம் பேரறி வாளன் திரு,"The wealth of the wise one who loves, and is loved by, the world,
is like a public pond brimming with water.","ஒப்புரவினால் உலகம் வாழுமாறு விரும்பும் பேரறிவாளியின் செல்வம், ஊரார் நீருண்ணும் குளம் நீரால் நிறைந்தாற் போன்றது.","The wealth of men who love the 'fitting way,' the truly wise,
Is as when water fills the lake that village needs supplies.
The wealth of that man of eminent knowledge who desires to exercise the benevolence approved of by the world, is like the full waters of a city-tank.",The knowledge of what is Befitting a Man's Position,ஒப்புரவறிதல்,இல்லறவியல்,Domestic Virtue,VIRTUE,அறத்துப்பால்
216,பயன்மரம் உள்ளூர்ப் பழுத்தற்றால் செல்வம் நயனுடை யான்கண் படின்,"Riches falling upon the benevolent, resemble
a ripe tree laden with fruits, in the middle of a village.",ஒப்புராவாகிய நற்பண்பு உடையவனிடம் செல்வம் சேர்ந்தால் அஃது ஊரின் நடுவே உள்ள பயன் மிகுந்த மரம் பழங்கள் பழுத்தாற் போன்றது.,"A tree that fruits in th' hamlet's central mart,
Is wealth that falls to men of liberal heart.
The wealth of a man (possessed of the virtue) of benevolence is like the ripening of a fruitful tree in the midst of a town.",The knowledge of what is Befitting a Man's Position,ஒப்புரவறிதல்,இல்லறவியல்,Domestic Virtue,VIRTUE,அறத்துப்பால்
217,மருந்தாகித் தப்பா மரத்தற்றால் செல்வம் பெருந்தகை யான்கண் படின்,"Riches falling upon a person of great qualities, resemble
an unfailing herbal tree that is a source of medicines.",ஒப்புரவாகிய பெருந்தகைமை உடையவனிடத்து செல்வம் சேர்ந்தால் அஃது எல்லா உறுப்புகளுக்கும் மருந்தாகிப் பயன்படத் தவறாத மரம் போன்றது.,"Unfailing tree that healing balm distils from every part,
Is ample wealth that falls to him of large and noble heart.
If wealth be in the possession of a man who has the great excellence (of benevolence), it is like a tree which as a medicine is an infallible cure for disease.",The knowledge of what is Befitting a Man's Position,ஒப்புரவறிதல்,இல்லறவியல்,Domestic Virtue,VIRTUE,அறத்துப்பால்
218,இடனில் பருவத்தும் ஒப்புரவிற் கொல்கார் கடனறி காட்சி யவர்,"Even in times of distress, those who dont shy away from beneficence,
have clear vision of their moral responsibilities.","ஒப்புரவு அறிந்து ஒழுதலாகியத் தன் கடமை அறிந்த அறிவை உடையவர், செல்வ வளம் இல்லாத காலத்திலும் ஒப்புரவுக்குத் தளர மாட்டார்.","E'en when resources fall, they weary not of 'kindness due,'-
They to whom Duty's self appears in vision true.
The wise who know what is duty will not scant their benevolence even when they are without wealth.",The knowledge of what is Befitting a Man's Position,ஒப்புரவறிதல்,இல்லறவியல்,Domestic Virtue,VIRTUE,அறத்துப்பால்
219,நயனுடையான் நல்கூர்ந்தா னாதல் செயும்நீர செய்யா தமைகலா வாறு,"A benevolent person turns poor when he laments his inability
to do the good deeds he is used to doing.","ஒப்புரவாகிய நற்பண்பு உடையவன் வறுமை உடையவனாதல், செய்யத்தக்க உதவிகளைச் செய்யாமல் வருந்துகின்ற தன்மையாகும்.","The kindly-hearted man is poor in this alone,
When power of doing deeds of goodness he finds none.
The poverty of a benevolent man, is nothing but his inability to exercise the same.",The knowledge of what is Befitting a Man's Position,ஒப்புரவறிதல்,இல்லறவியல்,Domestic Virtue,VIRTUE,அறத்துப்பால்
220,ஒப்புரவி னால்வருங் கேடெனின் அஃதொருவன் விற்றுக்கோள் தக்க துடைத்து,"What harm can come out of beneficence? Such harm
deserves to be bought even by selling oneself.",ஒப்புரவால் கேடு வரும் என்றால் அக் கேடு ஒருவன் தன்னை விற்றாவது வாங்கிக்கொள்ளும் தகுதி உடையதாகும்.,"Though by 'beneficence,' the loss of all should come,
'Twere meet man sold himself, and bought it with the sum.
If it be said that loss will result from benevolence, such loss is worth being procured even by the sale of one's self.",The knowledge of what is Befitting a Man's Position,ஒப்புரவறிதல்,இல்லறவியல்,Domestic Virtue,VIRTUE,அறத்துப்பால்
221,வறியார்க்கொன் றீவதே ஈகைமற் றெல்லாங் குறியெதிர்ப்பை நீர துடைத்து,"Giving to the poor is charity; all else
have the quality of anticipating a return.","வறியவர்க்கு ஒரு பொருளைக் கொடுப்பதே ஈகை எனப்படுவது, மற்றவர்க்குக் கொடுப்பதெல்லாம் பயன் எதிர்பார்த்து கொடுக்கும் தன்மை உடையது","Call that a gift to needy men thou dost dispense,
All else is void of good, seeking for recompense.
To give to the destitute is true charity. All other gifts have the nature of (what is done for) a measured return.",Giving,ஈகை,இல்லறவியல்,Domestic Virtue,VIRTUE,அறத்துப்பால்
222,நல்லா றெனினுங் கொளல்தீது மேலுலகம் இல்லெனினும் ஈதலே நன்று,"To receive is a vice, even if it is accepted as a good virtue;
to give, is good, even if the heaven is denied.","பிறரிடம் பொருள் பெற்றுக் கொள்ளுதல் நல்ல நெறி என்றாலும் கொள்ளல் தீமையானது, மேலுலகம் இல்லை என்றாலும் பிறக்குக் கொடுப்பதே சிறந்தது.","Though men declare it heavenward path, yet to receive is ill;
Though upper heaven were not, to give is virtue still.
To beg is evil, even though it were said that it is a good path (to heaven). To give is good, even though it were said that those who do so cannot obtain heaven.",Giving,ஈகை,இல்லறவியல்,Domestic Virtue,VIRTUE,அறத்துப்பால்
223,இலனென்னும் எவ்வம் உரையாமை ஈதல் குலனுடையான் கண்ணே யுள,"Charity, without mention of the distress of poverty, is present
only in those from a good family.",யான் வறியவன் என்னும் துன்பச் சொல்லை ஒருவன் உரைப்பத,"I've nought' is ne'er the high-born man's reply;
He gives to those who raise themselves that cry.
(Even in a low state) not to adopt the mean expedient of saying ""I have nothing,"" but to give, is the characteristic of the mad of noble birth.",Giving,ஈகை,இல்லறவியல்,Domestic Virtue,VIRTUE,அறத்துப்பால்
224,இன்னா திரக்கப் படுதல் இரந்தவர் இன்முகங் காணு மளவு,"To be asked to give is bitter too, until seeing
the smiling face of the recipient.",பொருள் வேண்டும் என்ற இரந்தவரின் மகிழ்ந்த முகத்தைக் காணும் வரைக்கும் (இரத்தலைப் போலவே ) இரந்து கேட்கப்படுவதும் துன்பமானது.,"The suppliants' cry for aid yields scant delight,
Until you see his face with grateful gladness bright.
To see men begging from us in disagreeable, until we see their pleasant countenance.",Giving,ஈகை,இல்லறவியல்,Domestic Virtue,VIRTUE,அறத்துப்பால்
225,ஆற்றுவா ராற்றல் பசியாற்றல் அப்பசியை மாற்றுவா ராற்றலிற் பின்,"The strength of the strongest is to endure hunger;
it trails the ability to eradicate that hunger.","தவ வலிமை உடையவரின் வலிமை பசியை பொறுத்துக் கொள்ளலாகும், அதுவும் அப் பசியை உணவு கொடுத்து மாற்றுகின்றவரின் ஆற்றலுக்குப் பிற்பட்டதாகும்.","Mid devotees they're great who hunger's pangs sustain,
Who hunger's pangs relieve a higher merit gain.
The power of those who perform penance is the power of enduring hunger. It is inferior to the power of those who remove the hunger (of others).",Giving,ஈகை,இல்லறவியல்,Domestic Virtue,VIRTUE,அறத்துப்பால்
226,அற்றார் அழிபசி தீர்த்தல் அஃதொருவன் பெற்றான் பொருள்வைப் புழி,"To douse the destructive hunger of the destitute, is
the safe to store the riches of the rich.",வறியவரின் கடும்பசியைத் தீர்க்க வேண்டும் அதுவே பொருள் பெற்ற ஒருவன் அப் பொருளைத் தனக்குப் பிற்காலத்தில் உதவுமாறு சேர்த்து வைக்கும் இடமாகும்.,"Let man relieve the wasting hunger men endure;
For treasure gained thus finds he treasure-house secure.
The removal of the killing hunger of the poor is the place for one to lay up his wealth",Giving,ஈகை,இல்லறவியல்,Domestic Virtue,VIRTUE,அறத்துப்பால்
227,பாத்தூண் மரீஇ யவனைப் பசியென்னுந் தீப்பிணி தீண்ட லரிது,"Hunger, the deadly disease, never touches one who is
accustomed to share his food with others.",தான் பெற்ற உணவை பலரோடும் பகிர்ந்து உண்ணும் பழக்கம் உடையவனை பசி என்று கூறப்படும் தீயநோய் அணுகுதல் இல்லை.,"Whose soul delights with hungry men to share his meal,
The hand of hunger's sickness sore shall never feel.
The fiery disease of hunger shall never touch him who habitually distributes his food to others.
",Giving,ஈகை,இல்லறவியல்,Domestic Virtue,VIRTUE,அறத்துப்பால்
228,ஈத்துவக்கும் இன்பம் அறியார்கொல் தாமுடைமை வைத்திழக்கும் வன்க ணவர்,"Do they not know to enjoy the joy of giving, those loveless people,
who keep their wealth only to lose it.","தாம் சேர்த்து வைத்துள்ள பொருளைப் பிறருக்குக் கொடுக்காமல் வைத்திருந்து பின் இழந்து விடும் வன் கண்மை உடையவர், பிறர்க்கு கொடுத்து மகிழும் மகிழ்ச்சியை அறியாரோ.","Delight of glad'ning human hearts with gifts do they not know.
Men of unpitying eye, who hoard their wealth and lose it so?
Do the hard-eyed who lay up and lose their possessions not know the happiness which springs from the pleasure of giving ?",Giving,ஈகை,இல்லறவியல்,Domestic Virtue,VIRTUE,அறத்துப்பால்
229,இரத்தலின் இன்னாது மன்ற நிரப்பிய தாமே தமிய ருணல்,"Eating alone to increase one’s accumulated wealth,
is more distressing than begging.",பொருளின் குறைபாட்டை நிரப்புவதற்க்காக உள்ளதைப் பிறர்க்கு ஈயாமல் தாமே தமியராய் உண்பது வறுமையால் இறப்பதை விடத் துன்பமானது,"They keep their garners full, for self alone the board they spread;-
'Tis greater pain, be sure, than begging daily bread!
Solitary and unshared eating for the sake of filling up one's own riches is certainly much more unpleasant than begging.",Giving,ஈகை,இல்லறவியல்,Domestic Virtue,VIRTUE,அறத்துப்பால்
230,சாதலின் இன்னாத தில்லை இனிததூஉம் ஈத லியையாக் கடை,"There is nothing more harrowing than death; that too seems sweet,
if one is unable to give a thing to the needy.","சாவதை விடத் துன்பமானது வேறொன்றும் இல்லை, ஆனால் வறியவர்க்கு ஒரு பொருள் கொடுக்க முடியாதநிலை வந்தபோது அச் சாதலும் இனியதே ஆகும்.","Tis bitter pain to die, 'Tis worse to live.
For him who nothing finds to give!
Nothing is more unpleasant than death: yet even that is pleasant where charity cannot be exercised.",Giving,ஈகை,இல்லறவியல்,Domestic Virtue,VIRTUE,அறத்துப்பால்
231,ஈத லிசைபட வாழ்தல் அதுவல்ல தூதிய மில்லை உயிர்க்கு,"Give, and live with fame; there is
no other gain for lives.","வறியவர்க்கு ஈதல் வேண்டும் அதனால் புகழ் உண்டாக வாழ வேண்டும், அப் புகழ் அல்லாமல் உயிர்க்கு ஊதியமானது வேறொன்றும் இல்லை.","See that thy life the praise of generous gifts obtain;
Save this for living man exists no real gain.
Give to the poor and live with praise. There is no greater profit to man than that.",Renown,புகழ்,இல்லறவியல்,Domestic Virtue,VIRTUE,அறத்துப்பால்
232,உரைப்பா ருரைப்பவை யெல்லாம் இரப்பார்க்கொன் றீவார்மேல் நிற்கும் புகழ்,"All that chroniclers chronicle, is the renown that rests
on those who give to the needy.",புகழ்ந்து சொல்கின்றவர் சொல்பவை எல்லாம் வறுமையால் இரப்பவர்க்கு ஒரு பொருள் கொடுத்து உதவுகின்றவரின் மேல் நிற்கின்ற புகழேயாகும்.,"The speech of all that speak agrees to crown
The men that give to those that ask, with fair renown.
Whatsoever is spoken in the world will abide as praise upon that man who gives alms to the poor.",Renown,புகழ்,இல்லறவியல்,Domestic Virtue,VIRTUE,அறத்துப்பால்
233,ஒன்றா உலகத் துயர்ந்த புகழல்லாற் பொன்றாது நிற்பதொன் றில்,"Those who praise, praise and sign paeans, on the renown that rests
on those who give to the needy.",உயர்ந்த புகழ் அல்லாமல் உலகத்தில் ஒப்பற்ற ஒரு பொருளாக அழியாமல் நிலைநிற்க வல்லது வேறொன்றும் இல்லை.,"Save praise alone that soars on high,
Nought lives on earth that shall not die.
There is nothing that stands forth in the world imperishable, except fame, exalted in solitary greatness.",Renown,புகழ்,இல்லறவியல்,Domestic Virtue,VIRTUE,அறத்துப்பால்
234,நிலவரை நீள்புகழ் ஆற்றின் புலவரைப் போற்றாது புத்தே ளுலகு,"The world of devas, will cease to praise pure scholars, if one,
through his deeds across this world, earns everlasting fame.","நிலவுலகின் எல்லையில் நெடுங்காலம் நிற்கவல்ல புகழைச் செய்தால், வானுலகம் (அவ்வாறு புகழ் செய்தாரைப் போற்றுமே அல்லாமல்) தேவரைப் போற்றாது..","If men do virtuous deeds by world-wide ample glory crowned,
The heavens will cease to laud the sage for other gifts renowned.
If one has acquired extensive fame within the limits of this earth, the world of the Gods will no longer praise those sages who have attained that world.",Renown,புகழ்,இல்லறவியல்,Domestic Virtue,VIRTUE,அறத்துப்பால்
235,நத்தம்போல் கேடும் உளதாகுஞ் சாக்காடும் வித்தகர்க் கல்லால் அரிது,"Growth (of fame) amidst adverstiy and survival (of name) after death,
are possible only for the smartest.","புகழுடம்பு மேம்படுதலாகும் வாழ்வில் கேடும், புகழ் நிலை நிற்பதாகும் சாவும் அறிவில் சிறந்தவர்க்கு அல்லாமல் மற்றவர்க்கு இல்லை.","Loss that is gain, and death of life's true bliss fulfilled,
Are fruits which only wisdom rare can yield.
Prosperity to the body of fame, resulting in poverty to the body of flesh and the stability to the former arising from the death of the latter, are achievable only by the wise.",Renown,புகழ்,இல்லறவியல்,Domestic Virtue,VIRTUE,அறத்துப்பால்
236,தோன்றின் புகழோடு தோன்றுக அஃதிலார் தோன்றலின் தோன்றாமை நன்று,"Appear with fame, if you must appear; if not,
it is better not to appear than appear.","ஒரு துறையில் முற்பட்டுத் தோன்றுவதானால் புகழோடு தோன்ற வேண்டும், அத்தகைய சிறப்பு இல்லாதவர் அங்குத் தோன்றுவதைவிடத் தோன்றாமலிருப்பதே நல்லது.","If man you walk the stage, appear adorned with glory's grace;
Save glorious you can shine, 'twere better hide your face.
If you are born (in this world), be born with qualities conductive to fame. From those who are destitute of them it will be better not to be born.",Renown,புகழ்,இல்லறவியல்,Domestic Virtue,VIRTUE,அறத்துப்பால்
237,புகழ்பட வாழாதார் தந்நோவார் தம்மை இகழ்வாரை நோவ தெவன்,"Why do those, who live with no fame, instead of blaming themselves,
blame those who revile them.",தமக்குப் புகழ் உண்டாகுமாறு வாழமுடியாதவர் தம்மைத் தாம் நொந்து கொள்ளாமல் தம்மை இகழ்கின்றவரை நொந்து கொள்ளக் காரணம் என்ன?,"If you your days will spend devoid of goodly fame,
When men despise, why blame them? You've yourself to blame.
Why do those who cannot live with praise, grieve those who despise them, instead of grieving themselves for their own inability.",Renown,புகழ்,இல்லறவியல்,Domestic Virtue,VIRTUE,அறத்துப்பால்
238,வசையென்ப வையத்தார்க் கெல்லாம் இசையென்னும் எச்சம் பெறாஅ விடின்,"Reproach will remain for those who, with no fame,
have no legacy to leave behind.",தமக்குப் பின் எஞ்சி நிற்பதாகியப் புகழைப் பெறாவிட்டால் உலகத்தார் எல்லார்க்கும் அத்தகைய வாழ்க்கை பழி என்று சொல்லுவர்.,"Fame is virtue's child, they say; if, then,
You childless live, you live the scorn of men.
Not to beget fame will be esteemed a disgrace by the wise in this world.",Renown,புகழ்,இல்லறவியல்,Domestic Virtue,VIRTUE,அறத்துப்பால்
239,வசையிலா வண்பயன் குன்றும் இசையிலா யாக்கை பொறுத்த நிலம்,"The unblemished, fertile yield will diminish for the land
that bears a body with no repute.","புகழ் பெறாமல் வாழ்வைக் கழித்தவருடைய உடம்பைச் சுமந்த நிலம், வசையற்ற வளமான பயனாகிய விளைவு இல்லாமல் குன்றிவிடும்.","The blameless fruits of fields' increase will dwindle down,
If earth the burthen bear of men without renown.
The ground which supports a body without fame will diminish in its rich produce.",Renown,புகழ்,இல்லறவியல்,Domestic Virtue,VIRTUE,அறத்துப்பால்
240,வசையொழிய வாழ்வாரே வாழ்வார் இசையொழிய வாழ்வாரே வாழா தவர்,"Those who lead a life free of blame, are alive;
those who live devoid of fame, are not alive.","தாம் வாழும் வாழ்க்கையில் பழி உண்டாகாமல் வாழ்கின்றவரே உயிர் வாழ்கின்றவர், புகழ் உண்டாகாமல் வாழ்கின்றவரே உயிர் வாழாதவர்.","Who live without reproach, them living men we deem;
Who live without renown, live not, though living men they seem.
Those live who live without disgrace. Those who live without fame live not.",Renown,புகழ்,இல்லறவியல்,Domestic Virtue,VIRTUE,அறத்துப்பால்
241,அருட்செல்வஞ் செல்வத்துள் செல்வம் பொருட்செல்வம் பூரியார் கண்ணு முள,"The gains of compassion are most precious; material wealth is
possessed even by the despicable.",பொருள்களாகிய செல்வங்கள் இழிந்தவரிடத்திலும் உள்ளன; (உயர்ந்தவரிடத்தில் மட்டுமே உள்ள) அருளாகிய செல்வமே செல்வங்களில் சிறந்த செல்வமாகும்.,"Wealth 'mid wealth is wealth 'kindliness';
Wealth of goods the vilest too possess.
The wealth of kindness is wealth of wealth, in as much as the wealth of property is possessed by the basest of men.", The Possession of Benevolence,அருளுடைமை,துறவறவியல்,Ascetic Virtue,VIRTUE,அறத்துப்பால்
242,நல்லாற்றான் நாடி யருளாள்க பல்லாற்றால் தேரினும் அஃதே துணை,Pursue the virtuous path and have compassion; all spiritual quests lead to this companion.,நல்ல வழியால் ஆராய்ந்து அருளுடையவர்களாக விளங்க வேண்டும்; பலவழிகளால் ஆராய்ந்து கண்டாலும் அருளே வாழ்க்கைக்குத் துணையாக இருக்கும்.,"The law of 'grace' fulfil, by methods good due trial made,
Though many systems you explore, this is your only aid.
(Stand) in the good path, consider, and be kind. Even considering according to the conflicting tenets of the different sects, kindness will be your best aid, (in the acquisition of heavenly bliss.)", The Possession of Benevolence,அருளுடைமை,துறவறவியல்,Ascetic Virtue,VIRTUE,அறத்துப்பால்
243,அருள்சேர்ந்த நெஞ்சினார்க் கில்லை இருள்சேர்ந்த இன்னா உலகம் புகல்,Those with their hearts filled with compassion will never enter a woeful world of darkness.,"அறியாமையாகிய இருள் பொருந்திய துன்ப உலகில் இருந்து வாழும் வாழ்க்கை, அருள் பொருந்திய நெஞ்சம் உடையவர்களுக்கு இல்லை.","They in whose breast a 'gracious kindliness' resides,
See not the gruesome world, where darkness drear abides.
They will never enter the world of darkness and wretchedness whose minds are the abode of kindness.", The Possession of Benevolence,அருளுடைமை,துறவறவியல்,Ascetic Virtue,VIRTUE,அறத்துப்பால்
244,மன்னுயி ரோம்பி அருளாள்வாற் கில்லென்ப தன்னுயி ரஞ்சும் வினை,"The compassionate, who care for all other lives,
do not fear for their own lives.","தன் உயிரின் பொருட்டு அஞ்சி வாழ்கின்ற தீவினை, உலகில் நிலைபெற்றுள்ள மற்ற உயிர்களைப் போற்றி அருளுடையவனாக இருப்பவனுக்கு இல்லை","Who for undying souls of men provides with gracious zeal,
In his own soul the dreaded guilt of sin shall never feel.
(The wise) say that the evils, which his soul would dread, will never come upon the man who exercises kindness and protects the life (of other creatures)", The Possession of Benevolence,அருளுடைமை,துறவறவியல்,Ascetic Virtue,VIRTUE,அறத்துப்பால்
245,அல்லல் அருளாள்வார்க் கில்லை வளிவழங்கு மல்லன்மா ஞாலங் கரி,"The fertile world which endows us with breathing air illustrates that
there is no sorrow for the compassionate.","அருளுடையவராக வாழ்கின்றவர்களுக்குத் துன்பம் இல்லை, காற்று இயங்குகின்ற வளம் பெரிய உலகத்தில் வாழ்வோரே இதற்குச் சான்று ஆவர்.","The teeming earth's vast realm, round which the wild winds blow,
Is witness, men of ' grace' no woeful want shall know.
This great rich earth over which the wind blows, is a witness that sorrow never comes upon the kind-hearted.", The Possession of Benevolence,அருளுடைமை,துறவறவியல்,Ascetic Virtue,VIRTUE,அறத்துப்பால்
246,பொருள்நீங்கிப் பொச்சாந்தா ரென்பர் அருள்நீங்கி அல்லவை செய்தொழுகு வார்,"Those who do evil, abandoning compassion, must have forsaken
and forgotten the meaning of life.","அருள் இல்லாதவராய் அறமல்லாதவைகளைச் செய்து நடப்பவர்களை, உறுதிப்பொருளாகிய அறத்திலிருந்து நீங்கித் தம் வாழ்க்கையின் குறிக்கோளை மறந்தவர் என்பார்.","Gain of true wealth oblivious they eschew,
Who 'grace' forsake, and graceless actions do.
(The wise) say that those who neglect kindness and practise cruelties, neglected virtue (in their former birth), and forgot (the sorrows which they must suffer.)", The Possession of Benevolence,அருளுடைமை,துறவறவியல்,Ascetic Virtue,VIRTUE,அறத்துப்பால்
247,அருளில்லார்க் கவ்வுலகம் இல்லை பொருளில்லார்க் கிவ்வுலகம் இல்லாகி யாங்கு,"The poor do not possess this world; likewise, the uncompassionate do not inhabit the other world.",பொருள் இல்லாதவர்க்கு இவ்வுலகத்து வாழ்க்கை இல்லாதவாறு போல உயிர்களிடத்தில் அருள் இல்லாதவர்க்கு அவ்வுலகத்து வாழ்க்கை இல்லையாம்.,"As to impoverished men this present world is not;
The 'graceless' in you world have neither part nor lot.
As this world is not for those who are without wealth, so that world is not for those who are without kindness.", The Possession of Benevolence,அருளுடைமை,துறவறவியல்,Ascetic Virtue,VIRTUE,அறத்துப்பால்
248,பொருளற்றார் பூப்ப ரொருகால் அருளற்றார் அற்றார்மற் றாதல் அரிது,"Those who lack wealth may, one day, bloom; those who lack compassion
are incorrigible, and are forever, doomed.","பொருள் இல்லாதவர் ஒரு காலத்தில் வளம் பெற்று விளங்குவர், அருள் இல்லாதவர் வாழ்க்கையின் பயம் அற்றவரே அவர் ஒரு காலத்திலும் சிறந்து விளங்குதல் இல்லை.","Who lose the flower of wealth, when seasons change, again may bloom;
Who lose 'benevolence', lose all; nothing can change their doom.
Those who are without wealth may, at some future time, become prosperous; those who are destitute of kindness are utterly destitute; for them there is no change.", The Possession of Benevolence,அருளுடைமை,துறவறவியல்,Ascetic Virtue,VIRTUE,அறத்துப்பால்
249,தெருளாதான் மெய்ப்பொருள் கண்டற்றால் தேரின் அருளாதான் செய்யும் அறம்,"The uncompassionate doing a righteous deed is like
the unwise finding true enlightenment.","அருள் மேற்கொள்ளாதவன் செய்கின்ற அறச்செயலை ஆராய்ந்தால், அஃது அறிவு தெளியாதவன் ஒரு நூலின் உண்மைப் பொருளைக் கண்டாற் போன்றது.","When souls unwise true wisdom's mystic vision see,
The 'graceless' man may work true works of charity.
If you consider, the virtue of him who is without kindness is like the perception of the true being by him who is without wisdom.", The Possession of Benevolence,அருளுடைமை,துறவறவியல்,Ascetic Virtue,VIRTUE,அறத்துப்பால்
250,வலியார்முன் தன்னை நினைக்கதான் தன்னின் மெலியார்மேற் செல்லு மிடத்து,"When you confront those meeker than you, think of
yourself in front of a stronger person.","அருள் இல்லாதவன் ) தன்னை விட மெலிந்தவர் மேல் துன்புறுத்த செல்லும் போது, தன்னை விட வலியவரின் முன் தான் அஞ்சி நிற்கும் நிலைமையை நினைக்க வேண்டும்.","When weaker men you front with threat'ning brow,
Think how you felt in presence of some stronger foe.
When a man is about to rush upon those who are weaker than himself, let him remember how he has stood (trembling) before those who are stronger than himself.", The Possession of Benevolence,அருளுடைமை,துறவறவியல்,Ascetic Virtue,VIRTUE,அறத்துப்பால்
251,தன்னூன் பெருக்கற்குத் தான்பிறி தூனுண்பான் எங்ஙனம் ஆளும் அருள்,"How can someone possess kindness, if one eats meat
from another body to grow one’s own body?",தன் உடம்பைப் பெருக்கச் செய்வதற்காகத் தான் மற்றோர் உயிரின் உடம்பைத் தின்கின்றவன் எவ்வாறு அருளுடையவனாக இருக்க முடியும்.,"How can the wont of 'kindly grace' to him be known,
Who other creatures' flesh consumes to feed his own?
How can he be possessed of kindness, who to increase his own flesh, eats the flesh of other creatures.",The Renunciation of Flesh,புலால் மறுத்தல்,துறவறவியல்,Ascetic Virtue,VIRTUE,அறத்துப்பால்
252,பொருளாட்சி போற்றாதார்க் கில்லை அருளாட்சி ஆங்கில்லை ஊன்றின் பவர்க்கு,"One, who doesn’t value money can’t be wealthy;
one, who eats meat, can’t be compassionate.","பொருளுடையவராக இருக்கும் சிறப்பு அப்பொருளை வைத்துக் காப்பாற்றாதவர்க்கு இல்லை, அருளுடையவராக இருக்கும் சிறப்பு புலால் தின்பவர்க்கு இல்லை.","No use of wealth have they who guard not their estate;
No use of grace have they with flesh who hunger sate.
As those possess no property who do not take care of it, so those possess no kindness who feed on flesh.",The Renunciation of Flesh,புலால் மறுத்தல்,துறவறவியல்,Ascetic Virtue,VIRTUE,அறத்துப்பால்
253,படைகொண்டார் நெஞ்சம்போல் நன்றூக்கா தொன்றன் உடல்சுவை யுண்டார் மனம்,"The heart of one who has eaten and relished flesh, is like
the heart of one leading an army: it cannot be compassionate.",ஓர் உயிரின் உடம்பைச் சுவையாக உண்டவரின் மனம் கொலைக்கருவியைக் கையில் கொண்டவரின் நெஞ்சம் போல் நன்மையாகி அருளைப் போற்றாது.,"Like heart of them that murderous weapons bear, his mind,
Who eats of savoury meat, no joy in good can find.
Like the (murderous) mind of him who carries a weapon (in his hand), the mind of him who feasts with pleasure on the body of another (creature), has no regard for goodness.",The Renunciation of Flesh,புலால் மறுத்தல்,துறவறவியல்,Ascetic Virtue,VIRTUE,அறத்துப்பால்
254,அருளல்ல தியாதெனிற் கொல்லாமை கோறல் பொருளல்ல தவ்வூன் தினல்,"What is compassion, and the lack of it : not killing and killing;
it is not virtuous to eat meat got by killing.",அருள் எது என்றால் ஓர் உயிரையும் கொல்லாமலிருத்தல் அருளல்லாது எது என்றால் உயிர்களைக்கொள்ளுதல் அதன் உடம்பைத் தின்னுதல் அறம் அல்லாதது.,"What's grace, or lack of grace'? 'To kill' is this, that 'not to kill';
To eat dead flesh can never worthy end fulfil.
If it be asked what is kindness and what its opposite, the answer would be preservation and destruction of life; and therefore it is not right to feed on the flesh (obtained by taking away life).",The Renunciation of Flesh,புலால் மறுத்தல்,துறவறவியல்,Ascetic Virtue,VIRTUE,அறத்துப்பால்
255,உண்ணாமை யுள்ள துயிர்நிலை ஊனுண்ண அண்ணாத்தல் செய்யா தளறு,"Survival of species, depends on not being eaten;
those who eat them…hell will not split its mouth to spit them out.","உயிர்கள் உடம்பு பெற்று வாழும் நிலைமை, ஊன் உண்ணாதிருத்தலை அடிப்படையாகக் கொண்டது ஊன் உண்டால் நரகம் அவனை வெளிவிடாது.","If flesh you eat not, life's abodes unharmed remain;
Who eats, hell swallows him, and renders not again.
Not to eat flesh contributes to the continuance of life; therefore if a man eat flesh, hell will not open its mouth (to let him escape out, after he has once fallen in).",The Renunciation of Flesh,புலால் மறுத்தல்,துறவறவியல்,Ascetic Virtue,VIRTUE,அறத்துப்பால்
256,தினற்பொருட்டால் கொல்லா துலகெனின் யாரும் விலைப்பொருட்டால் ஊன்றருவா ரில்,"There wont be anyone selling meat for the sake of earning,
if the world stops killing for the sake of eating.","புலால் தின்னும் பொருட்டு உலகத்தார் உயிர்களைக் கொல்லா திருப்பாரானால், விலையின் பொருட்டு ஊன் விற்பவர் இல்லாமல் போவார்.","We eat the slain,' you say, by us no living creatures die;
Who'd kill and sell, I pray, if none came there the flesh to buy?
If the world does not destroy life for the purpose of eating, then no one would sell flesh for the sake of money.",The Renunciation of Flesh,புலால் மறுத்தல்,துறவறவியல்,Ascetic Virtue,VIRTUE,அறத்துப்பால்
257,உண்ணாமை வேண்டும் புலாஅல் பிறிதொன்றன் புண்ண துணர்வார்ப் பெறின்,"Meat is the wound of some body;
if one gets this realization, stop eating it.","புலால் உண்ணாமலிருக்க வேண்டும், ஆராய்ந்து அறிவாரைப் பெற்றால், அப் புலால் வேறோர் உயிரின் புண் என்பதை உணரலாம்.","With other beings' ulcerous wounds their hunger they appease;
If this they felt, desire to eat must surely cease.
If men should come to know that flesh is nothing but the unclean ulcer of a body, let them abstain from eating it.",The Renunciation of Flesh,புலால் மறுத்தல்,துறவறவியல்,Ascetic Virtue,VIRTUE,அறத்துப்பால்
258,செயிரின் தலைப்பிரிந்த காட்சியா ருண்ணார் உயிரின் தலைப்பிரிந்த ஊன்,"Those who have wisdom, free of flaws, would not
eat a body, freed of its life.","குற்றத்திலிருந்து நீங்கிய அறிவை உடையவர், ஒர் உயிரினிடத்திலிருந்து பிரிந்து வந்த ஊனை உண்ணமாட்டார்.","Whose souls the vision pure and passionless perceive,
Eat not the bodies men of life bereave.
The wise, who have freed themselves from mental delusion, will not eat the flesh which has been severed from an animal.",The Renunciation of Flesh,புலால் மறுத்தல்,துறவறவியல்,Ascetic Virtue,VIRTUE,அறத்துப்பால்
259,அவிசொரிந் தாயிரம் வேட்டலின் ஒன்றன் உயிர்செகுத் துண்ணாமை நன்று,"To desist from killing a life and eating it, is better than
doing a thousand rituals, offering oblation.",நெய் முதலியப் பொருள்களைத் தீயில் சொரிந்து ஆயிரம் வேள்விகள் செய்தலை விட ஒன்றன் உயிரைக்கொன்று உடம்பைத் தின்னாதிருத்தல் நல்லது.,"Than thousand rich oblations, with libations rare,
Better the flesh of slaughtered beings not to share.
Not to kill and eat (the flesh of) an animal, is better than the pouring forth of ghee etc., in a thousand sacrifices.",The Renunciation of Flesh,புலால் மறுத்தல்,துறவறவியல்,Ascetic Virtue,VIRTUE,அறத்துப்பால்
260,கொல்லான் புலாலை மறுத்தானைக் கைகூப்பி எல்லா உயிருந் தொழும்,"To one who doesnt kill and refuses meat, all lives will
fold their arms and pay obeisance.",ஓருயிரையும் கொல்லாமல் புலால் உண்ணாமல் வாழ்கின்றவனை உலகத்தில் உள்ள எல்லா உயிர்களும் கைகூப்பி வணங்கும்.,"Who slays nought,- flesh rejects- his feet before
All living things with clasped hands adore.
All creatures will join their hands together, and worship him who has never taken away life, nor eaten flesh.",The Renunciation of Flesh,புலால் மறுத்தல்,துறவறவியல்,Ascetic Virtue,VIRTUE,அறத்துப்பால்
261,உற்றநோய் நோன்றல் உயிர்க்குறுகண் செய்யாமை அற்றே தவத்திற் குரு,"To endure any ordeal and to cause none
to other lives, embodies penance.",தனக்கு உற்ற துன்பத்தை பொறுத்தலும் மற்ற உயிர்க்குத் துன்பம் செய்யாதிருத்தலும் ஆகிய அவ்வளவே தவத்திற்கு வடிவமாகும்,"To bear due penitential pains, while no offence
He causes others, is the type of 'penitence'.
The nature of religious discipline consists, in the endurance (by the ascetic) of the sufferings which it brings on himself, and in abstaining from giving pain to others.",Penance,தவம்,துறவறவியல்,Ascetic Virtue,VIRTUE,அறத்துப்பால்
262,தவமுந் தவமுடையார்க் காகும் அவமதனை அஃதிலார் மேற்கொள் வது,"Penance makes sense only for those
who have been virtuous; for others, it is useless.",தவக்கோலமும் தவஒழுக்கமும் உடையவர்க்கே பொருந்துவதாகும்; அக் கோலத்தை தவஒழுக்கம் இல்லாதவர் மேற்கொள்வது வீண்முயற்சியாகும்.,"To 'penitents' sincere avails their 'penitence';
Where that is not, 'tis but a vain pretence.
Austerities can only be borne, and their benefits enjoyed, by those who have practised them (in a former birth); it will be useless for those who have not done so, to attempt to practise them (now).",Penance,தவம்,துறவறவியல்,Ascetic Virtue,VIRTUE,அறத்துப்பால்
263,துறந்தார்க்குத் துப்புரவு வேண்டி மறந்தார்கொன் மற்றை யவர்கள் தவம்,"Is it to assist the ascetics
that the others have forgotten penance?",துறந்தவர்க்கு உணவு முதலியனக் கொடுத்து உதவவேண்டும் என விரும்பி மற்றவர்கள் (இல்லறத்தினர்) தவம் செய்தலை மறந்தார்களோ,"Have other men forgotten 'penitence' who strive
To earn for penitents the things by which they live?
It is to provide food etc, for the ascetics who have abandoned (the desire of earthly possessions) that other persons have forgotten (to practise) austerity ?",Penance,தவம்,துறவறவியல்,Ascetic Virtue,VIRTUE,அறத்துப்பால்
264,ஒன்னார்த் தெறலும் உவந்தாரை யாக்கலும் எண்ணின் தவத்தான் வரும்,"Those who do penance, if they so choose, can crush those
who harm them and elevate those who delight them.",தீமை செய்யும் பகைவரை அடக்குதலும் நன்மை செய்யும் நண்பரை உயர்த்துதலும் நினைத்த அளவில் தவத்தின் வலிமையால் உண்டாகும்.,"Destruction to his foes, to friends increase of joy.
The 'penitent' can cause, if this his thoughts employ.
If (the ascetic) desire the destruction of his enemies, or the aggrandizement of his friends, it will be effected by (the power of) his austerities.",Penance,தவம்,துறவறவியல்,Ascetic Virtue,VIRTUE,அறத்துப்பால்
265,வேண்டிய வேண்டியாங் கெய்தலால் செய்தவம் ஈண்டு முயலப் படும்,"Since it gives the power to attain whatever one wishes to,
penance needs to be attempted at the earliest.",விரும்பிய பயன்களை விரும்பியவாறே அடைய முடியுமாகையால் செய்யத்தக்க தவம் இந்நிலையிலும் (இல்லற வாழ்க்கையிலும்) முயன்று செய்யப்படும்.,"That what they wish may, as they wish, be won,
By men on earth are works of painful 'penance' done.
Religious dislipline is practised in this world, because it secures the attainment of whatever one may wish to enjoy (in the world to come).",Penance,தவம்,துறவறவியல்,Ascetic Virtue,VIRTUE,அறத்துப்பால்
266,தவஞ்செய்வார் தங்கருமஞ் செய்வார்மற் றல்லார் அவஞ்செய்வார் ஆசையுட் பட்டு,"Those who do penance do their duty; others,
engage in futile tasks, ensnared in desire.","தவம் செய்கின்றவரே தமக்குரிய கடமையைச் செய்கின்றவர் ஆவர், அவர் அல்லாத மற்றவர் ஆசை வலையில் அகப்பட்டு வீண் முயற்சி செய்கின்றவரே.","Who works of 'penance' do, their end attain,
Others in passion's net enshared, toil but in vain.
Those discharge their duty who perform austerities; all others accomplish their own destruction, through the entanglement of the desire (of riches and sensual pleasure).",Penance,தவம்,துறவறவியல்,Ascetic Virtue,VIRTUE,அறத்துப்பால்
267,சுடச்சுடரும் பொன்போல் ஒளிவிடுந் துன்பஞ் சுடச்சுட நோற்கிற் பவர்க்கு,"Like flame that makes gold glitter more, pangs of pain
can only enlighten those who do penance.",புடமிட்டு சுடச்சுட ஒளிவிடுகின்ற பொன்னைப் போல் தவம் செய்கின்றவரை துன்பம் வருத்த வருத்த மெய்யுணர்வு மிகும்,"The hotter glows the fining fire, the gold the brighter shines;
The pain of penitence, like fire, the soul of man refines.
Just as gold is purified as heated in the fire, will those shine, who have endured the burning of pain (in frequent austerities).",Penance,தவம்,துறவறவியல்,Ascetic Virtue,VIRTUE,அறத்துப்பால்
268,தன்னுயிர் தானறப் பெற்றானை ஏனைய மன்னுயி ரெல்லாந் தொழும்,"One, who has given up the thought of
‘I,myself’, will be hailed by all.","தவ வலிமையால் தன்னுடைய உயிர், தான் என்னும் பற்று நீங்கப் பெற்றவனை மற்ற உயிர்கள் எல்லாம் (அவனுடைய பெருமையை உணர்ந்து) தொழும்.","Who gains himself in utter self-control,
Him worships every other living soul.
All other creatures will worship him who has attained the control of his own soul.",Penance,தவம்,துறவறவியல்,Ascetic Virtue,VIRTUE,அறத்துப்பால்
269,கூற்றங் குதித்தலுங் கைகூடும் நோற்றலின் ஆற்றல் தலைப்பட் டவர்க்கு,"Those, who have mastered penance, will find it possible
to even defer death.",தவம் செய்வதால் பெறத்தக்க ஆற்றலைப் பெற்றவர்க்கு (ஓர் இடையூறும் இல்லையாகையால் ) எமனை வெல்லுதலும் கைகூடும்,"E'en over death the victory he may gain,
If power by penance won his soul obtain.
Those who have attained the power which religious discipline confers, will be able also to pass the limit of Yama, (the God of death).",Penance,தவம்,துறவறவியல்,Ascetic Virtue,VIRTUE,அறத்துப்பால்
270,இலர்பல ராகிய காரணம் நோற்பார் சிலர்பலர் நோலா தவர்,"The poor are abundant, since those who observe abstinence are few,
and those who dont are more","ஆற்றல் இல்லாதவர் பலராக உலகில் இருப்பதற்குக் காரணம் தவம் செய்கின்றவர் சிலராகவும், செய்யாதவர் பலராகவும் இருப்பதே ஆகும்.","The many all things lack! The cause is plain,
The 'penitents' are few. The many shun such pain.
Because there are few who practise austerity and many who do not, there are many destitute and few rich in this world.",Penance,தவம்,துறவறவியல்,Ascetic Virtue,VIRTUE,அறத்துப்பால்
271,வஞ்ச மனத்தான் படிற்றொழுக்கம் பூதங்கள் ஐந்தும் அகத்தே நகும்,"The deceitful conduct of a treacherous mind,
will be sneered at by the five elements within.",வஞ்சமனம் உடையவனது பொய்யொழுக்கத்தை அவனுடைய உடம்பில் கலந்து நிற்க்கும் ஐந்து பூதங்களும் கண்டு தம்முள் சிரிக்கும்.,"Who with deceitful mind in false way walks of covert sin,
The five-fold elements his frame compose, decide within.
The five elements (of his body) will laugh within him at the feigned conduct of the deceitful minded man.
", Inconsistent Conduct,கூடாவொழுக்கம்,துறவறவியல்,Ascetic Virtue,VIRTUE,அறத்துப்பால்
272,வானுயர் தோற்றம் எவன்செய்யுந் தன்நெஞ்சத் தானறி குற்றப் படின்,"Is a sky-high prominence of any use,
when one’s heart knowingly harbors a vice.",தன் மனம் தான் அறிந்த குற்றத்தில் தங்குமானால் வானத்தைப் போல் உயர்ந்துள்ள தவக்கோலம் ஒருவனுக்கு என்ன பயன் செய்யும்.,"What gain, though virtue's semblance high as heaven his fame exalt,
If heart dies down through sense of self-detected fault?
What avails an appearance (of sanctity) high as heaven, if his mind suffers (the indulgence) of conscious sin.", Inconsistent Conduct,கூடாவொழுக்கம்,துறவறவியல்,Ascetic Virtue,VIRTUE,அறத்துப்பால்
273,வலியில் நிலைமையான் வல்லுருவம் பெற்றம் புலியின்தோல் போர்த்துமேய்ந் தற்று,"A person with a frail heart assuming an imposing appearance is like
a cow grazing wearing a tiger’s skin.","மனத்தை அடக்கும் வல்லமை இல்லாதவன் மேற்கொண்ட வலிய தவக்கோலம், புலியின் தோலைப் போர்த்திக் கொண்டு பயிரை பசு மேய்ந்தாற் போன்றது.","As if a steer should graze wrapped round with tiger's skin,
Is show of virtuous might when weakness lurks within.
The assumed appearance of power, by a man who has no power (to restrain his senses and perform austerity), is like a cow feeding on grass covered with a tiger's skin.", Inconsistent Conduct,கூடாவொழுக்கம்,துறவறவியல்,Ascetic Virtue,VIRTUE,அறத்துப்பால்
274,தவமறைந் தல்லவை செய்தல் புதல்மறைந்து வேட்டுவன் புள்சிமிழ்த் தற்று,"Doing misdeeds in the guise of an ascetic is like
a hunter capturing birds from behind the bushes.","தவக்கோலத்தில் மறைந்து கொண்டு தவம் அல்லாத தீயச்செயல்களைச் செய்தல், புதரில் மறைந்து கொண்டு வேடன் பறவைகளை வலைவீசிப் பிடித்தலைப் போன்றது.","Tis as a fowler, silly birds to snare, in thicket lurks.
When, clad in stern ascetic garb, one secret evil works.
He who hides himself under the mask of an ascetic and commits sins, like a sportsman who conceals himself in the thicket to catch birds.", Inconsistent Conduct,கூடாவொழுக்கம்,துறவறவியல்,Ascetic Virtue,VIRTUE,அறத்துப்பால்
275,பற்றற்றேம் என்பார் படிற்றொழுக்கம் எற்றெற்றென் றேதம் பலவுந் தரும்,"If those who claim to have given up material desires, indulge in deceitful conduct,
it will cause suffering aplenty leading to self-pity.",பற்றுக்களைத் துறந்தோம் என்று சொல்கின்றவரின் பொய்யொழுக்கம் என்ன செய்தோம் என்ன செய்தோம் என்று வருந்தும் படியான துன்பம் பலவும் தரும்.,"Our souls are free,' who say, yet practise evil secretly,
'What folly have we wrought!' by many shames o'er-whelmed, shall cry.
The false conduct of those who say they have renounced all desire will one day bring them sorrows that will make them cry out, ""Oh! what have we done, what have we done.""", Inconsistent Conduct,கூடாவொழுக்கம்,துறவறவியல்,Ascetic Virtue,VIRTUE,அறத்துப்பால்
276,நெஞ்சின் துறவார் துறந்தார்போல் வஞ்சித்து வாழ்வாரின் வன்கணா ரில்,"There is nobody more evil than those who pretend to be
ascetics when their hearts haven’t renounced desire.",மனத்தில் பற்றுக்களைத் துறக்காமல் துறந்தவரைப் போல் வஞ்சனைச் செய்து வாழ்கின்றவரைப் போல் இரக்கமற்றவர் எவரும் இல்லை.,"In mind renouncing nought, in speech renouncing every tie,
Who guileful live,- no men are found than these of 'harder eye'.
Amongst living men there are none so hard-hearted as those who without to saking (desire) in their heart, falsely take the appearance of those who have forsaken (it).", Inconsistent Conduct,கூடாவொழுக்கம்,துறவறவியல்,Ascetic Virtue,VIRTUE,அறத்துப்பால்
277,புறங்குன்றி கண்டனைய ரேனும் அகங்குன்றி மூக்கிற் கரியா ருடைத்து,"There are people, even if they, externally, resemble the lustrous exterior of a ‘kunri’ pea,
have hearts like the dark nose of the pea.",புறத்தில் குன்றிமணிப்போல் செம்மையானவராய் காணப்பட்டாராயினும் அகத்தில் குன்றிமணியின் மூக்குப்போல் கருத்திருப்பவர் உலகில் உணடு,"Outward, they shine as 'kunri' berry's scarlet bright;
Inward, like tip of 'kunri' bead, as black as night.
(The world) contains persons whose outside appears (as fair) as the (red) berry of the Abrus, but whose inside is as black as the nose of that berry.", Inconsistent Conduct,கூடாவொழுக்கம்,துறவறவியல்,Ascetic Virtue,VIRTUE,அறத்துப்பால்
278,மனத்தது மாசாக மாண்டார்நீ ராடி மறைந்தொழுகு மாந்தர் பலர்,"There are many, who, like holy men, take a dip in the river, but
hide the impurities of their heart","மனத்தில் மாசு இருக்க, தவத்தால் மாண்பு பெற்றவரைப்போல், நீரில் மறைந்து நடக்கும் வஞ்சனை உடைய மாந்தர் உலகில் பலர் உள்ளனர்.","Many wash in hollowed waters, living lives of hidden shame;
Foul in heart, yet high upraised of men in virtuous fame.
There are many men of masked conduct, who perform their ablutions, and (make a show) of greatness, while their mind is defiled (with guilt).", Inconsistent Conduct,கூடாவொழுக்கம்,துறவறவியல்,Ascetic Virtue,VIRTUE,அறத்துப்பால்
279,கணைகொடியது யாழ்கோடு செவ்விதாங் கனை வினைபடு பாலாற் கொளல்,"Judge a person by his deeds: the straight arrow is destructive
and yazh, the bent musical bow, is sweet",நேராகத் தோன்றினும் அம்பு கொடியது; வளைவுடன் தோன்றினாலும் யாழின் கொம்பு நன்மையானது. மக்களின் பண்புகளையும் செயல்வகையால் உணர்ந்துகொள்ள வேண்டும்.,"Cruel is the arrow straight, the crooked lute is sweet,
Judge by their deeds the many forms of men you meet.
As, in its use, the arrow is crooked, and the curved lute is straight, so by their deeds, (and not by their appearance) let (the uprightness or crookedness of) men be estimated.
", Inconsistent Conduct,கூடாவொழுக்கம்,துறவறவியல்,Ascetic Virtue,VIRTUE,அறத்துப்பால்
280,மழித்தலும் நீட்டலும் வேண்டா உலகம் பழித்த தொழித்து விடின்,"Tonsuring or growing long tresses is unnecessary, if one refrains from
doing what the world disdains.",உலகம் பழிக்கும் தீயொழுக்கத்தை விட்டு விட்டால் மொட்டை அடித்தலும் சடை வளர்த்தலுமாகிய புறக்கோலங்கள் வேண்டா.,"What's the worth of shaven head or tresses long,
If you shun what all the world condemns as wrong?
There is no need of a shaven crown, nor of tangled hair, if a man abstain from those deeds which the wise have condemned.", Inconsistent Conduct,கூடாவொழுக்கம்,துறவறவியல்,Ascetic Virtue,VIRTUE,அறத்துப்பால்
281,எள்ளாமை வேண்டுவா னென்பான் எனைத்தொன்றுங் கள்ளாமை காக்கதன் நெஞ்சு,"If one wishes not to be ridiculed, let him protect
his heart from thoughts of swindling.        ","பிறரால் இகழப்படால் வாழ விரும்புகிறவன், எத்தன்மையானப் பொருளையும் பிறரிடமிருந்து வஞ்சித்துக்கொள்ள எண்ணாதபடி தன் நெஞ்சைக் காக்க வேண்டும்.","Who seeks heaven's joys, from impious levity secure,
Let him from every fraud preserve his spirit pure.
Let him, who desires not to be despised, keep his mind from (the desire of) defrauding another of the smallest thing.",The Absence of Fraud,கள்ளாமை,துறவறவியல்,Ascetic Virtue,VIRTUE,அறத்துப்பால்
282,உள்ளத்தால் உள்ளலுந் தீதே பிறன்பொருளைக் கள்ளத்தால் கள்வே மெனல்,"Even to think such thoughts is evil :
thoughts of swindling others’ property.","குற்றமானதை உள்ளத்தால் எண்ணுவதும் குற்றமே, அதானால் பிறன் பொருளை அவன் அறியாதப் வகையால் வஞ்சித்துக்கொள்வோம் என்று எண்ணாதிருக்க வேண்டும்.","Tis sin if in the mind man but thought conceive;
'By fraud I will my neighbour of his wealth bereave.'
Even the thought (of sin) is sin; think not then of crafiily stealing the property of another.
",The Absence of Fraud,கள்ளாமை,துறவறவியல்,Ascetic Virtue,VIRTUE,அறத்துப்பால்
283,களவினா லாகிய ஆக்கம் அளவிறந் தாவது போலக் கெடும்,"Swindled wealth, will seem to swell,
but will breach its limits and bust.",களவு செய்து பொருள் கொள்வதால் உண்டாகிய ஆக்கம் பெருகுவது போல் தோன்றி இயல்பாக இருக்க வேண்டிய அளவையும் கடந்து கெட்டு விடும்.,"The gain that comes by fraud, although it seems to grow
With limitless increase, to ruin swift shall go.
The property, which is acquired by fraud, will entirely perish, even while it seems to increase.",The Absence of Fraud,கள்ளாமை,துறவறவியல்,Ascetic Virtue,VIRTUE,அறத்துப்பால்
284,களவின்கண் கன்றிய காதல் விளைவின்கண் வீயா விழுமந் தரும்,"The love for swindling, when it yields,
yields indestructible distress.","களவு செய்து பிறர் பொருள் கொள்ளுதலில் ஒருவனுக்கு உள்ள மிகுந்த விருப்பம், பயன் விளையும் போது தொலையாதத் துன்பத்தைத் தரும்.","The lust inveterate of fraudful gain,
Yields as its fruit undying pain.
The eager desire of defrauding others will, when it brings forth its fruit, produce undying sorrow.
",The Absence of Fraud,கள்ளாமை,துறவறவியல்,Ascetic Virtue,VIRTUE,அறத்துப்பால்
285,அருள்கருதி அன்புடைய ராதல் பொருள்கருதிப் பொச்சாப்புப் பார்ப்பார்க ணில்,"Love, inspired by compassion, doesnt occur to those
who await others’ lapses to grab their wealth.","அருளைப் பெரிதாகக்கருதி அன்பு உடையவராய் நடத்தல், பிறருடைய பொருளைக்கவர எண்ணி அவர் சோர்ந்திருக்கும் நிலையைப் பார்ப்பவரிடத்தில் இல்லை","Grace' is not in their thoughts, nor know they kind affection's power,
Who neighbour's goods desire, and watch for his unguarded hour.
The study of kindness and the exercise of benevolence is not with those who watch for another's forgetfulness, though desire of his property.
",The Absence of Fraud,கள்ளாமை,துறவறவியல்,Ascetic Virtue,VIRTUE,அறத்துப்பால்
286,அளவின்கண் நின்றொழுக லாற்றார் களவின்கண் கன்றிய காத லவர்,"The excessive love for swindling renders
a person unable to abide by the limits of reason.","களவு செய்து பிறர் பொருள் கொள்ளுதலில் மிக்க விருப்பம் உடையவர், அளவு (சிக்கனம்) போற்றி வாழும் நெறியில் நின்று ஒழுக மாட்டார்.","They cannot walk restrained in wisdom's measured bound,
In whom inveterate lust of fraudful gain is found.
They cannot walk steadfastly, according to rule, who eagerly desire to defraud others.",The Absence of Fraud,கள்ளாமை,துறவறவியல்,Ascetic Virtue,VIRTUE,அறத்துப்பால்
287,களவென்னுங் காரறி வாண்மை அளவென்னும் ஆற்றல் புரிந்தார்க ணில்,"The clouded intelligence for defrauding is not for those
who understand the limits of reason and morality.        ","களவு என்பதற்கு காரணமான மயங்கிய அறிவு உடையவராயிருத்தல், அளவு அறிந்து வாழ்தலாகிய ஆற்றலை விரும்பினவரிடத்தில் இல்லை.","Practice of fraud's dark cunning arts they shun,
Who long for power by 'measured wisdom' won.
That black-knowledge which is called fraud, is not in those who desire that greatness which is called rectitude.
",The Absence of Fraud,கள்ளாமை,துறவறவியல்,Ascetic Virtue,VIRTUE,அறத்துப்பால்
288,அளவறிந்தார் நெஞ்சத் தறம்போல நிற்குங் களவறிந்தார் நெஞ்சில் கரவு,"Guile lies in the heart of the fraudulent like righteousness
residing in the hearts of those who operate within boundaries.",அளவறிந்து வாழ்கின்றவரின் நெஞ்சில் நிற்கும் அறம் போல் களவு செய்து பழகி அறிந்தவரின் நெஞ்சில் வஞ்சம் நிற்கும்.,"As virtue dwells in heart that 'measured wisdom' gains;
Deceit in hearts of fraudful men established reigns.
Deceit dwells in the mind of those who are conversant with fraud, even as virtue in the mind s of those who are conversant with rectitude.
",The Absence of Fraud,கள்ளாமை,துறவறவியல்,Ascetic Virtue,VIRTUE,அறத்துப்பால்
289,அளவல்ல செய்தாங்கே வீவர் களவல்ல மற்றைய தேற்றா தவர்,"Those, who have mastered nothing but swindling,
will exceed all limits and fall instantly.",களவு செய்தலைத் தவிர மற்ற நல்லவழிகளைத் நம்பித் தெளியாதவர் அளவு அல்லாத செயல்களைச் செய்து அப்போதே கெட்டழிவர்.,"Who have no lore save that which fraudful arts supply,
Acts of unmeasured vice committing straightway die.
Those, who are acquainted with nothing but fraud, will perish in the very commission of transgression.",The Absence of Fraud,கள்ளாமை,துறவறவியல்,Ascetic Virtue,VIRTUE,அறத்துப்பால்
290,கள்வார்க்குத் தள்ளும் உயிர்நிலை கள்ளார்க்குத் தள்ளாது புத்தே ளுலகு,"The fraudulent will lose their living state; those who desist from defrauding
will not be denied the world of Devas","களவு செய்வார்க்கு உடலில் உயிர் வாழும் வாழ்வும் தவறிப் போகும், களவு செய்யாமல் வாழ்வோர்க்கு தேவருலகும் வாய்க்கத் தவறாது.","The fraudful forfeit life and being here below;
Who fraud eschew the bliss of heavenly beings know.
Even their body will fail the fraudulent; but even the world of the gods will not fail those who are free from fraud.",The Absence of Fraud,கள்ளாமை,துறவறவியல்,Ascetic Virtue,VIRTUE,அறத்துப்பால்
291,வாய்மை எனப்படுவ தியாதெனின் யாதொன்றந் தீமை யிலாத சொலல்,"Truth is defined as
speaking words that cause no harm.","வாய்மை என்று கூறப்படுவது எது என்றால், அது மற்றவர்க்கு ஒரு சிறிதும் தீங்கு இல்லாத சொற்களைக் சொல்லுதல் ஆகும்.","You ask, in lips of men what 'truth' may be;
'Tis speech from every taint of evil free.
Truth is the speaking of such words as are free from the least degree of evil (to others).",Veracity,வாய்மை,துறவறவியல்,Ascetic Virtue,VIRTUE,அறத்துப்பால்
292,பொய்ம்மையும் வாய்மை யிடத்த புரைதீர்ந்த நன்மை பயக்கு மெனின்,"Even a lie will be placed on par with the truth,
if it yields unblemished benefits.",குற்றம் தீர்த்த நன்மையை விளைக்குமானால் பொய்யாச் சொற்களும் வாய்மை என்று கருதத் தக்க இடத்தைப் பெறும்.,"Falsehood may take the place of truthful word,
If blessing, free from fault, it can afford.
Even falsehood has the nature of truth, if it confer a benefit that is free from fault.
",Veracity,வாய்மை,துறவறவியல்,Ascetic Virtue,VIRTUE,அறத்துப்பால்
293,தன்நெஞ் சறிவது பொய்யற்க பொய்த்தபின் தன்நெஞ்சே தன்னைச் சுடும்,"Do not lie consciously; once you lie so,
your own conscience will sear you.","ஒருவன் தன் நெஞ்சம் அறிவதாகிய ஒன்றைக்குறித்துப் பொய்ச் சொல்லக்கூடாது, பொய் சொன்னால் அதைக்குறித்துத் தன் நெஞ்சமே தன்னை வருத்தும்.","Speak not a word which false thy own heart knows
Self-kindled fire within the false one's spirit glows.
Let not a man knowingly tell a lie; for after he has told the lie, his mind will burn him (with the memory of his guilt).",Veracity,வாய்மை,துறவறவியல்,Ascetic Virtue,VIRTUE,அறத்துப்பால்
294,உள்ளத்தாற் பொய்யா தொழுகின் உலகத்தார் உள்ளத்து ளெல்லாம் உளன்,"One who, guided by his heart, lives without lies,
will forever live in the hearts of all.",ஒருவன் தன் உள்ளம் அறியப் பொய் இல்லாமல் நடப்பானானால் அத்தகையவன் உலகத்தாரின் உள்ளங்களில் எல்லாம் இருப்பவனாவான்.,"True to his inmost soul who lives,- enshrined
He lives in souls of all mankind.
He who, in his conduct, preserves a mind free from deceit, will dwell in the minds of all men.
",Veracity,வாய்மை,துறவறவியல்,Ascetic Virtue,VIRTUE,அறத்துப்பால்
295,மனத்தொடு வாய்மை மொழியின் தவத்தொடு தானஞ்செய் வாரின் தலை,"One who tells the truth, with all his heart, is ahead of those
who do  penance and charity",ஒருவன் தன் மனதோடு பொருந்த உண்மை பேசுவானானால் அவன் தவத்தேடு தானமும் ஒருங்கே செய்வாரை விடச் சிறந்தவன்,"Greater is he who speaks the truth with full consenting mind.
Than men whose lives have penitence and charity combined.
He, who speaks truth with all his heart, is superior to those who make gifts and practise austerities.
",Veracity,வாய்மை,துறவறவியல்,Ascetic Virtue,VIRTUE,அறத்துப்பால்
296,பொய்யாமை யன்ன புகழில்லை எய்யாமை எல்லா அறமுந் தரும்,"No other fame equals not lying; without any physical strain
it yields all virtues.","ஒருவனுக்கு பொய் இல்லாமல் வாழ்தலை விடப் புகழ் நிலை வேறொன்றும் இல்லை, அஃது அவன் அறியாமலேயெ அவனுக்கு எல்லா அறமும் கொடுக்கும்.","No praise like that of words from falsehood free;
This every virtue yields spontaneously.
There is no praise like the praise of never uttering a falsehood: without causing any suffering, it will lead to every virtue.",Veracity,வாய்மை,துறவறவியல்,Ascetic Virtue,VIRTUE,அறத்துப்பால்
297,பொய்யாமை பொய்யாமை ஆற்றின் அறம்பிற செய்யாமை செய்யாமை நன்று,"Not lying, not lying, if practiced, makes it acceptable
not to do, not to do other righteous deeds.",பொய்யாமை ஆகிய அறத்தை உண்மையாகவே போற்றி வாழ முடிந்தால் மற்ற அறங்களைச் செய்தலும் நல்லது ஆகும்.,"If all your life be utter truth, the truth alone,
'Tis well, though other virtuous acts be left undone.
If a man has the power to abstain from falsehood, it will be well with him, even though he practise no other virtue.",Veracity,வாய்மை,துறவறவியல்,Ascetic Virtue,VIRTUE,அறத்துப்பால்
298,புறந்தூய்மை நீரா னமையும் அகந்தூய்மை வாய்மையால் காணப் படும்,"Water ensures cleanliness externally;
truthfulness makes inner purity evident.","புறத்தே தூய்மையாக விளங்குதல் நீரினால் ஏற்ப்படும், அதுபோல அகத்தே தூய்மையாக விளங்குதல் வாய்மையால் உண்டாகும்.","Outward purity the water will bestow;
Inward purity from truth alone will flow.
Purity of body is produced by water and purity of mind by truthfulness.
",Veracity,வாய்மை,துறவறவியல்,Ascetic Virtue,VIRTUE,அறத்துப்பால்
299,எல்லா விளக்கும் விளக்கல்ல சான்றோர்க்குப் பொய்யா விளக்கே விளக்கு,"All light is not light; for noble scholars,
truthfulness is the true light of enlightenment.","(புறத்தில் உள்ள இருளை நீக்கும்) விளக்குகள் எல்லாம் விளக்குகள் அல்ல, சான்றோர்க்கு (அகத்து இருள் நீக்கும்) பொய்யாமையாகிய விளக்கே விளக்கு ஆகும்.","Every lamp is not a lamp in wise men's sight;
That's the lamp with truth's pure radiance bright.
All lamps of nature are not lamps; the lamp of truth is the lamp of the wise.",Veracity,வாய்மை,துறவறவியல்,Ascetic Virtue,VIRTUE,அறத்துப்பால்
300,யாமெய்யாக் கண்டவற்று ளில்லை எனைத்தொன்றும் வாய்மையின் நல்ல பிற,"Of all the known truths, there is nothing
more significant than truthfulness.",யாம் உண்மையாக கண்ட பொருள்களுள் வாய்மைவிடத் எத்தன்மையாலும் சிறந்தவைகளாகச் சொல்லத்தக்கவை வேறு இல்லை.,"Of all good things we've scanned with studious care,
There's nought that can with truthfulness compare.
Amidst all that we have seen (described) as real (excellence), there is nothing so good as truthfulness.",Veracity,வாய்மை,துறவறவியல்,Ascetic Virtue,VIRTUE,அறத்துப்பால்
301,செல்லிடத்துக் காப்பான் சினங்காப்பான் அல்லிடத்துக் காக்கினென் காவாக்கா லென்,"Restrain anger where anger will be effective; where it won’t be,
does it matter whether one restrains it or not?","பலிக்கும் இடத்தில் சினம் வராமல் காப்பவனே சினம் காப்பவன், பலிக்காத இடத்தில் காத்தால் என்ன, காக்கா விட்டால் என்ன?","Where thou hast power thy angry will to work, thy wrath restrain;
Where power is none, what matter if thou check or give it rein?
He restrains his anger who restrains it when it can injure; when it cannot injure, what does it matter whether he restrain it, or not ?",The not being Angry,வெகுளாமை,துறவறவியல்,Ascetic Virtue,VIRTUE,அறத்துப்பால்
302,செல்லா இடத்துச் சினந்தீது செல்லிடத்தும் இல்லதனின் தீய பிற,"Where it can’t have an impact, anger is harmful; where it can,
there is still nothing more harmful.",பலிக்காத இடத்தில் (தன்னை விட வலியவரிடத்தில்) சினம் கொள்வது தீங்கு. பலிக்கும் இடத்திலும் (மெலியவரித்திலும்) சினத்தைவிடத் தீயவை வேறு இல்லை.,"Where power is none to wreak thy wrath, wrath importent is ill;
Where thou hast power thy will to work, 'tis greater, evil still.
Anger is bad, even when it cannot injure; when it can injure; there is no greater evil.
",The not being Angry,வெகுளாமை,துறவறவியல்,Ascetic Virtue,VIRTUE,அறத்துப்பால்
303,மறத்தல் வெகுளியை யார்மாட்டுந் தீய பிறத்தல் அதனான் வரும்,"Erase your anger against anyone;  only harm
springs forth from it.","யாரிடத்திலும் சினம் கொள்ளாமல் அதை மறந்து விட வேண்டும், தீமையான விளைவுகள் அச் சினத்தாலேயே ஏற்படும்.","If any rouse thy wrath, the trespass straight forget;
For wrath an endless train of evils will beget.
Forget anger towards every one, as fountains of evil spring from it.
",The not being Angry,வெகுளாமை,துறவறவியல்,Ascetic Virtue,VIRTUE,அறத்துப்பால்
304,நகையும் உவகையுங் கொல்லுஞ் சினத்தின் பகையும் உளவோ பிற,"Is there a foe other than anger, which anhilates
smile and joy.",முகமலர்ச்சியும் அகமலர்ச்சியும் கொல்லுகின்ற சினத்தை விட ஒருவனுக்கு பகையானவை வேறு உள்ளனவோ?,"Wrath robs the face of smiles, the heart of joy,
What other foe to man works such annoy?
Is there a greater enemy than anger, which kills both laughter and joy ?",The not being Angry,வெகுளாமை,துறவறவியல்,Ascetic Virtue,VIRTUE,அறத்துப்பால்
305,தன்னைத்தான் காக்கின் சினங்காக்க காவாக்கால் தன்னையே கொல்லுஞ் சினம்,"If one seeks to protect oneself, control anger, lest
anger destroys oneself","ஒருவன் தன்னைத்தான் காத்துக் கொள்வதானால் சினம் வராமல் காத்துக் கொள்ள வேண்டும், காக்கா விட்டால் சினம் தன்னையே அழித்து விடும். சாலமன் பாப்பையா விளக்க உரை:","If thou would'st guard thyself, guard against wrath alway;
'Gainst wrath who guards not, him his wrath shall sla y.
If a man would guard himself, let him guard against anger; if he do not guard it, anger will kill him.
",The not being Angry,வெகுளாமை,துறவறவியல்,Ascetic Virtue,VIRTUE,அறத்துப்பால்
306,சினமென்னுஞ் சேர்ந்தாரைக் கொல்லி இனமென்னும் ஏமப் புணையைச் சுடும்,"Anger, the fire known to destroy those who harbor it, will also
burn down the lifeboat, namely, one’s clan.",சினம் என்னும் சேர்ந்தவரை அழிக்கும் நெருப்பு ஒருவனுக்கு இனம் இன்பத் தெப்பத்தையும் சுட்டழிக்கும்.,"Wrath, the fire that slayeth whose draweth near,
Will burn the helpful 'raft' of kindred dear.
The fire of anger will burn up even the pleasant raft of friendship.",The not being Angry,வெகுளாமை,துறவறவியல்,Ascetic Virtue,VIRTUE,அறத்துப்பால்
307,சினத்தைப் பொருளென்று கொண்டவன் கேடு நிலத்தறைந்தான் கைபிழையா தற்று,"One, who possesses anger as a trait, will perish
with the unfailing precision of a hand that slams the ground.","(தன் வல்லமை புலப்படுத்தச்) சினத்தை பொருளென்று கொண்டவன் அழிதல், நிலத்தை அறைந்தவனுடைய கை தப்பாதது போல் ஆகும்.","The hand that smites the earth unfailing feels the sting;
So perish they who nurse their wrath as noble thing.
Destruction will come upon him who ragards anger as a good thing, as surely as the hand of him who strikes the ground will not fail.",The not being Angry,வெகுளாமை,துறவறவியல்,Ascetic Virtue,VIRTUE,அறத்துப்பால்
308,இணரெரி தோய்வன்ன இன்னா செயினும் புணரின் வெகுளாமை நன்று,"Even if taunted with a harmful deed, tantamount to toasting in a multi-tongued fire,
better try not to be angered.",பலச் சுடர்களை உடைய பெரு நெருப்பில் தோய்வது போன்ற துன்பத்தை ஒருவன் செய்த போதிலும் கூடுமானால் அவன் மேல் சினங் கொள்ளாதிருத்தல் நல்லது.,"Though men should work thee woe, like touch of tongues of fire.
'Tis well if thou canst save thy soul from burning ire.
Though one commit things against you as painful (to bear) as if a bundle of fire had been thrust upon you, it will be well, to refrain, if possible, from anger.
",The not being Angry,வெகுளாமை,துறவறவியல்,Ascetic Virtue,VIRTUE,அறத்துப்பால்
309,உள்ளிய தெல்லாம் உடனெய்தும் உள்ளத்தால் உள்ளான் வெகுளி யெனின்,"If the heart doesn’t harbour anger, one would
attain instantly all that it aspires to.",ஒருவன் தன் மனதால் சினத்தை எண்ணாதிருப்பானானால் நினைத்த நன்மைகளை எல்லாம் அவன் ஒருங்கே பெறுவான்.,"If man his soul preserve from wrathful fires,
He gains with that whate'er his soul desires.
If a man never indulges anger in his heart, he will at once obtain whatever he has thought of.
",The not being Angry,வெகுளாமை,துறவறவியல்,Ascetic Virtue,VIRTUE,அறத்துப்பால்
310,இறந்தார் இறந்தா ரனையர் சினத்தைத் துறந்தார் துறந்தார் துணை,"Those who yield to anger are as good as dead; those
who’ve shed anger are in effect saints.","சினத்தில் அளவு கடந்து சென்றவர் இறந்தவரைப் போன்றவர், சினத்தை அடியோடு துறந்தவர் துறந்தவர்க்கு ஒப்பாவர்.","Men of surpassing wrath are like the men who've passed away;
Who wrath renounce, equals of all-renouncing sages they.
Those, who give way to excessive anger, are no better than dead men; but those, who are freed from it, are equal to those who are freed (from death).",The not being Angry,வெகுளாமை,துறவறவியல்,Ascetic Virtue,VIRTUE,அறத்துப்பால்
311,சிறப்பீனுஞ் செல்வம் பெறினும் பிறர்க்கின்னா செய்யாமை மாசற்றார் கோள்,"Even if it yields glory and riches galore, refraining from harming others
is the principled path of the impeccable.","சிறப்பைத்தருகின்ற பெருஞ் செல்வத்தைப் பெறுவதாக இருந்தாலும், பிறர்க்குத் துன்பம் செய்யாதிருத்தலே மாசற்றவரின் கொள்கையாம்.","Though ill to neighbour wrought should glorious pride of wealth secure,
No ill to do is fixed decree of men in spirit pure.
It is the determination of the spotless not to cause sorrow to others, although they could (by so causing) obtain the wealth which confers greatness.",Not doing Evil,இன்னா செய்யாமை,துறவறவியல்,Ascetic Virtue,VIRTUE,அறத்துப்பால்
312,கறுத்தின்னா செய்தவக் கண்ணும் மறுத்தின்னா செய்யாமை மாசற்றார் கோள்,"Not to hurt those who have caused harm before, out of wrath,
is the principled path of the impeccable.",ஒருவன் கறுவுகொண்டு துன்பம் செய்த போதிலும் அவனுக்கு திரும்ப துன்பம் செய்யாதிருத்தலே மாசற்றவரின் கொள்கையாகும்.,"Though malice work its worst, planning no ill return, to endure,
And work no ill, is fixed decree of men in spirit pure.
It is the determination of the spotless not to do evil, even in return, to those who have cherished enmity and done them evil.",Not doing Evil,இன்னா செய்யாமை,துறவறவியல்,Ascetic Virtue,VIRTUE,அறத்துப்பால்
313,செய்யாமற் செற்றார்க்கும் இன்னாத செய்தபின் உய்யா விழுமந் தரும்,"To harm even those who antagonize us unprovoked, will bring boundless suffering.",தான் ஒன்றும் செய்யாதிருக்கத் தனக்குத் தீங்கு செய்தவர்க்கும் துன்பமானாவற்றைச் செய்தால் செய்தபிறகு தப்பமுடியாத துன்பத்தையே கொடுக்கும்.,"Though unprovoked thy soul malicious foes should sting,
Retaliation wrought inevitable woes will bring.
In an ascetic inflict suffering even on those who hate him, when he has not done them any evil, it will afterwards give him irretrievable sorrow.",Not doing Evil,இன்னா செய்யாமை,துறவறவியல்,Ascetic Virtue,VIRTUE,அறத்துப்பால்
314,இன்னாசெய் தாரை ஒறுத்தல் அவர்நாண நன்னயஞ் செய்து விடல்,The way to punish those who harmed us is to shame them by doing them good.,இன்னா செய்தவரைத் தண்டித்தல் அவரே நாணும் படியாக அவருக்கு நல்லுதவி செய்து அவருடைய தீமையையும் நன்மையையும் மறந்து விடுதலாகும்.,"To punish wrong, with kindly benefits the doers ply;
Thus shame their souls; but pass the ill unheeded by.
The (proper) punishment to those who have done evil (to you), is to put them to shame by showing them kindness, in return and to forget both the evil and the good done on both sides.
",Not doing Evil,இன்னா செய்யாமை,துறவறவியல்,Ascetic Virtue,VIRTUE,அறத்துப்பால்
315,அறிவினான் ஆகுவ துண்டோ பிறிதின்நோய் தந்நோய்போற் போற்றாக் கடை,"What use is it to be wise, if one cant treat others’ woes as one’s own.",மற்ற உயிரின் துன்பத்தை தன் துன்பம் போல் கருதிக் காப்பாற்றா விட்டால் பெற்றுள்ள அறிவினால் ஆகும் பயன் உண்டோ.,"From wisdom's vaunted lore what doth the learner gain,
If as his own he guard not others' souls from pain?
What benefit has he derived from his knowledge, who does not endeavour to keep off pain from another as much as from himself ?
",Not doing Evil,இன்னா செய்யாமை,துறவறவியல்,Ascetic Virtue,VIRTUE,அறத்துப்பால்
316,இன்னா எனத்தா னுணர்ந்தவை துன்னாமை வேண்டும் பிறன்கட் செயல்,Shy away from doing to others what you perceive would have harmed you.,ஒருவன் துன்பமானவை என்று தன் வாழ்க்கையில் கண்டு உணர்ந்தவைகளை மற்றவனிடத்தில் செய்யாமல் தவிர்க்க வேண்டும்.,"What his own soul has felt as bitter pain,
From making others feel should man abstain.
Let not a man consent to do those things to another which, he knows, will cause sorrow.
",Not doing Evil,இன்னா செய்யாமை,துறவறவியல்,Ascetic Virtue,VIRTUE,அறத்துப்பால்
317,எனைத்தானும் எஞ்ஞான்றும் யார்க்கும் மனத்தானாம் மாணாசெய் யாமை தலை,"Never do a harmful deed, however small, to anyone, in any circumstance, consciously or otherwise.",எவ்வளவு சிறியதாயினும் எக்காலத்திலும் எவரிடத்திலும் மனதால் எண்ணி உண்டாகின்ற துன்பச்செயலைச் செய்யாதிருத்தலே நல்லது.,"To work no wilful woe, in any wise, through all the days,
To any living soul, is virtue's highest praise.
It is the chief of all virtues not knowingly to do any person evil, even in the lowest degree, and at any time.",Not doing Evil,இன்னா செய்யாமை,துறவறவியல்,Ascetic Virtue,VIRTUE,அறத்துப்பால்
318,தன்னுயிர்க் கின்னாமை தானறிவான் என்கொலோ மன்னுயிர்க் கின்னா செயல்,"Why does one hurt other lives, doing
what he knows can hurt oneself?","தன் உயிருக்குத் துன்பமானவை இவை என்று உணர்ந்தவன், அத் துன்பத்தை மற்ற உயிருக்குச் செய்தல் என்ன காரணத்தாலோ.","Whose soul has felt the bitter smart of wrong, how can
He wrongs inflict on ever-living soul of man?
Why does a man inflict upon other creatures those sufferings, which he has found by experience are sufferings to himself ?
",Not doing Evil,இன்னா செய்யாமை,துறவறவியல்,Ascetic Virtue,VIRTUE,அறத்துப்பால்
319,பிறர்க்கின்னா முற்பகல் செய்யின் தமக்கின்னா பிற்பகல் தாமே வரும்,"If you harm others in the forenoon,
harm will visit you, by itself, in the afternoon.",முற்பகலில் மற்றவருக்கு துன்பமானவற்றைச் செய்தால் அவ்வாறு செய்தவர்க்கே பிற்பகலில் துன்பங்கள் தாமாக வந்து சேரும்.,"If, ere the noontide, you to others evil do,
Before the eventide will evil visit you.
If a man inflict sorrow upon others in the morning, it will come upon him unsought in the very evening.",Not doing Evil,இன்னா செய்யாமை,துறவறவியல்,Ascetic Virtue,VIRTUE,அறத்துப்பால்
320,நோயெல்லா நோய்செய்தார் மேலவா நோய்செய்யார் நோயின்மை வேண்டு பவர்,"Harm descends on those who harm others;  hence, those
who wish not to be harmed, do no harm.","துன்பம் எல்லாம் துன்பம் செய்தவரையேச் சார்வன, ஆகையால் துன்பம் இல்லாமல் வாழ்தலை விரும்புகின்றவர் பிறர்க்கு துன்பம் செய்யார்.","O'er every evil-doer evil broodeth still;
He evil shuns who freedom seeks from ill.
Sorrow will come upon those who cause pain to others; therfore those, who desire to be free from sorrow, give no pain to others.",Not doing Evil,இன்னா செய்யாமை,துறவறவியல்,Ascetic Virtue,VIRTUE,அறத்துப்பால்
321,அறவினை யாதெனின் கொல்லாமை கோறல் பிறவினை எல்லாந் தரும்,"What is a righteous deed? Not killing. Killing
leads to everything evil.","அறமாகிய செயல் எது என்றால் ஒரு உயிரையும் கொல்லாமையாகும், கொல்லுதல் அறமல்லாத செயல்கள் எல்லாவற்றையும் விளைக்கும்.","What is the work of virtue? 'Not to kill';
For 'killing' leads to every work of ill.
Never to destroy life is the sum of all virtuous conduct. The destruction of life leads to every evil",Not killing,கொல்லா மை,துறவறவியல்,Ascetic Virtue,VIRTUE,அறத்துப்பால்
322,பகுத்துணடு பல்லுயி ரோம்புதல் நூலோர் தொகுத்தவற்று ளெல்லாந் தலை,"Sharing food and taking care of all lives, is the foremost
amongst all virtues compiled in all scriptures.",கிடைத்ததைப் பகுந்து கொடுத்துத் தானும் உண்டு பல உயிர்களையும் காப்பாற்றுதல் அறநூலார் தொகுத்த அறங்கள் எல்லாவற்றிலும் தலையான அறமாகும்.,"Let those that need partake your meal; guard every-thing that lives;
This the chief and sum of lore that hoarded wisdom gives.
The chief of all (the virtues) which authors have summed up, is the partaking of food that has been shared with others, and the preservation of the mainfold life of other creatures.
",Not killing,கொல்லா மை,துறவறவியல்,Ascetic Virtue,VIRTUE,அறத்துப்பால்
323,ஒன்றாக நல்லது கொல்லாமை மற்றதன் பின்சாரப் பொய்யாமை நன்று,"Not killing is the foremost virtue; it is good
to follow that up with not lying.","இணையில்லாத ஓர் அறமாகக் கொல்லாமை நல்லது, அதற்கு அடுத்த நிலையில் கூறத்தக்கதாகப் பொய்யாமை நல்லது.","Alone, first of goods things, is 'not to slay';
The second is, no untrue word to say.
Not to destroy life is an incomparably (great) good next to it in goodness ranks freedom from falsehood.",Not killing,கொல்லா மை,துறவறவியல்,Ascetic Virtue,VIRTUE,அறத்துப்பால்
324,நல்லா றெனப்படுவ தியாதெனின் யாதொன்றுங் கொல்லாமை சூழும் நெறி,"What is a perfect path? It is the pursuit of
the principle of not slaying any being.","நல்ல வழி என்று அறநூல்களால் சொல்லப்படுவது எது என்றால், எந்த உயிரையும் கொல்லாத அறத்தைப் போற்றும் நெறியாகும்.","You ask, What is the good and perfect way?
'Tis path of him who studies nought to slay.
Good path is that which considers how it may avoid killing any creature.
",Not killing,கொல்லா மை,துறவறவியல்,Ascetic Virtue,VIRTUE,அறத்துப்பால்
325,நிலையஞ்சி நீத்தாரு ளெல்லாங் கொலையஞ்சிக் கொல்லாமை சூழ்வான் தலை,"Of all those who, despising material existence, have embraced renunciation,
the foremost are those who fear and shun killing.","வாழ்க்கையின் தன்மையைக்கண்டு அஞ்சித் துறந்தவர்கள் எல்லாரிலும், கொலைசெய்வதற்க்கு அஞ்சிக் கொல்லாத அறத்தைப் போற்றுகின்றவன் உயர்ந்தவன்.","Of those who 'being' dread, and all renounce, the chief are they,
Who dreading crime of slaughter, study nought to slay.
Of all those who, fearing the permanence of earthly births, have abandoned desire, he is the chief who, fearing (the guilt of) murder, considers how he may avoid the destruction of life.
",Not killing,கொல்லா மை,துறவறவியல்,Ascetic Virtue,VIRTUE,அறத்துப்பால்
326,கொல்லாமை மேற்கொண் டொழுகுவான் வாழ்நாள்மேல் செல்லா துயிருண்ணுங் கூற்று,"Death dares not trample on the life of one who abides
by the principle of not killing any life.","கொல்லாத அறத்தை மேற்கொண்டு நடக்கின்றவனுடைய வாழ்நாளின் மேல், உயிரைக்கொண்டு செல்லும் கூற்றுவனும் செல்லமாட்டான்.","Ev'n death that life devours, their happy days shall spare,
Who law, 'Thou shall not kill', uphold with reverent care.
Yama, the destroyer of life, will not attack the life of him, who acts under the determination of never destroying life.",Not killing,கொல்லா மை,துறவறவியல்,Ascetic Virtue,VIRTUE,அறத்துப்பால்
327,தன்னுயிர் நீப்பினுஞ் செய்யற்க தான்பிறி தின்னுயிர் நீக்கும் வினை,"Even if one were to sacrifice one’s own life, do not
commit the act of taking another life.","தன் உயிர் உடம்பிலிருந்து நீங்கிச் செல்வதாக இருந்தாலும், அதைத் தடுப்பதற்காகத் தான் வேறோர் உயிரை நீக்கும் செயலைச் செய்யக்கூடாது.","Though thine own life for that spared life the price must pay,
Take not from aught that lives gift of sweet life away.
Let no one do that which would destroy the life of another, although he should by so doing, lose his own life.
",Not killing,கொல்லா மை,துறவறவியல்,Ascetic Virtue,VIRTUE,அறத்துப்பால்
328,நன்றாகும் ஆக்கம் பெரிதெனினுஞ் சான்றோர்க்குக் கொன்றாகும் ஆக்கங் கடை,"Even if great wealth leads to great benefits, great men loathe
wealth obtained by sacrifice of lives.","கொலையால் நன்மையாக விளையும் ஆக்கம் பெரிதாக இருந்தாலும், சான்றோர்க்குக் கொலையால் வரும் ஆக்கம் மிக இழிவானதாகும்.","Though great the gain of good should seem, the wise
Will any gain by staughter won despise.
The advantage which might flow from destroying life in sacrifice, is dishonourable to the wise (who renounced the world), even although it should be said to be productive of great good.",Not killing,கொல்லா மை,துறவறவியல்,Ascetic Virtue,VIRTUE,அறத்துப்பால்
329,கொலைவினைய ராகிய மாக்கள் புலைவினையர் புன்மை தெரிவா ரகத்து,"For those who can see the folly of it, the savage imbeciles
in any profession involving killing are doing a despicable job.",கொலைத்தொழிலினராகிய மக்கள் அதன் இழிவை ஆராய்ந்தவரிடத்தில் புலைத்தொழிலுடையவராய்த் தாழ்ந்து தோன்றுவர்,"Whose trade is 'killing', always vile they show,
To minds of them who what is vileness know.
Men who destroy life are base men, in the estimation of those who know the nature of meanness.",Not killing,கொல்லா மை,துறவறவியல்,Ascetic Virtue,VIRTUE,அறத்துப்பால்
330,உயிருடம்பின் நீக்கியா ரென்ப செயிருடம்பின் செல்லாத்தீ வாழ்க்கை யவர்,"Those with a rotting sickly body and a rotten life mired in poverty,
must have killed other beings before.","நோய் மிகுந்த உடம்புடன் வறுமையான தீய வாழ்க்கை உடையவர், முன்பு கொலை பல செய்து உயிர்களை உடம்புகளில் இருந்து நீக்கினவர் என்று அறிஞர் கூறுவர்.","Who lead a loathed life in bodies sorely pained,
Are men, the wise declare, by guilt of slaughter stained.
(The wise) will say that men of diseased bodies, who live in degradation and in poverty, are those who separated the life from the body of animals (in a former birth).",Not killing,கொல்லா மை,துறவறவியல்,Ascetic Virtue,VIRTUE,அறத்துப்பால்
331,நில்லாத வற்றை நிலையின என்றுணரும் புல்லறி வாண்மை கடை,"To believe that transient things will last forever
is deplorable stupidity.",நிலையில்லாதவைகளை நிலையானவை என்று மயங்கி உணரும் புல்லறிவு உடையவராக இருத்தல் வாழ்க்கையில் இழிந்த நிலையாகும்.,"Lowest and meanest lore, that bids men trust secure,
In things that pass away, as things that shall endure!
That ignorance which considers those things to be stable which are not so, is dishonourable (to the wise).
",Instability,நிலையாமை,துறவறவியல்,Ascetic Virtue,VIRTUE,அறத்துப்பால்
332,கூத்தாட் டவைக்குழாத் தற்றே பெருஞ்செல்வம் போக்கும் அருவிளிந் தற்று,"To believe that transient things will last forever
is deplorable stupidity.","பெரிய செல்வம் வந்து சேர்தல், கூத்தாடும் இடத்தில் கூட்டம் சேர்வதைப் போன்றது, அது நீங்கிப் போதலும் கூத்து முடிந்ததும் கூட்டம் கலைவதைப் போன்றது.","As crowds round dancers fill the hall, is wealth's increase;
Its loss, as throngs dispersing, when the dances cease.
The acquisition of wealth is like the gathering together of an assembly for a theatre; its expenditure is like the breaking up of that assembly.
",Instability,நிலையாமை,துறவறவியல்,Ascetic Virtue,VIRTUE,அறத்துப்பால்
333,அற்கா இயல்பிற்றுச் செல்வம் அதுபெற்றால் அற்குப ஆங்கே செயல்,"Wealth is transient; when it comes about,
use it to do a lasting righteous deed.","செல்வம் நிலைக்காத இயல்பை உடையது, அத்தகைய செல்வத்தைப்பெற்றால், பெற்ற அப்போதே நிலையான அறங்களைச் செய்ய வேண்டும்.","Unenduring is all wealth; if you wealth enjoy,
Enduring works in working wealth straightway employ.
Wealth is perishable; let those who obtain it immediately practise those (virtues) which are imperishable.
",Instability,நிலையாமை,துறவறவியல்,Ascetic Virtue,VIRTUE,அறத்துப்பால்
334,நாளென ஒன்றுபோற் காட்டி உயிரீரும் வாள துணர்வார்ப் பெறின்,"The wise get this : Time, that manifests itself as days,
is a sword that slices off life.","வாழ்க்கையை ஆராய்ந்து உணர்வாரைப் பெற்றால் நாள் என்பது ஒரு கால அளவுகோல்காட்டி, உயிரை உடம்பிலிருந்து பிரித்து அறுக்கும் வாளாக உள்ளது.","As 'day' it vaunts itself; well understood, 'tis knife',
That daily cuts away a portion from thy life.
Time, which shows itself (to the ignorant) as if it were something (real) is in the estimation of the wise (only) a saw which cuts down life.",Instability,நிலையாமை,துறவறவியல்,Ascetic Virtue,VIRTUE,அறத்துப்பால்
335,நாச்செற்று விக்குள்மேல் வாராமுன் நல்வினை மேற்சென்று செய்யாப் படும்,"Before your tongue goes numb and you let out your last breath,
make haste to do a good deed.",நெருந லுளனொருவன் இன்றில்லை என்னும் பெருமை யுடைத்திவ் வுலகு,"Before the tongue lie powerless, 'mid the gasp of gur gling breath,
Arouse thyself, and do good deeds beyond the power of death.
Let virtuous deeds be done quickly, before the biccup comes making the tongue silent.",Instability,நிலையாமை,துறவறவியல்,Ascetic Virtue,VIRTUE,அறத்துப்பால்
336,நெருந லுளனொருவன் இன்றில்லை என்னும் பெருமை யுடைத்திவ் வுலகு,"Who was there yesterday, is gone today:
the world is thus.",நேற்று இருந்தவன் ஒருவன் இன்று இல்லாமல் இறந்து போனான் என்று சொல்லப்படும் நிலையாமைஆகிய பெருமை உடையது இவ்வுலகம்.,"Existing yesterday, today to nothing hurled!-
Such greatness owns this transitory world.
This world possesses the greatness that one who yesterday was is not today.
",Instability,நிலையாமை,துறவறவியல்,Ascetic Virtue,VIRTUE,அறத்துப்பால்
337,ஒருபொழுதும் வாழ்வ தறியார் கருதுப கோடியு மல்ல பல,"They, who, hold  over a billion thoughts in their minds,
know not how to live their lives for a moment.","அறிவில்லாதவர் ஒரு வேளையாவது வாழ்க்கையின் தன்மையை ஆராய்ந்து அறிவதில்லை.ஆனால் வீணீல் எண்ணுவனவோ ஒரு கோடியும் அல்ல, மிகப்பல எண்ணங்கள்.","Who know not if their happy lives shall last the day,
In fancies infinite beguile the hours away!
Innumerable are the thoughts which occupy the mind of (the unwise), who know not that they shall live another moment.",Instability,நிலையாமை,துறவறவியல்,Ascetic Virtue,VIRTUE,அறத்துப்பால்
338,குடம்பை தனித்தொழியப் புள்பறந் தற்றே உடம்போ டுயிரிடை நட்பு,"A bird breaks away from the egg, leaving the shells alone;
so is life related to body.","உடம்போடு உயிர்க்கு உள்ள உறவு, தான் இருந்த கூடு தனியே இருக்க அதை விட்டு வேறிடத்திற்குப் பறவை பறந்தாற் போன்றது.","Birds fly away, and leave the nest deserted bare;
Such is the short-lived friendship soul and body share.
The love of the soul to the body is like (the love of) a bird to its egg which it flies away from and leaves empty.
",Instability,நிலையாமை,துறவறவியல்,Ascetic Virtue,VIRTUE,அறத்துப்பால்
339,உறங்குவது போலுஞ் சாக்கா டுறங்கி விழிப்பது போலும் பிறப்பு,"Death is like going off to sleep;
birth is like waking up from it.","இறப்பு எனப்படுவது ஒருவனுக்குஉறக்கம் வருதலைப் போன்றது, பிறப்பு எனப்படுவது உறக்கம் நீங்கி விழித்துக் கொள்வதைப் போன்றது.","Death is sinking into slumbers deep;
Birth again is waking out of sleep.
Death is like sleep; birth is like awaking from it.",Instability,நிலையாமை,துறவறவியல்,Ascetic Virtue,VIRTUE,அறத்துப்பால்
340,புக்கி லமைந்தின்று கொல்லோ உடம்பினுள் துச்சி லிருந்த உயிர்க்கு,"Doesn’t life have a permanent dwelling? It has taken
shelter in this body.","(நோய்களுக்கு இடமாகிய) உடம்பில் ஒரு மூலையில் குடியிருந்த உயிர்க்கு, நிலையாகப் புகுந்திருக்கும் வீடு இதுவரையில் அமையவில்லையோ.","The soul in fragile shed as lodger courts repose:-
Is it because no home's conclusive rest it knows?
It seems as if the soul, which takes a temporary shelter in a body, had not attained a home.",Instability,நிலையாமை,துறவறவியல்,Ascetic Virtue,VIRTUE,அறத்துப்பால்
341,யாதனின் யாதனின் நீங்கியான் நோதல் அதனின் அதனின் அலன்,"Pain, there is none,
from all those one renounces.	","ஒருவன் எந்தப் பொருளிலிருந்து, எந்தப் பொருளிலிருந்து பற்று நீங்கியவனாக இருக்கின்றானோ, அந்தந்தப் பொருளால் அவன் துன்பம் அடைவதில்லை.","From whatever, aye, whatever, man gets free,
From what, aye, from that, no more of pain hath he!
Whatever thing, a man has renounced, by that thing; he cannot suffer pain.
",Renunciation,துறவு,துறவறவியல்,Ascetic Virtue,VIRTUE,அறத்துப்பால்
342,வேண்டினுண் டாகத் துறக்க துறந்தபின் ஈண்டியற் பால பல,"The pleasures of this world after renouncing are immense;
if you wish those, renounce when you can .","துன்பமில்லாத நிலைமை வேண்டுமானால் எல்லாப் பொருள்களும் உள்ள காலத்திலேயெ துறக்க வேண்டும்,துறந்த பின் இங்குப் பெறக்கூடும் இன்பங்கள் பல.","Renunciation' made- ev'n here true pleasures men acquire;
'Renounce' while time is yet, if to those pleasures you aspire.
After a man has renounced (all things), there will still be many things in this world (which he may enjoy); if he should desire them, let him, while it is time abandon. (the world).",Renunciation,துறவு,துறவறவியல்,Ascetic Virtue,VIRTUE,அறத்துப்பால்
343,அடல்வேண்டும் ஐந்தன் புலத்தை விடல்வேண்டும் வேண்டிய வெல்லாம் ஒருங்கு,"The pleasures of this world after renouncing are immense;
if you wish those, renounce when you can .","ஐம்பொறிகளுக்கும் உரிய ஐந்து புலன்களின் ஆசையையும் வெல்லுதல் வேண்டும், அவற்றிற்கு வேண்டிய பொருள்களை எல்லாம் ஒரு சேர விட வேண்டும்.","Perceptions of the five' must all expire;-
Relinquished in its order each desire
Let the five senses be destroyed; and at the same time, let everything be abandoned that (the ascetic) has (formerly) desired.
",Renunciation,துறவு,துறவறவியல்,Ascetic Virtue,VIRTUE,அறத்துப்பால்
344,இயல்பாகும் நோன்பிற்கொன் றின்மை உடைமை மயலாகும் மற்றும் பெயர்த்து,"Not to have a thing is the essense of penance;
any possession lures one away from it.","தவம் செய்தவற்கு ஒரு பற்றும் இல்லாதிருத்தல் இயல்பாகும், பற்று உடையவராக இருத்தல் மீண்டும் மயங்குவதற்கு வழியாகும்.","Privation absolute' is penance true;
'Possession' brings bewilderment anew.
To be altogether destitute is the proper condition of those who perform austerities; if they possess anything, it will change (their resolution) and bring them back to their confused state.",Renunciation,துறவு,துறவறவியல்,Ascetic Virtue,VIRTUE,அறத்துப்பால்
345,மற்றுந் தொடர்ப்பா டெவன்கொல் பிறப்பறுக்கல் உற்றார்க் குடம்பும் மிகை,"For those ascetics seeking relief from rebirth, own flesh is an excess.
what purpose do other affinities serve?",பிறவித் துன்பத்தைப் போக்க முயல்கின்றவர்க்கு உடம்பும் மிகையான பொருள் ஆகையால் அதற்கு மேல் வேறு தொடர்பு கொள்வது ஏனோ,"To those who sev'rance seek from being's varied strife,
Flesh is burthen sore; what then other bonds of life?
What means the addition of other things those who are attempting to cut off (future) births, when even their body is too much (for them).",Renunciation,துறவு,துறவறவியல்,Ascetic Virtue,VIRTUE,அறத்துப்பால்
346,யானென தென்னுஞ் செருக்கறுப்பான் வானோர்க் குயர்ந்த உலகம் புகும்,"One who severs the vanity of ‘I’ and ‘Mine’,
shall reach some place better than paradise","உடம்பை யான் எனக் கருதலும் தொடர்பு இல்லாத பொருளை எனது எனக்கருதலுமாகிய மயக்கத்தை போக்குகின்றவன், தேவர்க்கும் எட்டாத உயர்ந்த நிலை அடைவான்.","Who kills conceit that utters 'I' and 'mine',
Shall enter realms above the powers divine.
He who destroys the pride which says ""I"", ""mine"" will enter a world which is difficult even to the Gods to attain",Renunciation,துறவு,துறவறவியல்,Ascetic Virtue,VIRTUE,அறத்துப்பால்
347,பற்றி விடாஅ இடும்பைகள் பற்றினைப் பற்றி விடாஅ தவர்க்கு,"Miseries will not  near
those who desist from desire.","யான் எனது என்னும் இருவகைப் பற்றுக்களையும் பற்றிக் கொண்டுவிடாத வரை, துன்பங்களும் விடாமல் பற்றிக்கொள்கின்றன.","Who cling to things that cling and eager clasp,
Griefs cling to them with unrelaxing grasp.
Sorrows will never let go their hold of those who give not up their hold of desire.",Renunciation,துறவு,துறவறவியல்,Ascetic Virtue,VIRTUE,அறத்துப்பால்
348,தலைப்பட்டார் தீரத் துறந்தார் மயங்கி வலைப்பட்டார் மற்றை யவர்,"Those who renounce completely, surge ahead;
others get enticed and end up entangled in a web.","முற்றத் துறந்தவறே உயர்ந்த நிலையினர் ஆவர், அவ்வாறு துறக்காத மற்றவர் அறியாமையாகிய வலையில் அகப்பட்டவர் ஆவர்.","Who thoroughly 'renounce' on highest height are set;
The rest bewildered, lie entangled in the net.
Those who have entirely renounced (all things and all desire) have obtained (absorption into God); all others wander in confusion, entangled in the net of (many) births.",Renunciation,துறவு,துறவறவியல்,Ascetic Virtue,VIRTUE,அறத்துப்பால்
349,பற்றற்ற கண்ணே பிறப்பறுக்கும் மற்று நிலையாமை காணப் படும்,"Only when all attachments are severed, the cycle of life and death is broken;
anything short of it is transient.","இருவகைப் பற்றும் அற்றபொழுதே அந்நிலை பிறவித் துன்பத்தை ஒழிக்கும், இல்லையானால் (பிறவித்துன்பம் மாறி மாறி வந்து) நிலையாமைக் காணப்படும்.","When that which clings falls off, severed is being's tie;
All else will then be seen as instability.
At the moment in which desire has been abandoned, (other) births will be cut off; when that has not been done, instability will be seen.",Renunciation,துறவு,துறவறவியல்,Ascetic Virtue,VIRTUE,அறத்துப்பால்
350,பற்றுக பற்றற்றான் பற்றினை அப்பற்றைப் பற்றுக பற்று விடற்கு,"Be attached to God, who is attached to none,
only so that you leverage that attachment to let go of all other attachments.","பற்றில்லாதவனாகிய கடவுளுடைய பற்றை மட்டும் பற்றிக் கொள்ள வேண்டும், உள்ள பற்றுக்களை விட்டொழிப்பதற்கே அப் பற்றைப் பற்ற வேண்டும்.","Cling thou to that which He, to Whom nought clings, hath bid thee cling,
Cling to that bond, to get thee free from every clinging thing.
Desire the desire of Him who is without desire; in order to renounce desire, desire that desire.",Renunciation,துறவு,துறவறவியல்,Ascetic Virtue,VIRTUE,அறத்துப்பால்
351,பொருளல்ல வற்றைப் பொருளென் றுணரும் மருளானாம் மாணாப் பிறப்பு,"To be deluded into accepting anything untrue as gospel truth
leads to a wasted life.",மெய்ப்பொருள் அல்லாதவைகளை மெய்ப்பொருள் என்று தவறாக உணர்கின்ற மயக்க உணர்வால் சிறப்பில்லாத துன்பப் பிறவி உண்டாகும்.,"Of things devoid of truth as real things men deem;-
Cause of degraded birth the fond delusive dream!
Inglorious births are produced by the confusion (of mind) which considers those things to be real which are not real.",Knowledge of the True,மெய்யுணர்தல்,துறவறவியல்,Ascetic Virtue,VIRTUE,அறத்துப்பால்
352,இருள்நீங்கி இன்பம் பயக்கும் மருள்நீங்கி மாசறு காட்சி யவர்க்கு,"Darkness will give way to joy, when delusion
is replaced with a flawless vision.","மயக்கம் நீங்கிக் குற்றம் அற்ற மெய்யுணர்வை உடையவர்க்கு, அம் மெய்யுணர்வு அறியாமையை நீக்கி இன்ப நிலையைக்கொடுக்கும்.","Darkness departs, and rapture springs to men who see,
The mystic vision pure, from all delusion free.
A clear, undimmed vision of things will deliver its possessors from the darkness of future births, and confer the felicity (of heaven).",Knowledge of the True,மெய்யுணர்தல்,துறவறவியல்,Ascetic Virtue,VIRTUE,அறத்துப்பால்
353,ஐயத்தின் நீங்கித் தெளிந்தார்க்கு வையத்தின் வான நணிய துடைத்து,"For those with conviction, who have dispelled all doubts,
the skies are nearer than the earth.",ஐயத்திலிருந்து நீங்கி மெய்யுணர்வு பெற்றவர்க்கு அடைந்துள்ள இவ்வுலகை விட அடைய வேண்டிய மேலுலகம் அண்மையில் உள்ளதாகும்.,"When doubts disperse, and mists of error roll
Away, nearer is heav'n than earth to sage's soul.
Heaven is nearer than earth to those men of purified minds who are freed from from doubt.",Knowledge of the True,மெய்யுணர்தல்,துறவறவியல்,Ascetic Virtue,VIRTUE,அறத்துப்பால்
354,ஐயுணர் வெய்தியக் கண்ணும் பயமின்றே மெய்யுணர் வில்லா தவர்க்கு,"Conquering the five senses makes no sense,
when there is no comprehension of truth.",மெய்யுணர்வு இல்லாதவர்க்கு ஐந்து புலன்களின் வேறுபாட்டால் வளர்ந்த ஐந்து வகை உணர்வும் முற்றப்பெற்ற போதிலும் பயன் இல்லை.,"Five-fold perception gained, what benefits accrue
To them whose spirits lack perception of the true?
Even those who have all the knowledge which can be attained by the five senses, will derive no benefit from it, if they are without a knowledge of the true nature of things.",Knowledge of the True,மெய்யுணர்தல்,துறவறவியல்,Ascetic Virtue,VIRTUE,அறத்துப்பால்
355,எப்பொரு ளெத்தன்மைத் தாயினும் அப்பொருள் மெய்ப்பொருள் காண்ப தறிவு,"Whatever seems to be the nature of anything,
wisdom lies in seeking to grasp its true nature.",எப்பொருள் எத்தன்மையதாய்த் தோன்றினாலும் (அத்தோற்றத்தை மட்டும் கண்டுமங்காமல்) அப் பொருளின் உண்மையான இயல்பை அறிவதே மெய்யுணர்வு.,"Whatever thing, of whatsoever kind it be,
'Tis wisdom's part in each the very thing to see.
(True) knowledge is the perception concerning every thing of whatever kind, that that thing is the true thing",Knowledge of the True,மெய்யுணர்தல்,துறவறவியல்,Ascetic Virtue,VIRTUE,அறத்துப்பால்
356,கற்றீண்டு மெய்ப்பொருள் கண்டார் தலைப்படுவர் மற்றீண்டு வாரா நெறி,"Those who have learnt and grasped the true essence here,
will find a path that will not bring them back here.        ","கற்க வேண்டிய வற்றைக் கற்று இங்கு மெய்ப் பொருளை உணர்ந்தவர் , மீண்டும் இப்பிறப்பிற்கு வராத வழியை அடைவர்.","Who learn, and here the knowledge of the true obtain,
Shall find the path that hither cometh not again.
They, who in this birth have learned to know the True Being, enter the road which returns not into this world",Knowledge of the True,மெய்யுணர்தல்,துறவறவியல்,Ascetic Virtue,VIRTUE,அறத்துப்பால்
357,ஓர்த்துள்ளம் உள்ள துணரின் ஒருதலையாப் பேர்த்துள்ள வேண்டா பிறப்பு,"The mind that, after careful consideration, ascertains the truth
conclusively, would not contemplate rebirth.","ஒருவனுடைய உள்ளம் உண்மைப் பொருளை ஆராய்ந்து உறுதியாக உணர்ந்தால், அவனுக்கு மீண்டும் பிறப்பு உள்ள தென எண்ண வேண்டா.","Who learn, and here the knowledge of the true obtain,
Shall find the path that hither cometh not again.
They, who in this birth have learned to know the True Being, enter the road which returns not into this world",Knowledge of the True,மெய்யுணர்தல்,துறவறவியல்,Ascetic Virtue,VIRTUE,அறத்துப்பால்
358,பிறப்பென்னும் பேதைமை நீங்கச் சிறப்பென்னுஞ் செம்பொருள் காண்ப தறிவு,"For the vanity of birth to vanish, fathom
those ultimate truths of true significance.",பிறவித்துன்பத்திற்கு காரணமான அறியாமை நீங்குமாறு முக்தி எனும் சிறந்த நிலைக்குக் காரணமான செம் பொருளைக் காண்பதே மெய்யுணர்வு.,"When folly, cause of births, departs; and soul can view
The truth of things, man's dignity- 'tis wisdom true.
True knowledge consists in the removal of ignorance; which is (the cause of) births, and the perception of the True Being who is (the bestower of) heaven.",Knowledge of the True,மெய்யுணர்தல்,துறவறவியல்,Ascetic Virtue,VIRTUE,அறத்துப்பால்
359,சார்புணர்ந்து சார்பு கெடவொழுகின் மற்றழித்துச் சார்தரா சார்தரு நோய்,"To understand our desires, and to give up those desires,
decimates the distress caused by those desires.","எல்லாப் பொருளுக்கும் சார்பான செம்பொருளை உணர்ந்து பற்றுக் கெடுமாறு ஒழுகினால், சார்வதற்க்கு உரிய துன்பங்கள் திரும்ப வந்து அடையா.","The true 'support' who knows- rejects 'supports' he sought before-
Sorrow that clings all destroys, shall cling to him no more.
He who so lives as to know Him who is the support of all things and abandon all desire, will be freed from the evils which would otherwise cleave to him and destroy (his efforts after absorption).",Knowledge of the True,மெய்யுணர்தல்,துறவறவியல்,Ascetic Virtue,VIRTUE,அறத்துப்பால்
360,காமம் வெகுளி மயக்கம் இவைமூன்றன் நாமங் கெடக்கெடு நோய்,"Live such that even the labels for Desire, anger and ignorance
do not exist; then, the ills caused by them will cease.","விருப்பு, வெறுப்பு, அறியாமை ஆகிய இக் குற்றங்கள் மூன்றனுடைய பெயரும் கெடுமாறு ஒழுகினால் துன்பங்கள் வராமற் கெடும்.","When lust and wrath and error's triple tyranny is o'er,
Their very names for aye extinct, then pain shall be no more.
If the very names of these three things, desire, anger, and confusion of mind, be destroyed, then will also perish evils (which flow from them).",Knowledge of the True,மெய்யுணர்தல்,துறவறவியல்,Ascetic Virtue,VIRTUE,அறத்துப்பால்
361,அவாவென்ப எல்லா உயிர்க்குமெஞ் ஞான்றுந் தவாஅப் பிறப்பீனும் வித்து,"Desire is the seed which, for all lives,
unfailingly, leads to an endless cycle of birth.",எல்லா உயிர்களுக்கும் எக்காலத்திலும் ஒழியாமல் வருகின்ற பிறவித்துன்பத்தை உண்டாக்கும் வித்து அவா என்றுக் கூறுவர்.,"The wise declare, through all the days, to every living thing.
That ceaseless round of birth from seed of strong desire doth spring.
(The wise) say that the seed, which produces unceasing births, at all times, to all creatures, is desire.",The Extirpation of Desire,அவாவறுத்தல்,துறவறவியல்,Ascetic Virtue,VIRTUE,அறத்துப்பால்
362,வேண்டுங்கால் வேண்டும் பிறவாமை மற்றது வேண்டாமை வேண்ட வரும்,"If you desire, desire for freedom from birth;
desiring not to desire, too, leads to that freedom.","ஒருவன் ஒன்றை விரும்புவதனால் பிறவா நிலைமையை விரும்ப வேண்டும், அது அவா அற்ற நிலையை விரும்பினால் உண்டாகும்.","If desire you feel, freedom from changing birth require!
'I' will come, if you desire to 'scape, set free from all desire.
If anything be desired, freedom from births should be desired; that (freedom from births) will be attained by desiring to be without desire.",The Extirpation of Desire,அவாவறுத்தல்,துறவறவியல்,Ascetic Virtue,VIRTUE,அறத்துப்பால்
363,வேண்டாமை யன்ன விழுச்செல்வம் ஈண்டில்லை ஆண்டும் அஃதொப்ப தில்,"There is no wealth here better than lack of desire;
nowhere else is there anything that equals it.","அவா அற்ற நிலைமை போன்ற சிறந்த செல்வம் இவ்வுலகில் இல்லை, வேறு எங்கும் அதற்க்கு நிகரான ஒன்று இல்லை.","No glorious wealth is here like freedom from desire;
To bliss like this not even there can soul aspire.
There is in this world no excellence equal to freedom from desire; and even in that world, there is nothing like it",The Extirpation of Desire,அவாவறுத்தல்,துறவறவியல்,Ascetic Virtue,VIRTUE,அறத்துப்பால்
364,தூஉய்மை யென்ப தவாவின்மை மற்றது வாஅய்மை வேண்ட வரும்,"Purity is absence of desire; which, is
obtained through the quest for truth.","தூயநிலை என்றுக் கூறப்படுவது அவா இல்லா திருத்தலே யாகும், அவா அற்ற அத்தன்மை மெய்ப்பொருளை விரும்புவதால் உண்டாகும்.","Desire's decease as purity men know;
That, too, from yearning search for truth will grow.
Purity (of mind) consists in freedom from desire; and that (freedom from desire) is the fruit of the love of truth.",The Extirpation of Desire,அவாவறுத்தல்,துறவறவியல்,Ascetic Virtue,VIRTUE,அறத்துப்பால்
365,அற்றவ ரென்பார் அவாவற்றார் மற்றையார் அற்றாக அற்ற திலர்,"Only those who’ve renounced desire have renounced;
the rest, who’ve renounced all else, have not truly renounced.","பற்றற்றவர் என்றுக் கூறப்படுவோர் அவா அற்றவரே, அவா அறாத மற்றவர் அவ்வளவாகப் பற்று அற்றவர் அல்லர்.","Men freed from bonds of strong desire are free;
None other share such perfect lib erty.
They are said to be free (from future birth) who are freed from desire; all others (who, whatever else they may be free from, are not freed from desire) are not thus free.",The Extirpation of Desire,அவாவறுத்தல்,துறவறவியல்,Ascetic Virtue,VIRTUE,அறத்துப்பால்
366,அஞ்சுவ தோரும் அறனே ஒருவனை வஞ்சிப்ப தோரும் அவா,"Desire is a deceptive trap;
fearing it, is a virtue.","ஒருவன் அவாவிற்கு அஞ்சி வாழ்வதே அறம், ஏன் எனில் ஒருவனைச் சோர்வு கண்டுகொடுத்து வஞ்சிப்பது அவாவே.","Desire each soul beguiles;
True virtue dreads its wiles.
It is the chief duty of (an ascetic) to watch against desire with (jealous) fear; for it has power to deceive (and destroy) him.",The Extirpation of Desire,அவாவறுத்தல்,துறவறவியல்,Ascetic Virtue,VIRTUE,அறத்துப்பால்
367,அவாவினை ஆற்ற அறுப்பின் தவாவினை தான்வேண்டு மாற்றான் வரும்,"One can do flawless deeds the way one wants to do,
when desire is destroyed completely.","ஒருவன் ஆசையை முழுதும் ஒழித்தால், அவன் கெடாமல் வாழ்வதற்கு உரிய நல்ல செயல் அவன் விரும்புமாறு வாய்க்கும்.","Who thoroughly rids his life of passion-prompted deed,
Deeds of unfailing worth shall do, which, as he plans, succeed.
If a man thoroughly cut off all desire, the deeds, which confer immortality, will come to him, in the path in which he seeks them.",The Extirpation of Desire,அவாவறுத்தல்,துறவறவியல்,Ascetic Virtue,VIRTUE,அறத்துப்பால்
368,அவாவில்லார்க் கில்லாகுந் துன்பமஃ துண்டேல் தவாஅது மேன்மேல் வரும்,"Those who are devoid of desire are free from misery;
for others, it keeps piling up.","அவா இல்லாதவர்க்குத் துன்பம் இல்லையாகும், அவா இருந்தால் எல்லாத் துன்பங்களும் மேலும் மேலும் ஒழியாமல் வரும்.","Affliction is not known where no desires abide;
Where these are, endless rises sorrow's tide.
There is no sorrow to those who are without desire; but where that is, (sorrow) will incessantly come, more and more.",The Extirpation of Desire,அவாவறுத்தல்,துறவறவியல்,Ascetic Virtue,VIRTUE,அறத்துப்பால்
369,இன்பம் இடையறா தீண்டும் அவாவென்னுந் துன்பத்துள் துன்பங் கெடின்,"When desire, the misery of miseries, is decimated,
unending joy abounds.",அவா என்று சொல்லப்படுகின்ற துன்பங்களுள் பொல்லாதத் துன்பம் கெடுமானால் இவ் வுலகில் இன்பம் இடையறாமல் வாய்க்கும்.,"When dies away desire, that woe of woes
Ev'n here the soul unceasing rapture knows.
Even while in this body, joy will never depart (from the mind, in which) desire, that sorrow of sorrows, has been destroyed.",The Extirpation of Desire,அவாவறுத்தல்,துறவறவியல்,Ascetic Virtue,VIRTUE,அறத்துப்பால்
370,ஆரா இயற்கை அவாநீப்பின் அந்நிலையே பேரா இயற்கை தரும்,"Eternal bliss ensues,
when insatiable desire ends.",ஒருபோதும் நிரம்பாத தன்மை உடைய அவாவை ஒழித்தால் ஒழித்த அந்நிலையே எப்போதும் மாறாதிருக்கும் இன்ப வாழ்வைத் தரும்.,"Drive from thy soul desire insatiate;
Straight'way is gained the moveless blissful state.
The removal of desire, whose nature it is never to be satisfied, will immediately confer a nature that can never be changed.",The Extirpation of Desire,அவாவறுத்தல்,துறவறவியல்,Ascetic Virtue,VIRTUE,அறத்துப்பால்
371,ஆகூழால் தோன்றும் அசைவின்மை கைப்பொருள் போகூழால் தோன்று மடி,"Constructive ool causes tireless endeavor leading to prosperity;
destructive ool causes indolence.","கைப்பொருள் ஆவதற்க்கு காரணமான ஊழால் சோர்வில்லாத முயற்சி உண்டாகும், கைப்பொருள் போவதற்க்கு காரணமான ஊழால் சோம்பல் ஏற்படும்.","Wealth-giving fate power of unflinching effort brings;
From fate that takes away idle remissness springs.
Perseverance comes from a prosperous fate, and idleness from an adverse fate.",Fate,ஊழ்,ஊழியல்,Fate,VIRTUE,அறத்துப்பால்
372,பேதைப் படுக்கும் இழவூழ் அறிவகற்றும் ஆகலூ ழுற்றக் கடை,"Malign ool blunts one’s intelligence;
in its turn, benign ool sharpens it.","பொருள் இழந்தற்கு காரணமான ஊழ், பேதை யாக்கும் பொருள் ஆவதற்க்கு காரணமான ஊழ் அறிவைப் பெருக்கும்.","The fate that loss ordains makes wise men's wisdom foolishness;
The fate that gain bestows with ampler powers will wisdom bless.
An adverse fate produces folly, and a prosperous fate produces enlarged knowledge.",Fate,ஊழ்,ஊழியல்,Fate,VIRTUE,அறத்துப்பால்
373,நுண்ணிய நூல்பல கற்பினும் மற்றுந்தன் உண்மை யறிவே மிகும்,"Even if knowledge comes through profound books,
one’s innate wisdom remains dominant.",ஒருவன் நுட்பமான நூல் பலவற்றைக் கற்றாலும் ஊழுக்கு ஏற்றவாறு அவனுக்கு உள்ள தாகும் அறிவே மேம்பட்டுத் தோன்றும்.,"In subtle learning manifold though versed man be,
'The wisdom, truly his, will gain supremacy.
Although (a man) may study the most polished treatises, the knowledge which fate has decreed to him will still prevail.",Fate,ஊழ்,ஊழியல்,Fate,VIRTUE,அறத்துப்பால்
374,இருவே றுலகத் தியற்கை திருவேறு தெள்ளிய ராதலும் வேறு,"The world is stratified based on two factors:
wealth and wisdom; and, they are not correlated.	","உலகத்தின் இயற்க்கை ஊழின் காரணமாக இரு வேறு வகைப்படும், செல்வம் உடையவராதலும் வேறு அறிவு உடையவராதலும் வேறு.","Two fold the fashion of the world: some live in fortune's light;
While other some have souls in wisdom's radiance bright.
There are (through fate) two different natures in the world, hence the difference (observable in men) in (their acquisition of) wealth, and in their attainment of knowledge.",Fate,ஊழ்,ஊழியல்,Fate,VIRTUE,அறத்துப்பால்
375,நல்லவை யெல்லாஅந் தீயவாந் தீயவும் நல்லவாஞ் செல்வஞ் செயற்கு,"While seeking wealth, positive aspects can turn harmful;
and negative aspects beneficial.","செல்வத்தை ஈட்டும் முயற்சிக்கு ஊழ்வகையால் நல்லவை எல்லாம் தீயவை ஆதலும் உண்டு, தீயவை நல்லவை ஆதலும் உண்டு.","All things that good appear will oft have ill success;
All evil things prove good for gain of happiness.
In the acquisition of property, every thing favourable becomes unfavourable, and (on the other hand) everything unfavourable becomes favourable, (through the power of fate).",Fate,ஊழ்,ஊழியல்,Fate,VIRTUE,அறத்துப்பால்
376,பரியினும் ஆகாவாம் பாலல்ல உய்த்துச் சொரியினும் போகா தம,"Strive hard, we may; but what we don’t deserve doesn’t stay,
and what we deserve, we can’t dispose.",ஊழால் தமக்கு உரியவை அல்லாதப் பொருள்கள் வருந்திக்காப்பாற்றினாலும் நில்லாமல் போகும் தமக்கு உரியவை கொண்டு போய்ச் சொரிந்தாலும் போகா.,"Things not your own will yield no good, howe'er you guard with pain;
Your own, howe'er you scatter them abroad, will yours remain.
Whatever is not conferred by fate cannot be preserved although it be guarded with most painful care; and that, which fate has made his, cannot be lost, although one should even take it and throw it away",Fate,ஊழ்,ஊழியல்,Fate,VIRTUE,அறத்துப்பால்
377,வகுத்தான் வகுத்த வகையல்லாற் கோடி தொகுத்தார்க்குந் துய்த்த லரிது,"One may amass wealth worth crores, but can consume
only as ordained by the Ordainer (based on ool).",ஊழ் ஏற்ப்படுத்திய வகையால் அல்லாமல் முயன்று கோடிக்கணக்கானப் பொருளைச் சேர்த்தவருக்கும் அவற்றை நுகர முடியாது.,"Save as the 'sharer' shares to each in due degree,
To those who millions store enjoyment scarce can be.
Even those who gather together millions will only enjoy them, as it has been determined by the disposer (of all things).",Fate,ஊழ்,ஊழியல்,Fate,VIRTUE,அறத்துப்பால்
378,துறப்பார்மன் துப்புர வில்லார் உறற்பால ஊட்டா கழியு மெனின்,"Even those who possess nothing to enjoy will ‘renounce’,
if only one can escape the misery that is to be suffered.",வரவேண்டிய துன்பங்கள் வந்து வருத்தாமல் நீங்குமானால் நுகரும் பொருள் இல்லாத வறியவர் துறவறம் மேற்க்கொள்வர்.,"The destitute with ascetics merit share,
If fate to visit with predestined ills would spare.
The destitute will renounce desire (and become ascetics), if (fate) do not make them suffer the hindrances to which they are liable, and they pass away.",Fate,ஊழ்,ஊழியல்,Fate,VIRTUE,அறத்துப்பால்
379,நன்றாங்கால் நல்லவாக் காண்பவர் அன்றாங்கால் அல்லற் படுவ தெவன்,"Why bemoan the misery caused by ool,
when one enjoys the good without complaint.	","நல்வினை விளையும் போது நல்லவை எனக் கருதி மகிழ்கின்றனர், தீவினை விளையும் போது துன்பப்பட்டுக் கலங்குவது ஏனோ.","When good things come, men view them all as gain;
When evils come, why then should they complain?
How is it that those, who are pleased with good fortune, trouble themselves when evil comes, (since both are equally the decree of fa te) ?",Fate,ஊழ்,ஊழியல்,Fate,VIRTUE,அறத்துப்பால்
380,ஊழிற் பெருவலி யாவுள மற்றொன்று சூழினுந் தான்முந் துறும்,"Is there anything mightier than ool? It remains dominant
despite all plans devised to counter it.","ஊழை விட மிக்க வலிமையுள்ளவை வேறு எவை உள்ளன, ஊழை விலக்கும் பொருட்டு மற்றோரு வழியைஆராய்ந்தாலும் அங்கும் தானே முன் வந்து நிற்கும்.","What powers so great as those of Destiny? Man's skill
Some other thing contrives; but fate's beforehand still.
What is stronger than fate ? If we think of an expedient (to avert it), it will itself be with us before (the thought).",Fate,ஊழ்,ஊழியல்,Fate,VIRTUE,அறத்துப்பால்
381,படைகுடி கூழமைச்சு நட்பரண் ஆறும் உடையான் அரசரு ளேறு,"The military, citizenry, resources, advisers, friends and fortresses :
who owns these six is a lion amongst kings.",படை குடி கூழ் அமைச்சு நட்பு அரண் என்று கூறப்படும் ஆறு அங்கங்களையும் உடையவனே அரசருள் ஆண் சிங்கம் போனறவன்.,"An army, people, wealth, a minister, friends, fort: six things-
Who owns them all, a lion lives amid the kings.
He who possesses these six things, an army, a people, wealth, ministers, friends and a fortress, is a lion among kings.",The Greatness of a King,இறைமாட்சி,அரசியல்,Royalty,WEALTH,பொருட்பால்
382,அஞ்சாமை ஈகை அறிவூக்கம் இந்நான்கும் எஞ்சாமை வேந்தற் கியல்பு,"Fearlessness, generosity, wisdom and vitality:
these four are persistent characteristics expected of a king.","அஞ்சாமை, ஈகை , அறிவுடைமை, ஊக்கமுடைமை இந்த நான்கு பண்புகளும் குறைவு படாமல் இருத்தலே அரசனுக்கு இயல்பாகும்.","Courage, a liberal hand, wisdom, and energy: these four
Are qualities a king adorn for evermore.
Never to fail in these four things, fearlessness, liberality, wisdom, and energy, is the kingly character.",The Greatness of a King,இறைமாட்சி,அரசியல்,Royalty,WEALTH,பொருட்பால்
383,தூங்காமை கல்வி துணிவுடைமை அம்மூன்றும் நீங்கா நிலனாள் பவற்கு,"Vigilance, erudition and boldness:
these three never abandon a competent ruler.","காலம் தாழ்த்தாத தன்மை, கல்வியுடைமை, துணிவுடைமை இந்த மூன்று பண்புகளும் நிலத்தை ஆளும் அரசனுக்கு நீங்காமல் இருக்க வேண்டியவை.","A sleepless promptitude, knowledge, decision strong:
These three for aye to rulers of the land belong.
These three things, viz., vigilance, learning, and bravery, should never be wanting in the ruler of a country.",The Greatness of a King,இறைமாட்சி,அரசியல்,Royalty,WEALTH,பொருட்பால்
384,அறனிழுக்கா தல்லவை நீக்கி மறனிழுக்கா மான முடைய தரசு,"Not swerving from righteousness and justice (aram); and deterring any violations;
assuming greatness and pride through benevolent courage : a ruler should do.        ",ஆட்சி முறைக்கு உரிய அறத்தில் தவறாமல் அறமல்லாதவற்றை நீக்கி வீரத்தில் குறைபடாத மானத்தை உடையவனே சிறந்த அரசன் ஆவான்.,"Kingship, in virtue failing not, all vice restrains,
In courage failing not, it honour's grace maintains.
He is a king who, with manly modesty, swerves not from virtue, and refrains from vice.",The Greatness of a King,இறைமாட்சி,அரசியல்,Royalty,WEALTH,பொருட்பால்
385,இயற்றலும் ஈட்டலுங் காத்தலுங் காத்த வகுத்தலும் வல்ல தரசு,"Strategizing, earning revenues, preserving  and allocating
resources : a government should be capable of","பொருள் வரும் வழிகளை மேன்மேலும் இயற்றலும் வந்த பொருள்களைச் சேர்த்தலும், காத்தலும் காத்தவற்றை வகுத்துச் செலவு செய்தலும் வல்லவன் அரசன்","A king is he who treasure gains, stores up, defends,
And duly for his kingdom's weal expends.
He is a king who is able to acquire (wealth), to lay it up, to guard, and to distribute it.",The Greatness of a King,இறைமாட்சி,அரசியல்,Royalty,WEALTH,பொருட்பால்
386,காட்சி கெளியன் கடுஞ்சொல்லன் அல்லனேல் மீக்கூறும் மன்னன் நிலம்,"The world will eulogize a ruler , who is
easily accessible and refrains from rude rebukes.",காண்பதற்கு எளியவனாய்க் கடுஞ்சொல் கூறாதவாய் இருந்தால் அந்த மன்னனுடைய ஆட்சிக்கு உட்பட்ட நாட்டை உலகம் புகழும்.,"Where king is easy of access, where no harsh word repels,
That land's high praises every subject swells.
The whole world will exalt the country of the king who is easy of access, and who is free from harsh language.",The Greatness of a King,இறைமாட்சி,அரசியல்,Royalty,WEALTH,பொருட்பால்
387,இன்சொலால் ஈத்தளிக்க வல்லாற்குத் தன்சொலால் தான்கண் டனைத்திவ் வுலகு,"For those who, with sweet words, are capable of giving generously
and protecting their people, the world is how they wish it to be.	",இனியச் சொற்களுடன் தக்கவர்க்குப் பொருளை உதவிக் காக்க வல்ல அரசனுக்கு இவ்வுலகம் தன் புகழோடு தான் கருதியபடி அமைவதாகும்.,"With pleasant speech, who gives and guards with powerful liberal hand,
He sees the world obedient all to his command.
The world will praise and submit itself to the mind of the king who is able to give with affability, and to protect all who come to him.",The Greatness of a King,இறைமாட்சி,அரசியல்,Royalty,WEALTH,பொருட்பால்
388,முறைசெய்து காப்பாற்றும் மன்னவன் மக்கட் கிறையென்று வைக்கப் படும்,"A righteous king who renders justice, and nurtures his people,
will be hailed as an almighty leader.","நீதி முறை செய்து குடிமக்களைக் காப்பாற்றும் மன்னவன், மக்களுக்கு தலைவன் என்றுக் கருதித் தனியே மதிக்கப்படுவான்.","Who guards the realm and justice strict maintains,
That king as god o'er subject people reigns.
That king, will be esteemed a God among men, who performs his own duties, and protects (his subjects).",The Greatness of a King,இறைமாட்சி,அரசியல்,Royalty,WEALTH,பொருட்பால்
389,செவிகைப்பச் சொற்பொறுக்கும் பண்புடை வேந்தன் கவிகைக்கீழ்த் தங்கு முலகு,"The leader who heeds to counsel that stings the ear,
will have the world rest under his sceptre.",குறைகூறுவோறின் சொற்களைக் செவிகைக்கும் நிலையிலும் பொறுக்கின்ற பண்பும் உடைய அரசனது குடைநிழலில் உலகம் தங்கும்.,"The king of worth, who can words bitter to his ear endure,
Beneath the shadow of his power the world abides secure.
The whole world will dwell under the umbrella of the king, who can bear words that embitter the ear.",The Greatness of a King,இறைமாட்சி,அரசியல்,Royalty,WEALTH,பொருட்பால்
390,கொடையளி செங்கோல் குடியோம்பல் நான்கும் உடையானாம் வேந்தர்க் கொளி,"Charity, love, justice and safeguarding the people:
who has these four is the guiding light for all leaders.","கொடை, அருள், செங்கோல்முறை, தளர்ந்த குடிமக்களைக்காத்தல் ஆகிய நான்கும் உடைய அரசன், அரசர்க்கெல்லாம் விளக்குப் போன்றவன்.","Gifts, grace, right sceptre, care of people's weal;
These four a light of dreaded kings reveal.
He is the light of kings who has there four things, beneficence, benevolence, rectitude, and care for his people.",The Greatness of a King,இறைமாட்சி,அரசியல்,Royalty,WEALTH,பொருட்பால்
391,கற்க கசடறக் கற்பவை கற்றபின் நிற்க அதற்குத் தக,"Learn, what is to be learnt, with no flaws; once learnt,
stand by what you learned.","கல்வி கற்க நல்ல நூல்களைக் குற்றமறக் கற்க வேண்டும், அவ்வாறு கற்ற பிறகு, கற்ற கல்விக்கு தக்கவாறு நெறியில் நிற்க வேண்டும்.","So learn that you may full and faultless learning gain,
Then in obedience meet to lessons learnt remain.
Let a man learn thoroughly whatever he may learn, and let his conduct be worthy of his learning",Learning,கல்வி,அரசியல்,Royalty,WEALTH,பொருட்பால்
392,எண்ணென்ப ஏனை யெழுத்தென்ப இவ்விரண்டுங் கண்ணென்ப வாழும் உயிர்க்கு,"Numbers and letters, they are known as;
eyes to humans, they are.",எண் என்று சொல்லப்படுவன எழுத்து என்று சொல்லப்படுவன ஆகிய இரு வகைக் கலைகளையும் வாழும் மக்களுக்குக் கண்கள் என்று கூறுவர்.,"The twain that lore of numbers and of letters give
Are eyes, the wise declare, to all on earth that live.
Letters and numbers are the two eyes of man.",Learning,கல்வி,அரசியல்,Royalty,WEALTH,பொருட்பால்
393,கண்ணுடைய ரென்பவர் கற்றோர் முகத்திரண்டு புண்ணுடையர் கல்லா தவர்,"The erudite have eyes; the ignorant
have on their faces, two gashes.",உவப்பத் தலைக்கூடி உள்ளப் பிரிதல் அனைத்தே புலவர் தொழில்,"Men who learning gain have eyes, men say;
Blockheads' faces pairs of sores display.
The learned are said to have eyes, but the unlearned have (merely) two sores in their face.",Learning,கல்வி,அரசியல்,Royalty,WEALTH,பொருட்பால்
394,உவப்பத் தலைக்கூடி உள்ளப் பிரிதல் அனைத்தே புலவர் தொழில்,"Elation when they meet, and nostalgia when they part,
are effects of the erudite’s deeds.",மகிழும் படியாகக் கூடிபழகி (இனி இவரை எப்போது காண்போம் என்று ) வருந்தி நினைக்கும் படியாகப் பிரிதல் புலவரின் தொழிலாகும்.,"You meet with joy, with pleasant thought you part;
Such is the learned scholar's wonderous art!
It is the part of the learned to give joy to those whom they meet, and on leaving, to make them think (Oh! when shall we meet them again.)",Learning,கல்வி,அரசியல்,Royalty,WEALTH,பொருட்பால்
395,உடையார்முன் இல்லார்போல் ஏக்கற்றுங் கற்றார் கடையரே கல்லா தவர்,"Learned are those, who, like the poor before rich, stay humble before others, lovingly, to learn;
those who thus don’t learn are lowly.","செல்வர் முன் வறியவர் நிற்பது போல் (கற்றவர்முன்) ஏங்கித் தாழ்ந்து நின்றும் கல்விக் கற்றவரே உயர்ந்தவர், கல்லாதவர் இழிந்தவர்.","With soul submiss they stand, as paupers front a rich man's face;
Yet learned men are first; th'unlearned stand in lowest place.
The unlearned are inferior to the learned, before whom they stand begging, as the destitute before the wealthy.",Learning,கல்வி,அரசியல்,Royalty,WEALTH,பொருட்பால்
396,தொட்டனைத் தூறு மணற்கேணி மாந்தர்க்குக் கற்றனைத் தூறும் அறிவு,"The deeper a well is dug, the more the water that springs;
the more one learns, the more the wisdom it brings.","மணலில் உள்ள கேணியில் தோண்டிய அளவிற்க்கு நீர் ஊறும், அதுபோல் மக்களின் கற்றக் கல்வியின் அளவிற்கு அறிவு ஊறும்","In sandy soil, when deep you delve, you reach the springs below;
The more you learn, the freer streams of wisdom flow.
Water will flow from a well in the sand in proportion to the depth to which it is dug, and knowledge will flow from a man in proportion to his learning.",Learning,கல்வி,அரசியல்,Royalty,WEALTH,பொருட்பால்
397,யாதானும் நாடாமால் ஊராமால் என்னொருவன் சாந்துணையுங் கல்லாத வாறு,"For the learned, every nation is their nation; and every place their place;
why then, does one shun learning till death.","கற்றவனுக்கு தன் நாடும் ஊரும் போல வேறு எதுவாயினும் நாடாகும், ஊராகும் ஆகையால் ஒருவன் சாகும் வரையில் கல்லாமல் காலங்கழிப்பது ஏன்.","The learned make each land their own, in every city find a home;
Who, till they die; learn nought, along what weary ways they roam!
How is it that any one can remain without learning, even to his death, when (to the learned man) every country is his own (country), and every town his own (town) ?",Learning,கல்வி,அரசியல்,Royalty,WEALTH,பொருட்பால்
398,ஒருமைக்கண் தான்னற்ற கல்வி ஒருவற் கெழுமையும் ஏமாப் புடைத்து,"Learning acquired once will
stand in good stead for seven births.",ஒரு பிறப்பில் தான் கற்றக் கல்வியானது அப்பிறப்பிற்கு மட்டும் அல்லாமல் அவனுக்கு ஏழுபிறப்பிறப்பிலும் உதவும் தன்மை உடையது.,"The man who store of learning gains,
In one, through seven worlds, bliss attains.
The learning, which a man has acquired in one birth, will yield him pleasure during seven births.",Learning,கல்வி,அரசியல்,Royalty,WEALTH,பொருட்பால்
399,தாமின் புறுவ துலகின் புறக்கண்டு காமுறுவர் கற்றறிந் தார்,"Seeing that what they enjoy, the world enjoys too,
the erudite fall more in love with learning.","தாம் இன்புறுவதற்குக் காரணமான கல்வியால் உலகமும் இன்புறுவதைக் கண்டு, கற்றறிந்த அறிஞர் மேன்மேலும் (அக் கல்வியையே) விரும்புவர்.","Their joy is joy of all the world, they see; thus more
The learners learn to love their cherished lore.
The learned will long (for more learning), when they see that while it gives pleasure to themselves, the world also derives pleasure from it.",Learning,கல்வி,அரசியல்,Royalty,WEALTH,பொருட்பால்
400,கேடில் விழுச் செல்வங் கல்வி யொருவற்கு மாடல்ல மற்றை யவை,"Learning is the indestructubile, and significant, wealth;
other riches are not true wealth.","ஒருவனுக்கு அழிவு இல்லாத சிறந்த செல்வம் கல்வியே ஆகும், கல்வியைத் தவிர மற்றப் பொருள்கள் (அத்தகைய சிறப்புடைய) செல்வம் அல்ல.","Learning is excellence of wealth that none destroy;
To man nought else affords reality of joy.
Learning is the true imperishable riches; all other things are not riches.
",Learning,கல்வி,அரசியல்,Royalty,WEALTH,பொருட்பால்
401,அரங்கின்றி வட்டாடி யற்றே நிரம்பிய நூலின்றிக் கோட்டி கொளல்,"Speaking before an audience, without reading relevant books,
is like rolling the dice without drawing the squares.","அறிவு நிரம்புவதற்குக் காரணமானக் நூல்களைக் கற்காமல் கற்றவரிடம் சென்று பேசதல், சூதாடும் அரங்கு இழைக்காமல் வட்டுக்காயை உருட்டிஆடினார் போன்றது.","Like those at draughts would play without the chequered square,
Men void of ample lore would counsels of the learned share.
To speak in an assembly (of the learned) without fullness of knowledge, is like playing at chess (on a board) without squares.",Ignorance,கல்லாமை,அரசியல்,Royalty,WEALTH,பொருட்பால்
402,கல்லாதான் சொற்கா முறுதன் முலையிரண்டும் இல்லாதாள் பெண்காமுற் றற்று,"An illiterate wishing to make a speech is like
a breastless androgyne wishing to become a woman.","(கற்றவரின் அவையில்) கல்லாதவன் ஒன்றைச் சொல்ல விரும்புதல், முலை இரண்டும் இல்லாதவள் பெண் தன்மையை விரும்பினாற் போன்றது","Like those who doat on hoyden's undeveloped charms are they,
Of learning void, who eagerly their power of words display.
The desire of the unlearned to speak (in an assembly), is like a woman without breasts desiring (the enjoyment of ) woman-hood.",Ignorance,கல்லாமை,அரசியல்,Royalty,WEALTH,பொருட்பால்
403,கல்லா தவரும் நனிநல்லர் கற்றார்முன் சொல்லா திருக்கப் பெறின்,"Even the ignorant will be considered good
if they shut themselves up before the learned.",கற்றவரின் முன்னிலையில் ஒன்றையும் சொல்லாமல் அமைதியாக இருக்கப் பெற்றால் கல்லாதவர்களும் மிகவும் நல்லவரே ஆவார்.,"The blockheads, too, may men of worth appear,
If they can keep from speaking where the learned hear!
The unlearned also are very excellent men, if they know how to keep silence before the learned.",Ignorance,கல்லாமை,அரசியல்,Royalty,WEALTH,பொருட்பால்
404,கல்லாதான் ஒட்பங் கழியநன் றாயினுங் கொள்ளார் அறிவுடை யார்,"Even the ignorant will be considered good
if they shut themselves up before the learned.",கல்லாதவனுடைய அறிவுடைய ஒருக்கால் மிக நன்றாக இருந்தாலும் அறிவுடையோர் அதனை அறிவின் பகுதியாக ஏற்றுக்கொள்ள மாட்டார்.,"From blockheads' lips, when words of wisdom glibly flow,
The wise receive them not, though good they seem to show.
Although the natural knowledge of an unlearned man may be very good, the wise will not accept for true knowledge.",Ignorance,கல்லாமை,அரசியல்,Royalty,WEALTH,பொருட்பால்
405,கல்லா ஒருவன் தகைமை தலைப்பெய்து சொல்லாடச் சோர்வு படும்,"The vanity of the ignorant vanishes,
when they start speaking in a gathering.",கல்லாதவன் ஒருவன் தன்னைத்தான் மகிழ்ந்து பேசும் மதிப்பு ( கற்றவரிடம்) கூடிபேசும் போது அப்பேசினால் கெடும்.,"As worthless shows the worth of man unlearned,
When council meets, by words he speaks discerned.
The self-conceit of an unlearned man will fade away, as soon as he speaks in an assembly (of thelearned).",Ignorance,கல்லாமை,அரசியல்,Royalty,WEALTH,பொருட்பால்
406,உளரென்னும் மாத்திரைய ரல்லால் பயவாக் களரனையர் கல்லா தவர்,"The illiterate are seen as existing to fill space;
they are like barren waste lands.",கல்லாதவர் உயிரோடிருக்கின்றனர் என்று சொல்லப்படும் அளவினரே அல்லாமல் ஒன்றும் விளையாத களர் நிலத்திற்கு ஒப்பாவர்.,"They are': so much is true of men untaught;
But, like a barren field, they yield us nought!
The unlearned are like worthless barren land: all that can be said of them is, that they exist.",Ignorance,கல்லாமை,அரசியல்,Royalty,WEALTH,பொருட்பால்
407,நுண்மாண் நுழைபுல மில்லான் எழினலம் மண்மாண் புனைபாவை யற்று,"A person who has no in-depth learning and intellectual acumen,
is as impressive as a doll made of mud.",நுட்பமானதாய் மாட்சியுடையதாய் ஆராய வல்லவான அறிவு இல்லாதவனுடைய எழுச்சியான அழகு மண்ணால் சிறப்பாகப் புனையப்பட்ட பாவை போன்றது.,"Who lack the power of subtle, large, and penetrating sense,
Like puppet, decked with ornaments of clay, their beauty's vain pretence.
The beauty and goodness of one who is destitute of knowledge by the study of great and exquisite works, is like (the beauty and goodness) of a painted earthen doll.
",Ignorance,கல்லாமை,அரசியல்,Royalty,WEALTH,பொருட்பால்
408,நல்லார்கண் பட்ட வறுமையின் இன்னாதே கல்லார்கண் பட்ட திரு,"Not even the penury of the good is as pernicious as
the wealth that has fallen on the ignorant.","கல்லாதவனிடம் சேர்ந்துள்ள செல்வமானது, கற்றறிந்த நல்லவரிடம் உள்ள வறுமையைவிட மிகத்துன்பம் செய்வதாகும்.","To men unlearned, from fortune's favour greater-evil springs
Than poverty to men of goodly wisdom brings.
Wealth, gained by the unlearned, will give more sorrow than the poverty which may come upon the learned.
",Ignorance,கல்லாமை,அரசியல்,Royalty,WEALTH,பொருட்பால்
409,மேற்பிறந்தா ராயினுங் கல்லாதார் கீழ்ப்பிறந்துங் கற்றா ரனைத்திலர் பாடு,"The uneducated maybe of higher birth; but they are not respected as much as
the learned men born in low classes.",கல்லாதவர் உயர்ந்த குடியில் பிறந்தவராக இருப்பினும் தாழ்ந்த குடியில் பிறந்திருந்தும் கல்விக் கற்றவரைப் போன்ற பெருமை இல்லாதவரே,"Lower are men unlearned, though noble be their race,
Than low-born men adorned with learning's grace.
The unlearned, though born in a high caste, are not equal in dignity to the learned; though they may have been born in a low caste.",Ignorance,கல்லாமை,அரசியல்,Royalty,WEALTH,பொருட்பால்
410,விலங்கொடு மக்க ளனையர் இலங்குநூல் கற்றாரோ டேனை யவர்,"Animal amongst men are those uneducated
amongst the erudite.","அறிவு விளங்குதற்குக் காரணமான நூல்களைக் கற்றவரோடுக் கல்லாதவர், மக்களோடு விலங்குகளுக்கு உள்ள அவ்வளவு வேற்றுமை உடையவர்.","Learning's irradiating grace who gain,
Others excel, as men the bestial train.
As beasts by the side of men, so are other men by the side of those who are learned in celebrated works.",Ignorance,கல்லாமை,அரசியல்,Royalty,WEALTH,பொருட்பால்
411,செல்வத்துட் செல்வஞ் செவிச்செல்வம் அச்செல்வஞ் செல்வத்து ளெல்லாந் தலை,"The richness of the ear is the wealth amongst all wealth,
the foremost wealth.","செவியால் கேட்டறியும் செல்வம், செல்வங்களுள் ஒன்றாகப் போற்றப்படும் செல்வமாகும், அச் செல்வம் செல்வங்கள் எல்லாவற்றிலும் தலையானதாகும்.","Wealth of wealth is wealth acquired be ear attent;
Wealth mid all wealth supremely excellent.
Wealth (gained) by the ear is wealth of wealth; that wealth is the chief of all wealth.",Hearing,கேள்வி,அரசியல்,Royalty,WEALTH,பொருட்பால்
412,செவிக்குண வில்லாத போழ்து சிறிது வயிற்றுக்கும் ஈயப் படும் ,"When food there is none for the ear,
spare a little for the belly.",செவிக்கு கேள்வியாகிய உணவு இல்லாத போது (அதற்க்கு துணையாக உடலை ஒப்புமாறு) வயிற்றுக்கும் சிறிது உணவு தரப்படும்.,"When 'tis no longer time the listening ear to feed
With trifling dole of food supply the body's need.
When there is no food for the ear, give a little also to the stomach.
",Hearing,கேள்வி,அரசியல்,Royalty,WEALTH,பொருட்பால்
413,செவியுணவிற் கேள்வி யுடையார் அவியுணவின் ஆன்றாரோ டொப்பர் நிலத்து,"Those who can feed aurally through listening,
are equal, in this world, to the noble beings devouring divine food.",செவியுணவாகிய கேள்வி உடையவர் நிலத்தில் வாழ்கின்றவரே ஆயினும் அவி உணவைக் கொள்ளும் தேவரோடு ஒப்பாவார்.,"Who feed their ear with learned teachings rare,
Are like the happy gods oblations rich who share.
Those who in this world enjoy instruction which is the food of the ear, are equal to the Gods, who enjoy the food of the sacrifices.",Hearing,கேள்வி,அரசியல்,Royalty,WEALTH,பொருட்பால்
414,கற்றில னாயினுங் கேட்க அஃதொருவற் கொற்கத்தின் ஊற்றாந் துணை,"Even if you can’t learn by reading, listen; it is
the crutch in times of crisis.","நூல்களைக் கற்றவில்லையாயினும், கற்றறிந்தவர்களிடம் கேட்டறிய வேண்டும், அது ஒருவனுக்கு வாழ்க்கையில் தளர்ச்சி வந்த போது ஊன்றுகோல் போல் துணையாகும்.","Though learning none hath he, yet let him hear alway:
In weakness this shall prove a staff and stay.
Although a man be without learning, let him listen (to the teaching of the learned); that will be to him a staff in adversity.",Hearing,கேள்வி,அரசியல்,Royalty,WEALTH,பொருட்பால்
415,இழுக்க லுடையுழி ஊற்றுக்கோ லற்றே ஒழுக்க முடையார்வாய்ச் சொல்,"A steadying staff on a skiddy surface, are the words
of those who possess utmost propriety.","ஒழுக்கமுடைய சான்றோரின் வாய்ச் சொற்கள், வழுக்கல் உடைய சேற்று நிலத்தில் ஊன்றுகோல் போல் வாழ்க்கையில் உதவும்.","Like staff in hand of him in slippery ground who strays
Are words from mouth of those who walk in righteous ways.
The words of the good are like a staff in a slippery place.",Hearing,கேள்வி,அரசியல்,Royalty,WEALTH,பொருட்பால்
416,எனைத்தானும் நல்லவை கேட்க அனைத்தானும் ஆன்ற பெருமை தரும்,"Listen to the good; doesn’t matter, how much;
whatever be the quantum, immense greatness, it will bring.","எவ்வளவு சிறிதே ஆயினும் நல்லவற்றைக் கேட்டறிய வேண்டும், கேட்ட அந்த அளவிற்கு அவை நிறைந்த பெருமையைத் தரும்.","Let each man good things learn, for e'en as he
Shall learn, he gains increase of perfect dignity.
Let a man listen, never so little, to good (instruction), even that will bring him great dignity.",Hearing,கேள்வி,அரசியல்,Royalty,WEALTH,பொருட்பால்
417,பிழைத்துணர்ந்தும் பேதைமை சொல்லா ரிழைத்துணர்ந் தீண்டிய கேள்வி யவர்,"Misconstrue they may, but, ludicrous words, they will not utter:
those who’ve always listened, analysed, and learnt.","நுட்பமாக உணர்ந்து நிறைந்த கேள்வியறிவை உடையவர், ( ஒரு கால் பொருள்களைத்) தவறாக உணர்ந்திருந்தாலும் பேதைமையானவற்றைச் சொல்லார்.","Not e'en through inadvertence speak they foolish word,
With clear discerning mind who've learning's ample lessons heard.
Not even when they have imperfectly understood (a matter), will those men speak foolishly, who have profoundly studied and diligently listened (to instruction).",Hearing,கேள்வி,அரசியல்,Royalty,WEALTH,பொருட்பால்
418,கேட்பினுங் கேளாத் தகையவே கேள்வியால் தோட்கப் படாத செவி,"Hear, they can; but deaf they are:
the ears that are not pierced by aural learning (*kelvi*).","கேள்வியறிவால் துளைக்கப் படாத செவிகள், ( இயற்கையான துளைகள் கொண்டு ஓசையைக்) கேட்டறிந்தாலும் கேளாத செவிட்டுத் தன்மை உடையனவே.","Where teaching hath not oped the learner's ear,
The man may listen, but he scarce can hear.
The ear which has not been bored by instruction, although it hears, is deaf.",Hearing,கேள்வி,அரசியல்,Royalty,WEALTH,பொருட்பால்
419,நுணங்கிய கேள்விய ரல்லார் வணங்கிய வாயின ராத லரிது,"Unless one is an intense, attentive aural learner, it is unlikely
that one will be have a humble tongue.","நுட்பமான பொருள்களைக் கேட்டறிந்தவர் அல்லாத மற்றவர், வணக்கமானச் சொற்களைப் பேசும் வாயினை உடையவராக முடியாது.","Tis hard for mouth to utter gentle, modest word,
When ears discourse of lore refined have never heard.
It is a rare thing to find modesty, a reverend mouth- with those who have not received choice instruction.",Hearing,கேள்வி,அரசியல்,Royalty,WEALTH,பொருட்பால்
420,செவியிற் சுவையுணரா வாயுணர்வின் மாக்கள் அவியினும் வாழினு மென்,"Those beings who know the taste, only of the tongue,and not of the ear :
does it matter whether die or live?","செவியால் கேள்விச் சுவை உணராமல் வாயின் சுவையுணர்வு மட்டும் உடைய மக்கள், இறந்தாலும் என்ன, உயிரோடு வாழ்ந்தாலும் என்ன.","His mouth can taste, but ear no taste of joy can give!
What matter if he die, or prosperous live?
What does it matter whether those men live or die, who can judge of tastes by the mouth, and not by the ear ?",Hearing,கேள்வி,அரசியல்,Royalty,WEALTH,பொருட்பால்
421,அறிவற்றங் காக்குங் கருவி செறுவார்க்கும் உள்ளழிக்க லாகா அரண்,"Wisdom is the shield against suffering; and the fortress,
impregnable and indestructible for the foes.","அறிவு அழிவு வராமல் காக்கும் கருவியாகும், அன்றியும் பகைகொண்டு எதிர்ப்பவர்க்கும் அழிக்க முடியாத உள்ளரணும் ஆகும்.","True wisdom wards off woes, A circling fortress high;
Its inner strength man's eager foes Unshaken will defy.
Wisdom is a weapon to ward off destruction; it is an inner fortress which enemies cannot destroy.",The Possession of Knowledge,அறிவுடைமை,அரசியல்,Royalty,WEALTH,பொருட்பால்
422,சென்ற இடத்தாற் செலவிடா தீதொரீஇ நன்றின்பா லுய்ப்ப தறிவு,"Without letting the mind to wander on its own will,
wisdom steers it away from harm, and towards good.","மனத்தை சென்ற இடத்தில் செல்லவிடாமல், தீமையானதிலிருந்து நீக்கிக் காத்து நன்மையானதில் செல்லவிடுவதே அறிவாகும்.","Wisdom restrains, nor suffers mind to wander where it would;
From every evil calls it back, and guides in way of good.
Not to permit the mind to go where it lists, to keep it from evil, and to employ it in good, this is wisdom.",The Possession of Knowledge,அறிவுடைமை,அரசியல்,Royalty,WEALTH,பொருட்பால்
423,எப்பொருள் யார்யார்வாய்க் கேட்பினும் அப்பொருள் மெய்ப்பொருள் காண்ப தறிவு,"Whatever whoever may say, listen to it,
and wisdom is to comprehend the true meaning of it.",எப்பொருளை யார் யார் இடம் கேட்டாலும் (கேட்டவாறே கொள்ளாமல்) அப் பொருளின் மெய்யானப் பொருளைக் காண்பதே அறிவாகும்.,"Though things diverse from divers sages' lips we learn,
'Tis wisdom's part in each the true thing to discern.
To discern the truth in every thing, by whomsoever spoken, is wisdom.",The Possession of Knowledge,அறிவுடைமை,அரசியல்,Royalty,WEALTH,பொருட்பால்
424,எண்பொருள வாகச் செலச்சொல்லித் தான்பிறர்வாய் நுண்பொருள் காண்ப தறிவு,"Wisdom is to keep it simple for your audience,
and to comprehend complexities in others’ speech.","தான் சொல்லுவன எளிய பொருளையுடையனவாகப் பதியுமாறு சொல்லி, தான் பிறரிடம் கேட்பவற்றின் நுட்பமானப் பொருளையும் ஆராய்ந்து காண்பது அறிவாகும்.","Wisdom hath use of lucid speech, words that acceptance win,
And subtle sense of other men's discourse takes in.
To speak so as that the meaning may easily enter the mind of the hearer, and to discern the subtlest thought which may lie hidden in the words of others, this is wisdom.",The Possession of Knowledge,அறிவுடைமை,அரசியல்,Royalty,WEALTH,பொருட்பால்
425,உலகந் தழீஇய தொட்பம் மலர்தலுங் கூம்பலு மில்ல தறிவு,"Wisdom, it is to embrace the world, and not to be
overtly delighted or dismayed.","உலகத்து உயர்ந்தவரை நட்பாக்கி கொள்வது சிறந்த அறிவு, முன்னே மகிழ்ந்து விரிதலும் பின்னே வருந்திக் குவிதலும் இல்லாத அறிவு.","Wisdom embraces frank the world, to no caprice exposed;
Unlike the lotus flower, now opened wide, now petals strictly closed.
To secure the friendship of the great is true wisdom; it is (also) wisdom to keep (that friendship unchanged, and) not opening and closing (like the lotus flower).",The Possession of Knowledge,அறிவுடைமை,அரசியல்,Royalty,WEALTH,பொருட்பால்
426,எவ்வ துறைவ துலக முலகத்தோ டவ்வ துறைவ தறிவு,"What the world conforms to, wisdom lies in
conforming to those.","உலகம் எவ்வாறு நடைபெறுகின்றதோ, உலகத்தோடு பொருந்திய வகையில் தானும் அவ்வாறு நடப்பதே அறிவாகும்.","As dwells the world, so with the world to dwell
In harmony- this is to wisely live and well.
T o live as the world lives, is wisdom.",The Possession of Knowledge,அறிவுடைமை,அரசியல்,Royalty,WEALTH,பொருட்பால்
427,அறிவுடையார் ஆவ தறிவார் அறிவிலார் அஃதறி கல்லா தவர்,"The wise anticipate the outcomes;
unwise are those who can’t.","அறிவுடையோர் எதிர்காலத்தில் நிகழப்போவதை முன்னே எண்ணி அறியவல்லார், அறிவில்லாதவர் அதனை அறிய முடியாதவர்.","The wise discern, the foolish fail to see,
And minds prepare for things about to be.
The wise are those who know beforehand what will happen; those who do not know this are the unwise.",The Possession of Knowledge,அறிவுடைமை,அரசியல்,Royalty,WEALTH,பொருட்பால்
428,அஞ்சுவ தஞ்சாமை பேதைமை அஞ்சுவ தஞ்சல் அறிவார் தொழில்,"It is foolish, not to fear, what ought to be feared;
the wise fear those that must be feared.","அஞ்சத்தக்கதைக் கண்டு அஞ்சாதிருப்பது அறியாமையாகும், அஞ்சத் தக்கதைக் கண்டு அஞ்சுவதே அறிவுடையவரின் தொழிலாகும்.","Folly meets fearful ills with fearless heart;
To fear where cause of fear exists is wisdom's part.
Not to fear what ought to be feared, is folly; it is the work of the wise to fear what should be feared.",The Possession of Knowledge,அறிவுடைமை,அரசியல்,Royalty,WEALTH,பொருட்பால்
429,எதிரதாக் காக்கும் அறிவினார்க் கில்லை அதிர வருவதோர் நோய்,"The wise who are perceptive and take preventive measures,
will not be staggered by any harm.","வரப்போவதை முன்னே அறிந்து காத்துக் கொள்ளவல்ல அறிவுடையவர்க்கு, அவர் நடுங்கும் படியாக வரக்கூடிய துன்பம் ஒன்றும் இல்லை.","The wise with watchful soul who coming ills foresee;
From coming evil's dreaded shock are free.
No terrifying calamity will happen to the wise, who (foresee) and guard against coming evils.",The Possession of Knowledge,அறிவுடைமை,அரசியல்,Royalty,WEALTH,பொருட்பால்
430,அறிவுடையார் எல்லா முடையார் அறிவிலார் என்னுடைய ரேனு மிலர்,"The wise have everything; the unwise have nothing,
irrespective of whatever they may possess.","அறிவுடையவர் (வேறொன்றும் இல்லாதிருப்பினும்) எல்லாம் உடையவரே ஆவர், அறிவில்லாதவர் வேறு என்ன உடையவராக இருப்பினும் ஒன்றும் இல்லாதவரே ஆவர்.","The wise is rich, with ev'ry blessing blest;
The fool is poor, of everything possessed.
Those who possess wisdom, possess every thing; those who have not wisdom, whatever they may possess, have nothing.",The Possession of Knowledge,அறிவுடைமை,அரசியல்,Royalty,WEALTH,பொருட்பால்
431,செருக்குஞ் சினமுஞ் சிறுமையும் இல்லார் பெருக்கம் பெருமித நீர்த்து,"Those who lack arrogance, wrath and pettiness:
wealth, in their hands, assumes dignity.",செருக்கும் சினமும் காமமும் ஆகிய இந்தக் குற்றங்கள் இல்லாதவனுடைய வாழ்வில் காணும் பெருக்கம் மேம்பாடு உடையதாகும்.,"Who arrogance, and wrath, and littleness of low desire restrain,
To sure increase of lofty dignity attain.
Truly great is the excellence of those (kings) who are free from pride, anger, and lust.", The Correction of Faults,குற்றங்கடிதல்,அரசியல்,Royalty,WEALTH,பொருட்பால்
432,இவறலும் மாண்பிறந்த மானமும் மாணா உவகையும் ஏதம் இறைக்கு,"Avarice, ignominious pride, and repulsive
gloating, are fatal flaws in a leader.","பொருள் கொடாத தன்மையும் மாட்சியில்லாத மானமும், தகுதியற்ற மகிழ்ச்சியும் தலைவனாக இருப்பனுக்கு குற்றங்களாகும்.","A niggard hand, o'erweening self-regard, and mirth
Unseemly, bring disgrace to men of kingly brith.
Avarice, undignified pride, and low pleasures are faults in a king.", The Correction of Faults,குற்றங்கடிதல்,அரசியல்,Royalty,WEALTH,பொருட்பால்
433,தினைத்துணையாங் குற்றம் வரினும் பனைத்துணையாக் கொள்வர் பழிநாணு வார்,"For those who fear disgrace,  their faults,
though grain-sized, woud seem gigantic.",பழி நாணுகின்ற பெருமக்கள் தினையளவாகிய சிறு குற்றம் நேர்ந்தாலும் அதை பனையளவாகக் கருதிக் (குற்றம் செய்யாமல்) காத்துக் கொள்வர்.,"Though small as millet-seed the fault men deem;
As palm tree vast to those who fear disgrace 'twill seem.
Those who fear guilt, if they commit a fault small as a millet seed, will consider it to be as large as a palmyra tree.", The Correction of Faults,குற்றங்கடிதல்,அரசியல்,Royalty,WEALTH,பொருட்பால்
434,குற்றமே காக்க பொருளாகக் குற்றமே அற்றந் தரூஉம் பகை,"Fend off your own flaws; those flaws
are your fatal foes.","குற்றமே ஒருவனுக்கு அழிவை உண்டாக்கும் பகையாகும், ஆகையால் குற்றம் செய்யாமல் இருப்பதே நோக்கமாகக் கொண்டு காத்துக் கொள்ள வேண்டும்.","Freedom from faults is wealth; watch heedfully
'Gainst these, for fault is fatal enmity.
Guard against faults as a matter (of great consequence; for) faults are a deadly enemy.", The Correction of Faults,குற்றங்கடிதல்,அரசியல்,Royalty,WEALTH,பொருட்பால்
435,வருமுன்னர்க் காவாதான் வாழ்க்கை எரிமுன்னர் வைத்தூறு போலக் கெடும்,"Having no safeguards before the onset of trouble,
will make our lives, dry straws before a raging fire.","குற்றம் நேர்வதற்கு முன்னமே வராமல் காத்துக் கொள்ளாதவனுடைய வாழ்க்கை, நெருப்பின் முன் நின்ற வைக்கோல் போர் போல் அழிந்துவிடும்.","His joy who guards not 'gainst the coming evil day,
Like straw before the fire shall swift consume away.
The prosperity of him who does not timely guard against faults, will perish like straw before fire.", The Correction of Faults,குற்றங்கடிதல்,அரசியல்,Royalty,WEALTH,பொருட்பால்
436,தன்குற்ற நீக்கிப் பிறர்குற்றங் காண்கிற்பின் என்குற்ற மாகும் இறைக்கு,"What flaw could fall upon a leader who rectifies his faults
before observing and assailing others’ faults.","முன்னே தன் குற்றத்தைக் கண்டு நீக்கி பிறகு பிறருடையக் குற்றத்தை ஆராயவல்லவனானால், தலைவனுக்கு என்ன குற்றமாகும்","Faultless the king who first his own faults cures, and then
Permits himself to scan faults of other men.
What fault will remain in the king who has put away his own evils, and looks after the evils of others.", The Correction of Faults,குற்றங்கடிதல்,அரசியல்,Royalty,WEALTH,பொருட்பால்
437,செயற்பால செய்யா திவறியான் செல்வம் உயற்பால தன்றிக் கெடும்,"The wealth of one who, out of pettiness, doesn’t do what ought to done,
will vanish without growth.","செய்யத்தக்க நன்மைகளைச் செய்யாமல் பொருளைச் சேர்த்து வைத்திருப்பவனுடைய செல்வம், உய்யுந் தன்மை இல்லாமல் அழியும்.","Who leaves undone what should be done, with niggard mind,
His wealth shall perish, leaving not a wrack behind.
The wealth of the avaricious man, who does not expend it for the purposes for which he ought to expend it will waste away and not continue.", The Correction of Faults,குற்றங்கடிதல்,அரசியல்,Royalty,WEALTH,பொருட்பால்
438,பற்றுள்ள மென்னும் இவறன்மை எற்றுள்ளும் எண்ணப் படுவதொன் றன்று,"Clinging to wealth, out of avarice,
is worse than the any other flaw.","பொருளினிடத்தில் பற்றுக் கொள்ளும் உள்ளமாகிய ஈயாத்தன்மை, குற்றம் எதனோடும் சேர்ந்து எண்ணத்தகாத ஒரு தனிக் குற்றமாகும்.","The greed of soul that avarice men call,
When faults are summed, is worst of all.
Griping avarice is not to be reckoned as one among other faults; (it stands alone - greater than all).", The Correction of Faults,குற்றங்கடிதல்,அரசியல்,Royalty,WEALTH,பொருட்பால்
439,வியவற்க எஞ்ஞான்றுந் தன்னை நயவற்க நன்றி பயவா வினை,"Never give in to egotism; never indulge in vain
acts that benefit none.","எக்காலத்திலும் தன்னை மிக உயர்வாக எண்ணி வியந்து மதிக்கக் கூடாது, நன்மை தராத செயலைத்தான் விரும்பவும் கூடாது","Never indulge in self-complaisant mood,
Nor deed desire that yields no gain of good.
Let no (one) praise himself, at any time; let him not desire to do useless things.", The Correction of Faults,குற்றங்கடிதல்,அரசியல்,Royalty,WEALTH,பொருட்பால்
440,காதல காதல் அறியாமை உய்க்கிற்பின் ஏதில ஏதிலார் நூல்,"Those who enjoys what they enjoy, unknown to foes,
are difficult to defeat.","தன் விருப்பம் பிறர்க்கு தெரியாதபடி விருப்பமான வற்றை நுகர வல்லவனானால், பகைவர் தன்னை வஞ்சிப்பதற்காகச் செய்யும் சூழ்ச்சிகள் பலிக்காமல் போகும்.","If, to your foes unknown, you cherish what you love,
Counsels of men who wish you harm will harmless prove.
If (a king) enjoys, privately the things which he desires, the designs of his enemies will be useless.", The Correction of Faults,குற்றங்கடிதல்,அரசியல்,Royalty,WEALTH,பொருட்பால்
441,அறனறிந்து மூத்த அறிவுடையார் கேண்மை திறனறிந்து தேர்ந்து கொளல்,"Assess, know the potential, and secure the company of
virtuous, veteran, wise men.","அறம் உணர்ந்தவராய்த் தன்னை விட மூத்தவராய் உள்ள அறிவுடையவரின் நட்பை, கொள்ளும் வகை அறிந்து ஆராய்ந்து கொள்ள வேண்டும்.","As friends the men who virtue know, and riper wisdom share,
Their worth weighed well, the king should choose with care.
Let (a king) ponder well its value, and secure the friendship of men of virtue and of mature knowledge.",Seeking the Aid of Great Men,பெரியாரைத் துணைக்கோடல்,அரசியல்,Royalty,WEALTH,பொருட்பால்
442,உற்றநோய் நீக்கி உறாஅமை முற்காக்கும் பெற்றியார்ப் பேணிக் கொளல்,"Nurture the relationship of those who
relieve, and ward off your miseries.","வந்துள்ள துன்பத்தை நீக்கி, இனித் துன்பம் வராதபடி முன்னதாகவே காக்கவல்ல தன்மையுடையவரைப் போற்றி நட்புக் கொள்ள வேண்டும்.","Cherish the all-accomplished men as friends,
Whose skill the present ill removes, from coming ill defends.
Let (a king) procure and kindly care for men who can overcome difficulties when they occur, and guard against them before they happen.",Seeking the Aid of Great Men,பெரியாரைத் துணைக்கோடல்,அரசியல்,Royalty,WEALTH,பொருட்பால்
443,அரியவற்று ளெல்லாம் அரிதே பெரியாரைப் பேணித் தமராக் கொளல்,"It is most precious to nurture,
and possess the company of great men.","பெரியாரைப் போற்றி தமக்குச் சுற்றத்தாராக்கிக் கொள்ளுதல், பெறத்தக்க அரிய பேறுகள் எல்லாவற்றிலும் அருமையானதாகும்.","To cherish men of mighty soul, and make them all their own,
Of kingly treasures rare, as rarest gift is known.
To cherish great men and make them his own, is the most difficult of all difficult things.",Seeking the Aid of Great Men,பெரியாரைத் துணைக்கோடல்,அரசியல்,Royalty,WEALTH,பொருட்பால்
444,தம்மிற் பெரியார் தமரா ஒழுகுதல் வன்மையு ளெல்லாந் தலை,"The mightiest of all strengths is to patronize,
and pay heed to those who are better than us.","தம்மைவிட (அறிவு முதலியவற்றால் ) பெரியவர் தமக்குச் சுற்றத்தராகுமாறு நடத்தல், வல்லமை எல்லாவற்றிலும் சிறந்ததாகும்.","To live with men of greatness that their own excels,
As cherished friends, is greatest power that with a monarch dwells.
So to act as to make those men, his own, who are greater than himself is of all powers the highest.",Seeking the Aid of Great Men,பெரியாரைத் துணைக்கோடல்,அரசியல்,Royalty,WEALTH,பொருட்பால்
445,சூழ்வார்கண் ணாக ஒழுகலான் மன்னவன் சூழ்வாரைச் சூழ்ந்து கொளல்,"A ruler rules best with wise counsellors as eyes;
select them after watchful scrutiny.","தக்க வழிகளை ஆராய்ந்து கூறும் அறிஞரையே உலகம் கண்ணாகக் கொண்டு நடத்தலால், மன்னவனும் அத்தகையாரைக் ஆராய்ந்து நட்புக்கொள்ள வேண்டும்.","The king, since counsellors are monarch's eyes,
Should counsellors select with counsel wise.
As a king must use his ministers as eyes (in managing his kingdom), let him well examine their character and qualifications before he engages them.",Seeking the Aid of Great Men,பெரியாரைத் துணைக்கோடல்,அரசியல்,Royalty,WEALTH,பொருட்பால்
446,தக்கா ரினத்தனாய்த் தானொழுக வல்லானைச் செற்றார் செயக்கிடந்த தில்,"When a capable leader feels at ease with capable associates,
there is nothing his foes can do to harm him.","தக்க பெரியாரின் கூட்டத்தில் உள்ளனவாய் நடக்கவல்ல ஒருவனுக்கு,அவனுடைய பகைவர் செய்யக்கூடியத் தீங்கு ஒன்றும் இல்லை.","The king, who knows to live with worthy men allied,
Has nought to fear from any foeman's pride.
There will be nothing left for enemies to do, against him who has the power of acting (so as to secure) the fellowship of worthy men.",Seeking the Aid of Great Men,பெரியாரைத் துணைக்கோடல்,அரசியல்,Royalty,WEALTH,பொருட்பால்
447,இடிக்குந் துணையாரை யாள்வாரை யாரே கெடுக்குந் தகைமை யவர்,"One who leads companions who can admonish him :
who is capable of harming him?",கடிந்து அறிவுரைக் கூறவல்ல பெரியாரின் துணை கொண்டு நடப்பவரை கெடுக்கும் ஆற்றல் உள்ளவர் எவர் இருக்கின்றனர்.,"What power can work his fall, who faithful ministers
Employs, that thunder out reproaches when he errs.
Who are great enough to destroy him who has servants that have power to rebuke him ?",Seeking the Aid of Great Men,பெரியாரைத் துணைக்கோடல்,அரசியல்,Royalty,WEALTH,பொருட்பால்
448,இடிப்பாரை இல்லாத ஏமரா மன்னன் கெடுப்பா ரிலானுங் கெடும்,"A ruler unprotected by companions who can admonish him,
will face ruin without any foes ruining him.","கடிந்து அறிவுரைக் கூறும் பெரியாரின் துணை இல்லாதக் காவலற்ற அரசன், தன்னைக் கெடுக்ககும் பகைவர் எவரும் இல்லாவிட்டாலும் கெடுவான்.","The king with none to censure him, bereft of safeguards all,
Though none his ruin work, shall surely ruined fall.
The king, who is without the guard of men who can rebuke him, will perish, even though there be no one to destroy him.",Seeking the Aid of Great Men,பெரியாரைத் துணைக்கோடல்,அரசியல்,Royalty,WEALTH,பொருட்பால்
449,முதலிலார்க் கூதிய மில்லை மதலையாஞ் சார்பிலார்க் கில்லை நிலை,"There is no return without investment; for leaders,
there is no stability without the prop of their supporters.","முதல் இல்லாத வணிகர்க்கு அதனால் வரும் ஊதியம் இல்லை, அதுபோல் தம்மைத் தாங்கிக் காப்பாற்றும் துணை இல்லாதவர்க்கு நிலைபேறு இல்லை.","Who owns no principal, can have no gain of usury;
Who lacks support of friends, knows no stability.
There can be no gain to those who have no capital; and in like manner there can be no permanence to those who are without the support of adherents.",Seeking the Aid of Great Men,பெரியாரைத் துணைக்கோடல்,அரசியல்,Royalty,WEALTH,பொருட்பால்
450,பல்லார் பகைகொளலிற் பத்தடுத்த தீமைத்தே நல்லார் தொடர்கை விடல்,"Tenfold worse it is, to lose the company of the good,
than to earn the hostility of many foes.",நல்லவராகிய பெரியாரின் தொடர்பைக் கைவிடுதல் பலருடைய பகையைத் தேடிக்கொள்வதைவிடப் பத்து மடங்கு தீமை உடையதாகும்.,"Than hate of many foes incurred, works greater woe
Ten-fold, of worthy men the friendship to forego.
It is tenfold more injurious to abandon the friendship of the good, than to incur the hatred of the many.",Seeking the Aid of Great Men,பெரியாரைத் துணைக்கோடல்,அரசியல்,Royalty,WEALTH,பொருட்பால்
451,சிற்றினம் அஞ்சும் பெருமை சிறுமைதான் சுற்றமாச் சூழ்ந்து விடும்,"The great, fear petty company; the petty,
perceive, and accept, them as their own","பெரியோரின் இயல்பு சிற்றினத்தை அஞ்சி ஒதுக்கும், சிறியோரின் இயல்பு அதையே சுற்றமாக எண்ணித் தழுவிக் கொள்ளும்.","The great of soul will mean association fear;
The mean of soul regard mean men as kinsmen dear.
(True) greatness fears the society of the base; it is only the low - minded who will regard them as friends.",Avoiding mean Associations,சிற்றினஞ்சேராமை,அரசியல்,Royalty,WEALTH,பொருட்பால்
452,நிலத்தியல்பான் நீர்திரிந் தற்றாகும் மாந்தர்க் கினத்தியல்ப தாகும் அறிவு,"Water assumes the quality of the land;
wisdom depends on the company one keeps.","சேர்ந்த நிலத்தின் இயல்பால் அந்த நீர் வேறுபட்டு அந் நிலத்தின் தன்மையுடையதாகும், அதுபோல் மக்களுடைய அறிவு இனத்தின் இயல்பினை உடையதாகும்.","The waters' virtues change with soil through which they flow;
As man's companionship so will his wisdom show.
As water changes (its nature), from the nature of the soil (in which it flows), so will the character of men resemble that of their associates.",Avoiding mean Associations,சிற்றினஞ்சேராமை,அரசியல்,Royalty,WEALTH,பொருட்பால்
453,மனத்தானாம் மாந்தர்க் குணர்ச்சி இனத்தானாம் இன்னா னெனப்படுஞ் சொல்,"Senses are governed by the brain; reputation is
determined by one’s company.","மக்களுக்கு இயற்கையறிவு மனத்தால் ஏற்படும், இப்படிப் பட்டவன் என்று உலகத்தாரால் மதிக்கப்படும் சொல், சேர்ந்த இனத்தால் ஏற்படும்.","Perceptions manifold in men are of the mind alone;
The value of the man by his companionship is known.
The power of knowing is from the mind; (but) his character is from that of his associates.",Avoiding mean Associations,சிற்றினஞ்சேராமை,அரசியல்,Royalty,WEALTH,பொருட்பால்
454,மனத்து ளதுபோலக் காட்டி ஒருவற் கினத்துள தாகும் அறிவு,"Wisdom seems to stem from the mind but
is shaped by people around us.",ஒருவனுக்கு சிறப்பறிவு மனத்தில் உள்ளது போலக் காட்டி (உண்மையாக நோக்கும் போது) அவன் சேர்ந்த இனத்தில் உள்ளதாகும்.,"Man's wisdom seems the offspring of his mind;
'Tis outcome of companionship we find.
Wisdom appears to rest in the mind, but it really exists to a man in his companions.",Avoiding mean Associations,சிற்றினஞ்சேராமை,அரசியல்,Royalty,WEALTH,பொருட்பால்
455,மனந்தூய்மை செய்வினை தூய்மை இரண்டும் இனந்தூய்மை தூவா வரும்,"Purity of mind, and deeds, depends on
the quality of one’s associations.",மனத்தின் தூய்மை செய்யும் செயலின் தூய்மை ஆகிய இவ்விரண்டும் சேர்ந்த இனத்தின் தூய்மையைப் பொறுத்தே ஏற்ப்படும்.,"Both purity of mind, and purity of action clear,
Leaning no staff of pure companionship, to man draw near.
Chaste company is the staff on which come, these two things, viz, purity of mind and purity of conduct.",Avoiding mean Associations,சிற்றினஞ்சேராமை,அரசியல்,Royalty,WEALTH,பொருட்பால்
456,மனந்தூயார்க் கெச்சநன் றாகும் இனந்தூயார்க் கில்லைநன் றாகா வினை,"Those who are pure at heart, will leave behind good children and legacy;
those who have clean company will find no good task impossible.","மனம் தூய்மையாகப் பெற்றவர்க்கு , அவர்க்குப் பின் எஞ்சி நிற்கும் புகழ் முதலியவை நன்மையாகும், இனம் தூய்மையாக உள்ளவர்க்கு நன்மையாகாத செயல் இல்லை.","From true pure-minded men a virtuous race proceeds;
To men of pure companionship belong no evil deeds.
To the pure-minded there will be a good posterity. By those whose associates are pure, no deeds will be done that are not good.",Avoiding mean Associations,சிற்றினஞ்சேராமை,அரசியல்,Royalty,WEALTH,பொருட்பால்
457,மனநலம் மன்னுயிர்க் காக்கம் இனநலம் எல்லாப் புகழுந் தரும்,"The goodness of heart is a treasure for humans;
goodness of company leads to glory.","மனதின் நன்மை உயிர்க்கு ஆக்கமாகும், இனத்தின் தன்மை (அவ்வளவோடு நிற்காமல்) எல்லாப் புகழையும் கொடுக்கும்.","Goodness of mind to lives of men increaseth gain;
And good companionship doth all of praise obtain.
Goodness of mind will give wealth, and good society will bring with it all praise, to men.",Avoiding mean Associations,சிற்றினஞ்சேராமை,அரசியல்,Royalty,WEALTH,பொருட்பால்
458,மனநலம் நன்குடைய ராயினுஞ் சான்றோர்க் கினநலம் ஏமாப் புடைத்து,"Even for noble scholars, who are good at heart,
good company offers strong protection.",மனதின் நன்மையை உறுதியாக உடையவராயினும் சான்றோர்க்கு இனத்தின் நன்மை மேலும் நல்ல காவலாக அமையும்.,"To perfect men, though minds right good belong,
Yet good companionship is confirmation strong.
Although they may have great (natural) goodness of mind, yet good society will tend to strengthen it.",Avoiding mean Associations,சிற்றினஞ்சேராமை,அரசியல்,Royalty,WEALTH,பொருட்பால்
459,மனநலத்தி னாகும் மறுமைமற் றஃதும் இனநலத்தி னேமாப் புடைத்து,"Goodness of heart leads to joy even after death;
good company protects it from straying.","மனத்தின் நன்மையால் மறுமை இன்பம் உண்டாகும், அதுவும் இனத்தின் நன்மையால் மேலும் சிறப்புடையதாகும்.","Although to mental goodness joys of other life belong,
Y et good companionship is confirmation strong.
Future bliss is (the result) of goodness of mind; and even this acquires strength from the society of the good.",Avoiding mean Associations,சிற்றினஞ்சேராமை,அரசியல்,Royalty,WEALTH,பொருட்பால்
460,நல்லினத்தி னூங்குந் துணையில்லை தீயினத்தின் அல்லற் படுப்பதூஉ மில்,"There is no better ally than good company;
no woe can be worse than bad company.","நல்ல இனத்தைவிடச் சிறந்ததாகிய துணையும் உலகத்தில் இல்லை, தீய இனத்தைவிடத் துன்பப்படுத்தும் பகையும் இல்லை.","Than good companionship no surer help we know;
Than bad companionship nought causes direr woe.
There is no greater help than the company of the good; there is no greater source of sorrow than the company of the wicked.",Avoiding mean Associations,சிற்றினஞ்சேராமை,அரசியல்,Royalty,WEALTH,பொருட்பால்
461,அழிவதூஉம் ஆவதூஉம் ஆகி வழிபயக்கும் ஊதியமுஞ் சூழ்ந்து செயல்,"What gets consumed, what gets created, and the returns
the creation yields : consider all before starting a task.","(ஒரு செயலைத் தொடங்குமுன்) அதனால் அழிவதையும் அழிந்த பின் ஆவதையும், பின்பு உண்டாகும் ஊதியத்தையும் ஆராய்ந்து செய்ய வேண்டும்.","Expenditure, return, and profit of the deed
In time to come; weigh these- than to the act proceed.
Let a man reflect on what will be lost, what will be acquired and (from these) what will be his ultimate gain, and (then, let him) act.",Acting after due Consideration,தெரிந்து செயல்வகை,அரசியல்,Royalty,WEALTH,பொருட்பால்
462,தெரிந்த இனத்தொடு தேர்ந்தெண்ணிச் செய்வார்க் கரும்பொருள் யாதொன்று மில்,"Nothing is impossible
for those who start a task with aptly chosen associates, and after thorough assessment.","ஆராய்ந்து சேர்ந்த இனத்துடன் (செயலைப்பற்றி) நன்றாகத் தேர்ந்து, தாமும்","With chosen friends deliberate; next use the private thought;
Then act. By those who thus proceed all works with ease are wrought.
There is nothing too difficult to (be attained by) those who, before they act, reflect well themselves, and thoroughly consider (the matter) with chosen friends.",Acting after due Consideration,தெரிந்து செயல்வகை,அரசியல்,Royalty,WEALTH,பொருட்பால்
463,ஆக்கங் கருதி முதலிழக்குஞ் செய்வினை ஊக்கா ரறிவுடை யார்,"Losing the capital in pursuit of profit
is not a task the wise will undertake.",பின் விளையும் ஊதியத்தைக் கருதி இப்போது கையில் உள்ள முதலை இழந்து விடக் காரணமாச் செயலை அறிவுடையோர் மேற்க்கொள்ள மாட்டார்.,"To risk one's all and lose, aiming at added gain,
Is rash affair, from which the wise abstain.
Wise men will not, in the hopes of profit, undertake works that will consume their principal.",Acting after due Consideration,தெரிந்து செயல்வகை,அரசியல்,Royalty,WEALTH,பொருட்பால்
464,தெளிவி லதனைத் தொடங்கார் இளிவென்னும் ஏதப்பா டஞ்சு பவர்,"Without assessing and getting clarity, will they not start,
they who fear the stain of ignominy.",இழிவு தருவதாகியக் குற்றத்திற்கு அஞ்சுகின்றவர் (இன்ன ஊதியம் பயிக்கும் என்னும்) தெளிவு இல்லாத செயலைத் தொடங்கமாட்டார்.,"A work of which the issue is not clear,
Begin not they reproachful scorn who fear.
Those who fear reproach will not commence anything which has not been (thoroughly considered) and made clear to them.",Acting after due Consideration,தெரிந்து செயல்வகை,அரசியல்,Royalty,WEALTH,பொருட்பால்
465,வகையறச் சூழா தெழுதல் பகைவரைப் பாத்திப் படுப்பதோ ராறு,"Leaping before you look is like
planting foes, and nurturing them.","செயலின் வகைகளை எல்லாம் முற்ற எண்ணாமல் செய்யத்தொடங்குதல், பகைவரை வளரும் பாத்தியில் நிலைபெறச் செய்வதொரு வழியாகும்","With plans not well matured to rise against your foe,
Is way to plant him out where he is sure to grow!
One way to promote the prosperity of an enemy, is (for a king) to set out (to war) without having thoroughly weighed his ability (to cope with its chances).",Acting after due Consideration,தெரிந்து செயல்வகை,அரசியல்,Royalty,WEALTH,பொருட்பால்
466,செய்தக்க அல்ல செயக்கெடுஞ் செய்தக்க செய்யாமை யானுங் கெடும்,"To do what ought not to be done is disastrous;
not to do what ought to be done is equally so.","ஒருவன் செய்யத்தகாத செயல்களைச் செய்வதனால் கெடுவான், செய்யத்தக்க செயல்களை செய்யாமல் விடுவதனாலும் கெடுவான்.","Tis ruin if man do an unbefitting thing;
Fit things to leave undone will equal ruin bring.
He will perish who does not what is not fit to do; and he also will perish who does not do what it is fit to do.",Acting after due Consideration,தெரிந்து செயல்வகை,அரசியல்,Royalty,WEALTH,பொருட்பால்
467,எண்ணித் துணிக கருமந் துணிந்தபின் எண்ணுவ மென்ப திழுக்கு,"Think before you start; to think that
you can think after starting spells doom.","(செய்யத் தகுந்த) செயலையும் வழிகளை எண்ணிய பிறகே துணிந்து தொடங்க வேண்டும், துணிந்த பின் எண்ணிப் பார்க்கலாம் என்பது குற்றமாகும்.","Think, and then dare the deed! Who cry,
'Deed dared, we'll think,' disgraced shall be.
Consider, and then undertake a matter; after having undertaken it, to say ""We will consider,"" is folly.",Acting after due Consideration,தெரிந்து செயல்வகை,அரசியல்,Royalty,WEALTH,பொருட்பால்
468,ஆற்றின் வருந்தா வருத்தம் பலர்நின்று போற்றினும் பொத்துப் படும்,"Hard work, the wrong way, will be futile
even if the world applauds.",தக்கவழியில் செய்யப்படாத முயற்சி பலர் துணையாக நின்று(அதை முடிக்குமாறு) காத்த போதிலும் குறையாகிவிடும்.,"On no right system if man toil and strive,
Though many men assist, no work can thrive.
The work, which is not done by suitable methods, will fail though many stand to uphold it.",Acting after due Consideration,தெரிந்து செயல்வகை,அரசியல்,Royalty,WEALTH,பொருட்பால்
469,நன்றாற்ற லுள்ளுந் தவறுண் டவரவர் பண்பறிந் தாற்றாக் கடை,"Well-intended actions could go awry, if they are not customized
to suit the nature of all those involved.","அவரவருடைய இயல்புகளை அறிந்து அவரவருக்குப் பொருந்துமாறு செய்யாவிட்டால், நன்மை செய்வதிலும் தவறு உண்டாகும்.","Though well the work be done, yet one mistake is made,
To habitudes of various men when no regard is paid.
There are failures even in acting well, when it is done without knowing the various dispositions of men.",Acting after due Consideration,தெரிந்து செயல்வகை,அரசியல்,Royalty,WEALTH,பொருட்பால்
470,எள்ளாத எண்ணிச் செயல்வேண்டுந் தம்மொடு கொள்ளாத கொள்ளா துலகு,"The world doesn’t accept what it can’t approve;
assess and act such that you are not ridiculed.","தம் நிலையோடு பொருந்தாதவற்றை உலகம் ஏற்றுக்கொள்ளாது, ஆகையால் உலகம் இகழ்ந்து தள்ளாத செயல்களை ஆராய்ந்து செய்ய வேண்டும்.","Plan and perform no work that others may despise;
What misbeseems a king the world will not approve as wise.
Let a man reflect, and do things which bring no reproach; the world will not approve, with him, of things which do not become of his position to adopt.",Acting after due Consideration,தெரிந்து செயல்வகை,அரசியல்,Royalty,WEALTH,பொருட்பால்
471,வினைவலியுந் தன்வலியும் மாற்றான் வலியும் துணைவலியுந் தூக்கிச் செயல்,"Assess before an action, the strengths of
the task, self, opponents and companions.","செயலின் வலிமையும் தன் வலிமையும் பகைவனுடைய வலிமையும் ,இருவருக்கும் துணையானவரின் வலிமையும் ஆராய்ந்து செயல்பட வேண்டும்.","The force the strife demands, the force he owns, the force of foes,
The force of friends; these should he weigh ere to the war he goes.
Let (one) weigh well the strength of the deed (he purposes to do), his own strength, the strength of his enemy, and the strength of the allies (of both), and then let him act.",The Knowledge of Power,வலியறிதல்,அரசியல்,Royalty,WEALTH,பொருட்பால்
472,ஒல்வ தறிவ தறிந்ததன் கண்தங்கிச் செல்வார்க்குச் செல்லாத தில்,"Know what is achievable, gain requisite knowledge,
and stay focussed : nothing is impossible.",தனக்குப் பொருந்தும் செயலையும் அதற்காக அறிய வேண்டியதையும் அறிந்து அதனிடம் நிலைத்து முயல்கின்றவர்க்கு முடியாதது ஒன்றும் இல்லை.,"Who know what can be wrought, with knowledge of the means, on this,
Their mind firm set, go forth, nought goes with them amiss.
There is nothing which may not be accomplished by those who, before they attack (an enemy), make themselves acquainted with their own ability, and with whatever else is (needful) to be known, and apply themselves wholly to their object.",The Knowledge of Power,வலியறிதல்,அரசியல்,Royalty,WEALTH,பொருட்பால்
473,உடைத்தம் வலியறியார் ஊக்கத்தின் ஊக்கி இடைக்கண் முரிந்தார் பலர்,"Many have boken down midway, having started with fervour
without assessing their capabilities.",தன்னுடைய வலிமை இவ்வளவு என அறியாமல் ஊக்கத்தால் முனைந்து தொடங்கி இடையில் அதை முடிக்க வகையில்லாமல் அழிந்தவர் பலர்.,"Ill-deeming of their proper powers, have many monarchs striven,
And midmost of unequal conflict fallen asunder riven.
There are many who, ignoran t of their (want of) power (to meet it), have haughtily set out to war, and broken down in the midst of it.",The Knowledge of Power,வலியறிதல்,அரசியல்,Royalty,WEALTH,பொருட்பால்
474,அமைந்தாங் கொழுகான் அளவறியான் தன்னை வியந்தான் விரைந்து கெடும்,"One who neither collaborates nor knows his capabilities,
but, is narcissistic,  is slated to fail fast.","மற்றவர்களோடு ஒத்து நடக்காமல், தன் வலிமையின் அளவையும் அறியாமல், தன்னை வியந்து மதித்துக் கொண்டிருப்பவன் விரைவில் கெடுவான்.","Who not agrees with those around, no moderation knows,
In self-applause indulging, swift to ruin goes.
He will quickly perish who, ignorant of his own resources flatters himself of his greatness, and does not live in peace with his neighbours.",The Knowledge of Power,வலியறிதல்,அரசியல்,Royalty,WEALTH,பொருட்பால்
475,பீலிபெய் சாகாடும் அச்சிறும் அப்பண்டஞ் சால மிகுத்துப் பெயின்,"A cart, though laden with only peacock feathers,
may yet have its axle broken, when overloaded.","மயிலிறகு ஏற்றிய வண்டியே ஆனாலும் , அந்த பண்டமும் (அளவோடு ஏற்றாமல்) அளவு கடந்து மிகுதியாக ஏற்றினால் அச்சு முறியும்","With peacock feathers light, you load the wain;
Yet, heaped too high, the axle snaps in twain.
The axle tree of a bandy, loaded only with peacocks' feathers will break, if it be greatly overloaded.",The Knowledge of Power,வலியறிதல்,அரசியல்,Royalty,WEALTH,பொருட்பால்
476,நுனிக்கொம்பர் ஏறினார் அஃதிறந் தூக்கின் உயிர்க்கிறுதி ஆகி விடும்,"Having climbed to the tip of a branch,
striving to go further, will be fatal.","ஒரு மரத்தின் நுனிக்கொம்பில் ஏறியவர், அதையும் கடந்து மேலே ஏற முனைந்தால், அவருடைய உயிர்க்கு முடிவாக நேர்ந்துவிடும்.","Who daring climbs, and would himself upraise
Beyond the branch's tip, with life the forfeit pays.
There will be an end to the life of him who, having climbed out to the end of a branch, ventures to go further.",The Knowledge of Power,வலியறிதல்,அரசியல்,Royalty,WEALTH,பொருட்பால்
477,ஆற்றின் அளவறிந் தீக அதுபொருள் போற்றி வழங்கு நெறி,"Do charity, but within your means;
that is the way to utilize, and protect, wealth.",தக்க வழியில் பிறர்க்கு கொடுக்கும் அளவு அறிந்து வாழாதவனுடைய வாழ்க்கை (பல வளமும்) இருப்பது போல் தோன்றி இல்லாமல் மறைந்து விடும்.,"With knowledge of the measure due, as virtue bids you give!
That is the way to guard your wealth, and seemly live.
Let a man know the measure of his ability (to give), and let him give accordingly; such giving is the way to preserve his property.",The Knowledge of Power,வலியறிதல்,அரசியல்,Royalty,WEALTH,பொருட்பால்
478,ஆகா றளவிட்டி தாயினுங் கேடில்லை போகா றகலாக் கடை,"Though revenues are limited, no harm –
if you don’t let expenses exceed them.","பொருள் வரும் வழி (வருவாய்) சிறிதாக இருந்தாலும், போகும் வழி (செலவு) விரிவுபடாவிட்டால் அதனால் தீங்கு இல்லை.","Incomings may be scant; but yet, no failure there,
If in expenditure you rightly learn to spare.
Even though the income (of a king) be small, it will not cause his (ruin), if his outgoings be not larger than his income.",The Knowledge of Power,வலியறிதல்,அரசியல்,Royalty,WEALTH,பொருட்பால்
479,அளவறிந்து வாழாதான் வாழ்க்கை உளபோல இல்லாகித் தோன்றாக் கெடும்,"A life lived beyond one’s means, will look glitzy
but will lose its sheen and give way to gloom.",பொருளின் அளவு அறிந்து வாழாதவனுடைய வாழ்க்கை (பல வளமும்) இருப்பது போல் தோன்றி இல்லாமல் மறைந்து கெட்டு விடும்,"Who prosperous lives and of enjoyment knows no bound,
His seeming wealth, departing, nowhere shall be found.
The prosperity of him who lives without knowing the measure (of his property), will perish, even while it seems to continue.",The Knowledge of Power,வலியறிதல்,அரசியல்,Royalty,WEALTH,பொருட்பால்
480,உளவரை தூக்காத ஒப்புர வாண்மை வளவரை வல்லைக் கெடும்,"Generosity beyond the limits of one’s resources,
is bound to cease soon, after exhausting the resources.","தனக்கு பொருள் உள்ள அளவை ஆராயாமல் மேற்கொள்ளும் ஒப்புரவினால், ஒருவனுடைய செல்வத்தின் அளவு விரைவில் கெடும்.","Beneficence that measures not its bound of means,
Will swiftly bring to nought the wealth on which it leans.
The measure of his wealth will quickly perish, whose liberality weighs not the measure of his property.",The Knowledge of Power,வலியறிதல்,அரசியல்,Royalty,WEALTH,பொருட்பால்
481,பகல்வெல்லுங் கூகையைக் காக்கை இகல்வெல்லும் வேந்தர்க்கு வேண்டும் பொழுது,"A crow will defeat an owl during the day;
a king needs to pick the right time to defeat his foes.","காக்கை தன்னைவிட வலிய கோட்டானைப் பகலில் வென்றுவிடும், அதுபோல் பகையை வெல்லக்கருதும் அரசர்க்கும் அதற்கு ஏற்ற காலம் வேண்டும்.","A crow will conquer owl in broad daylight;
The king that foes would crush, needs fitting time to fight.
A crow will overcome an owl in the day time; so the king who would conquer his enemy must have (a suitable) time",Knowing the fitting Time,காலமறிதல்,அரசியல்,Royalty,WEALTH,பொருட்பால்
482,பருவத்தோ டொட்ட ஒழுகல் திருவினைத் தீராமை ஆர்க்குங் கயிறு,"Doing the right things at the right time, is the rope
which binds the wealth, making it boundless.",காலத்தோடுப் பொருந்துமாறு ஆராய்ந்து நடத்தல் ( நில்லாத இயல்பு உடைய) செல்வத்தை நீங்காமல் நிற்குமாறு கட்டும் கயிறாகும்.,"The bond binds fortune fast is ordered effort made,
Strictly observant still of favouring season's aid.
Acting at the right season, is a cord that will immoveably bind success (to a king).",Knowing the fitting Time,காலமறிதல்,அரசியல்,Royalty,WEALTH,பொருட்பால்
483,அருவினை யென்ப உளவோ கருவியாற் கால மறிந்து செயின்,"Does an impossible task exist,
when the right resources and strategy are deployed at the right time?",(செய்யும் செயலை முடிப்பதற்கு வேண்டிய) கருவிகளுடன் ஏற்றக் காலத்தையும் அறிந்து செய்தால் அரிய செயல்கள் என்பது உண்டோ.,"Can any work be hard in very fact,
If men use fitting means in timely act?
Is there anything difficult for him to do, who acts, with (the right) instruments at the right time ?",Knowing the fitting Time,காலமறிதல்,அரசியல்,Royalty,WEALTH,பொருட்பால்
484,ஞாலங் கருதினுங் கைகூடுங் காலம் கருதி இடத்தாற் செயின்,"Desire the world, you may, and it will be yours,
if, for your actions, you choose the right time and place.","(செயலை முடிப்பதற்கு ஏற்ற) காலத்தை அறிந்து இடத்தோடு பொருந்துமாறு செய்தால், உலகமே வேண்டும் எனக் கருதினாலும் கைகூடும்.","The pendant world's dominion may be won,
In fitting time and place by action done.
Though (a man) should meditate (the conquest of) the world, he may accomplish it if he acts in the right time, and at the right place.",Knowing the fitting Time,காலமறிதல்,அரசியல்,Royalty,WEALTH,பொருட்பால்
485,காலங் கருதி இருப்பர் கலங்காது ஞாலங் கருது பவர்,"They will await the opportune moment –
they, who determinedly desire the world.",உலகத்தைக் கொள்ளக் கருதிகின்றவர் அதைப்பற்றி எண்ணிக் கலங்காமல் அதற்கு ஏற்ற காலத்தைக் கருதிக்கொண்டு பொறுத்திருப்பர்.,"Who think the pendant world itself to subjugate,
With mind unruffled for the fitting time must wait.
They who thoughtfully consider and wait for the (right) time (for action), may successfully meditate (the conquest of) the world.",Knowing the fitting Time,காலமறிதல்,அரசியல்,Royalty,WEALTH,பொருட்பால்
486,ஊக்க முடையான் ஒடுக்கம் பொருதகர் தாக்கற்குப் பேருந் தகைத்து,"The ardent and the mighty too can stay subdued
like a rampant ram that withdraws before it pounces.",ஊக்கம் மிகுந்தவன் (காலத்தை எதிர்பார்த்து) அடங்கியிருத்தல் போர் செய்யும் ஆட்டுக்கடா தன் பகையைத் தாக்குவதற்க்காகப் பின்னே கால் வாங்குதலைப் போன்றது.,"The men of mighty power their hidden energies repress,
As fighting ram recoils to rush on foe with heavier stress.
The self-restraint of the energetic (while waiting for a suitable opportunity), is like the drawing back of a fighting-ram in order to butt.",Knowing the fitting Time,காலமறிதல்,அரசியல்,Royalty,WEALTH,பொருட்பால்
487,பொள்ளென ஆங்கே புறம்வேரார் காலம்பார்த் துள்வேர்ப்பர் ஒள்ளி யவர்,"The wise will not break into an external rage instantly;
they will keep their anger suppressed,  biding their time.","அறிவுடையவர் ( பகைவர் தீங்கு செய்த) அப்பொழுதே உடனே புறத்தில் சினம் கொள்ளமாட்டார், (வெல்வதற்கு ஏற்ற) காலம் பார்த்து அகத்தில் சினம் கொள்வார்.","The glorious once of wrath enkindled make no outward show,
At once; they bide their time, while hidden fires within them glow.
The wise will not immediately and hastily shew out their anger; they will watch their time, and restrain it within.",Knowing the fitting Time,காலமறிதல்,அரசியல்,Royalty,WEALTH,பொருட்பால்
488,செறுநரைக் காணிற் சுமக்க இறுவரை காணிற் கிழக்காந் தலை,"Bear with your foes; when the time is ripe,
turn things around.","பகைவரைக் கண்டால் பொறுத்துச் செல்லவேண்டும், அப் பகைவர்க்கு முடிவுகாலம் வந்த போது அவருடைய தலை கீழே விழும்.","If foes' detested form they see, with patience let them bear;
When fateful hour at last they spy,- the head lies there.
If one meets his enemy, let him show him all respect, until the time for his destruction is come; when that is come, his head will be easily b rought low.",Knowing the fitting Time,காலமறிதல்,அரசியல்,Royalty,WEALTH,பொருட்பால்
489,எய்தற் கரிய தியைந்தக்கால் அந்நிலையே செய்தற் கரிய செயல்,"When the rarest of moments comes about, grab it
to accomplish the toughest of tasks.","கிடைத்தற்கறிய காலம் வந்து வாய்க்குமானால், அந்த வாய்ப்பைப் பயன்படுத்திக் கொண்டு அப்போதே செய்தற்கரியச் செயல்களைச் செய்ய வேண்டும்.","When hardest gain of opportunity at last is won,
With promptitude let hardest deed be done.
If a rare opportunity occurs, while it lasts, let a man do that which is rarely to be accomplished (but for such an opportunity).",Knowing the fitting Time,காலமறிதல்,அரசியல்,Royalty,WEALTH,பொருட்பால்
490,கொக்கொக்க கூம்பும் பருவத்து மற்றதன் குத்தொக்க சீர்த்த இடத்து,"Like a heron, be still when the time is not ripe,
and spear the prey when it is near.","பொறுத்திருக்கும் காலத்தில் கொக்குப் போல் அமைதியாக இருக்க வேண்டும், காலம் வாய்த்த போது அதன் குத்து போல் தவறாமல் செய்து முடிக்க வேண்டும். சாலமன் பாப்பையா விளக்க உரை:","As heron stands with folded wing, so wait in waiting hour;
As heron snaps its prey, when fortune smiles, put forth your power.
At the time when one should use self-control, let him restrain himself like a heron; and, let him like it, strike, when there is a favourable opportunity.",Knowing the fitting Time,காலமறிதல்,அரசியல்,Royalty,WEALTH,பொருட்பால்
491,தொடங்கற்க எவ்வினையும் எள்ளற்க முற்றும் இடங்கண்ட பின்னல் லது,"Start not a task, thinking it is easy,
until you choose the right place to accomplish it.","முற்றுகை செய்வதற்கு ஏற்ற இடத்தைக் கண்டபின் அல்லாமல் எச் செயலையும் தொடங்கக்கூடாது, பகைவரை இகழவும் கூடாது.","Begin no work of war, depise no foe,
Till place where you can wholly circumvent you know.
Let not (a king) despise (an enemy), nor undertake any thing (against him), until he has obtained (a suitable) place for besieging him.",Knowing the Place,இடனறிதல்,அரசியல்,Royalty,WEALTH,பொருட்பால்
492,முரண்சேர்ந்த மொய்ம்பி னவர்க்கும் அரண்சேர்ந்தாம் ஆக்கம் பலவுந் தரும்,"Even for the mighty, seeking to conquer,
a fortress offers benefits galore.","தக்க இடத்தை அறிந்து தம்மைக் காத்துக் கொண்டு பகைவரிடத்திற் சென்று தம் செயலைச் செய்தால், வலிமை இல்லாதவறும் வலிமை உடையவராக வெல்வர்,","Though skill in war combine with courage tried on battle-field,
The added gain of fort doth great advantage yield.
Even to those who are men of power and expedients, an attack in connection with a fortification will yield many advantages.",Knowing the Place,இடனறிதல்,அரசியல்,Royalty,WEALTH,பொருட்பால்
493,ஆற்றாரும் ஆற்றி அடுப இடனறிந்து போற்றார்கண் போற்றிச் செயின்,"Even the meek will battle and win,
when they tenaciously take on their foes at the right place.",எண்ணியார் எண்ணம் இழப்பர் இடனறிந்து துன்னியார் துன்னிச் செயின்,"E'en weak ones mightily prevail, if place of strong defence,
They find, protect themselves, and work their foes offence.
Even the powerless will become powerful and conquer, if they select a proper field (of action), and guard themselves, while they make war on their enemies.",Knowing the Place,இடனறிதல்,அரசியல்,Royalty,WEALTH,பொருட்பால்
494,எண்ணியார் எண்ணம் இழப்பர் இடனறிந்து துன்னியார் துன்னிச் செயின்,"Their dismissive opponents will lose the plot, when those
who undertake a task, do it right at the right place.","ஆழமுள்ள நீரில் முதலை மற்ற உயிர்களை வெல்லும், ஆனால் நீரிலிருந்து விலகிவந்தால் அந்த முதலையையும் மற்ற உயிர்கள் வென்றுவிடும்.","The foes who thought to triumph, find their thoughts were vain,
If hosts advance, seize vantage ground, and thence the fight maintain.
If they who draw near (to fight) choose a suitable place to approach (their enemy), the latter, will have to relinquish the thought which they once entertained, of conquering them.",Knowing the Place,இடனறிதல்,அரசியல்,Royalty,WEALTH,பொருட்பால்
495,நெடும்புனலுள் வெல்லும் முதலை அடும்புனலின் நீங்கின் அதனைப் பிற,"In deep waters, the crocodile wins.
When it gets out, it is vanquished.","வலிய சக்கரங்களையுடைய பெரியத் தேர்கள் கடலில் ஓடமுடியாது, கடலில் ஓடுகின்ற கப்பல்களும் நிலத்தில் ஓடமுடியாது.","The crocodile prevails in its own flow of water wide,
If this it leaves, 'tis slain by anything beside.
In deep water, a crocodile will conquer (all other animals); but if it leave the water, other animals will conquer it.",Knowing the Place,இடனறிதல்,அரசியல்,Royalty,WEALTH,பொருட்பால்
496,கடலோடா கால்வல் நெடுந்தேர் கடலோடும் நாவாயும் ஓடா நிலத்து,"Neither will the strongest chariots sail the seas,
nor will the seafaring ships ride the land.","(செய்யும் வழிவகைகமைக்) குறைவில்லாமல் எண்ணித் தக்க இடத்தில் பொருந்திச் செய்தால், அஞ்சாமை அல்லாமல் வேறு துணை வேண்டியதில்லை.","The lofty car, with mighty wheel, sails not o'er watery main,
The boat that skims the sea, runs not on earth's hard plain.
Wide chariots, with mighty wheels, will not run on the ocean; neither will ships that the traverse ocean, move on the earth.",Knowing the Place,இடனறிதல்,அரசியல்,Royalty,WEALTH,பொருட்பால்
497,அஞ்சாமை யல்லால் துணைவேண்டா எஞ்சாமை எண்ணி யிடத்தாற் செயின்,"If, after considering all angles, one chooses to do a task
at an apt place, he needs no company other than fearlessness.","சிறிய படை உடையவனுக்குத் தக்கதாக உள்ள இடத்தில் பொருந்தி நின்றால், பெரிய படை உடையவன் தன் ஊக்கம் அழிவான்.","Save their own fearless might they need no other aid,
If in right place they fight, all due provision made.
You will need no other aid than fearlessness, if you thoroughly reflect (on what you are to do), and select (a suitable) place for your operations.",Knowing the Place,இடனறிதல்,அரசியல்,Royalty,WEALTH,பொருட்பால்
498,சிறுபடையான் செல்லிடஞ் சேரின் உறுபடையான் ஊக்கம் அழிந்து விடும்,"If a king with a measly army battles from a strategic location,
the confidence of the mighty foe gets shattered.",அரணாகிய நன்மையும் மற்றச் சிறப்பும் இல்லாதவராயினும் பகைவர் வாழ்கின்ற இடத்திற்குச் சென்று அவரைத் தாக்குதல் அரிது.,"If lord of army vast the safe retreat assail
Of him whose host is small, his mightiest efforts fail.
The power of one who has a large army will perish, if he goes into ground where only a small army can act.",Knowing the Place,இடனறிதல்,அரசியல்,Royalty,WEALTH,பொருட்பால்
499,சிறைநலனுஞ் சீறும் இலரெனினும் மாந்தர் உறைநிலத்தோ டொட்ட லரிது,"Even if the foes are devoid of fortresses and exceptional valour,
it is tough to beat them on their turf.","வேல் ஏந்திய வீரரைக் கோர்த்தெடுத்த கொம்பு உடைய யானையையும், கால் ஆழும் சேற்று நில்த்தில் அகப்பட்ட போது நரிகள் கொன்றுவிடும்.","Though fort be none, and store of wealth they lack,
'Tis hard a people's homesteads to attack!
It is a hazardous thing to attack men in their own country, although they may neither have power nor a good fortress.",Knowing the Place,இடனறிதல்,அரசியல்,Royalty,WEALTH,பொருட்பால்
500,காலாழ் களரின் நரியடுங் கண்ணஞ்சா வேலாள் முகத்த களிறு,"An uncontrollable tusker that has gored many a spearman,
when stuck in a deep quagmire, is easy prey for a fox.","அறம், பொருள், இன்பம், உயிர்காக அஞ்சும் அச்சம் ஆகிய நான்கு வகையாலும் ஆராயப்பட்ட பிறகே ஒருவன் (ஒரு தொழிலுக்கு உரியவனாகத்) தெளியப்படுவான்.","The jackal slays, in miry paths of foot-betraying fen,
The elephant of fearless eye and tusks transfixing armed men.
A fox can kill a fearless, warrior-faced elephant, if it go into mud in which its legs sink down.",Knowing the Place,இடனறிதல்,அரசியல்,Royalty,WEALTH,பொருட்பால்
501,அறம்பொருள் இன்பம் உயிரச்சம் நான்கின் திறந்தெரிந்து தேறப் படும்,"Assess the attitude of a person on these four aspects before choosing him:
righteousness (aram), money, lust and fear for life.",நல்லகுடியில் பிறந்து குற்றங்களிலிருந்து நீங்கிப் பழியாச் செயல்களைச் செய்ய அஞ்சுகின்ற நாணம் உடையவனையே நம்பித் தெளிய வேண்டும்.,"How treats he virtue, wealth and pleasure? How, when life's at stake,
Comports himself? This four-fold test of man will full assurance make.
Let (a minister) be chosen, after he has been tried by means of these four things, viz,-his virtue, (love of) money, (love of) sexual pleasure, and tear of (losing) life.",Selection and Confidence,தெரிந்து தெளிதல்,அரசியல்,Royalty,WEALTH,பொருட்பால்
502,குடிப்பிறந்து குற்றத்தின் நீங்கி வடுப்பரியும் நாணுடையான் கட்டே தெளிவு,"Accept only a person who is of good birth, is clear of flaws,
has fear for infamy and shame.",அரிய நூல்களைத் கற்றுத் தேர்ந்து குற்றம் அற்றவரிடத்திலும் ஆராய்ந்துப் பார்க்குமிடத்தில் அறியாமை இல்லாதிருப்பது அருமையாகும்.,"Of noble race, of faultless worth, of generous pride
That shrinks from shame or stain; in him may king confide.
(The king's) choice should (fall) on him, who is of good family, who is free from faults, and who has the modesty which fears the wounds (of sin).",Selection and Confidence,தெரிந்து தெளிதல்,அரசியல்,Royalty,WEALTH,பொருட்பால்
503,அரியகற் றாசற்றார் கண்ணுந் தெரியுங்கால் இன்மை அரிதே வெளிறு,"Even a person who is known to be erudite and faultless,
if assessed well, will rarely be free of flaws and ignorance.","ஒருவனுடைய குணங்களை ஆராய்ந்து, பிறகு குற்றங்களையும் ஆராய்ந்து, மிகுதியானவை எவையென ஆராய்ந்து, மிகுந்திப்பவற்றால் தெளிந்து கொள்ள வேண்டும்.","Though deeply learned, unflecked by fault, 'tis rare to see,
When closely scanned, a man from all unwisdom free.
When even men, who have studied the most difficult works, and who are free from faults, are (carefully) examined, it is a rare thing to find them without ignorance.",Selection and Confidence,தெரிந்து தெளிதல்,அரசியல்,Royalty,WEALTH,பொருட்பால்
504,குணநாடிக் குற்றமு நாடி அவற்றுள் மிகைநாடி மிக்க கொளல்,"Weigh the virtues and vices, discern which is more,
and thus decide.",(மக்களுடைய குணங்களாலாகிய) பெருமைக்கும் (குற்றங்களாலாகிய) சிறுமைக்கும் தேர்ந்தறியும் உரைக் கல்லாக இருப்பவை அவரவருடைய செயல்களே ஆகும்.,"Weigh well the good of each, his failings closely scan,
As these or those prevail, so estimate the man.
Let (a king) consider (a man's) good qualities, as well as his faults, and then judge (of his character) by that which prevails.",Selection and Confidence,தெரிந்து தெளிதல்,அரசியல்,Royalty,WEALTH,பொருட்பால்
505,பெருமைக்கும் ஏனைச் சிறுமைக்குந் தத்தங் கருமமே கட்டளைக் கல்,"The touchstone for greatness or unworthiness
is one’s own deeds.","சுற்றத்தாறின் தெடர்பு அற்றவரை நம்பித் தெளியக்கூடாது, அவர் உலகத்தில் பற்று இல்லாதவராகையால் பழிக்கு நாண மாட்டார்","Of greatness and of meanness too,
The deeds of each are touchstone true.
A man's deeds are the touchstone of his greatness and littleness.",Selection and Confidence,தெரிந்து தெளிதல்,அரசியல்,Royalty,WEALTH,பொருட்பால்
506,அற்றாரைத் தேறுதல் ஓம்புக மற்றவர் பற்றிலர் நாணார் பழி,"Choose not those who have made no friends :
devoid of any affinity, they won’t dread disgrace.","அறியவேண்டியவற்றை அறியாதிருப்பவரை அன்புடைமை காரணமாக நம்பித்தெளிதல், (தெளிந்தவர்க்கு) எல்லா அறியாமையும் கெடும்.","Beware of trusting men who have no kith of kin;
No bonds restrain such men, no shame deters from sin.
Let (a king) avoid choosing men who have no relations; such men have no attachment, and thereforehave no fear of crime.",Selection and Confidence,தெரிந்து தெளிதல்,அரசியல்,Royalty,WEALTH,பொருட்பால்
507,காதன்மை கந்தா அறிவறியார்த் தேறுதல் பேதைமை எல்லாந் தரும்,"Out of affection, choosing those who know not
what needs to be known, will result in folly.",மற்றவனை ஒன்றும் ஆராயாமல் தெளிந்தால் அஃது (அவனுக்கு மட்டும் அல்லாமல்) அவனுடைய வழிமுறையில் தோன்றினவருக்கும் துன்பத்தைக் கொடுக்கும்.,"By fond affection led who trusts in men of unwise soul,
Yields all his being up to folly's blind control.
To choose ignorant men, through partiality, is the height of folly.",Selection and Confidence,தெரிந்து தெளிதல்,அரசியல்,Royalty,WEALTH,பொருட்பால்
508,தேரான் பிறனைத் தெளிந்தான் வழிமுறை தீரா இடும்பை தரும்,"One who accepts without assessing,
will invite harm that will last for generations.","யாரையும் ஆராயாமல் தெளியக்கூடாது, நன்றாக ஆராய்ந்த பின்னர் அவரிடம் தெளிவாகக் கொள்ளத்தக்க பொருள்களைத் தெளிந்து நம்ப வேண்டும்.","Who trusts an untried stranger, brings disgrace,
Remediless, on all his race.
Sorrow that will not leave even his posterity will come upon him chooses a stranger whose character he has not known.",Selection and Confidence,தெரிந்து தெளிதல்,அரசியல்,Royalty,WEALTH,பொருட்பால்
509,தேறற்க யாரையுந் தேராது தேர்ந்தபின் தேறுக தேறும் பொருள்,"Choose not anyone without assessment; once chosen,
trust the person to deliver on the assigned tasks.","ஒருவனை ஆராயாமல் தெளிவடைதலும், ஆராய்ந்து தெளிவடைந்த ஒருவனிடம் ஐயப்படுதலும் ஆகிய இவை நீங்காதத் துன்பத்தைக் கொடுக்கும்.","Trust no man whom you have not fully tried,
When tested, in his prudence proved confide.
Let (a king) choose no one without previous consideration; after he has made his choice, let him unhesitatingly select for each such duties as are appropriate.",Selection and Confidence,தெரிந்து தெளிதல்,அரசியல்,Royalty,WEALTH,பொருட்பால்
510,தேரான் தெளிவுந் தெளிந்தான்கண் ஐயுறவும் தீரா இடும்பை தரும்,"Selecting without assessing, and doubting after selecting,
will ensure enduring distress.",நன்மையும் தீமையுமாகிய இரண்டையும் ஆராய்ந்து நன்மை தருகின்றவற்றையே விரும்புகின்ற இயல்புடையவன் (செயலுக்கு உரியவனாக) ஆளப்படுவான்.,"Trust where you have not tried, doubt of a friend to feel,
Once trusted, wounds inflict that nought can heal.
To make choice of one who has not been examined, and to entertain doubts respecting one who has been chosen, will produce irremediable sorrow.",Selection and Confidence,தெரிந்து தெளிதல்,அரசியல்,Royalty,WEALTH,பொருட்பால்
511,நன்மையும் தீமையும் நாடி நலம்புரிந்த தன்மையான் ஆளப் படும்,"A person, because of his ability to execute well by assessing pros and cons,
will assume charge of key assignments.","பொருள் வரும் வழிகளைப் பெருக்கச் செய்து, அவற்றால் வளத்தை உண்டாக்கி, வரும் இடையூறுகளைஆராய்ந்து நீக்க வல்லவனே செயல் செய்ய வேண்டும்.","Who good and evil scanning, ever makes the good his joy;
Such man of virtuous mood should king employ.
He should be employed (by a king), whose nature leads him to choose the good, after having weighed both the evil and the good in any undertaking.",Selection and Employment,தெரிந்து வினையாடல்,அரசியல்,Royalty,WEALTH,பொருட்பால்
512,வாரி பெருக்கி வளம்படுத் துற்றவை ஆராய்வான் செய்க வினை,"Let him do that task – he, who has multiplied the sources of income,
generated revenues, and analysed and overcome hurdles.","அன்பு, அறிவு, ஐயமில்லாமல் தெளியும் ஆற்றல், அவா இல்லாமை ஆகிய இந் நான்கு பண்புகளையும் நிலையாக உடையவனைத் தெளியலா","Who swells the revenues, spreads plenty o'er the land,
Seeks out what hinders progress, his the workman's hand.
Let him do (the king's) work who can enlarge the sources (of revenue), increase wealth and considerately prevent the accidents (which would destroy it).",Selection and Employment,தெரிந்து வினையாடல்,அரசியல்,Royalty,WEALTH,பொருட்பால்
513,அன்பறிவு தேற்றம் அவாவின்மை இந்நான்கும் நன்குடையான் கட்டே தெளிவு,"Love, wisdom, fearless analytical mind and lack of misdirected desire:
go for a person who scores high on these.",எவ்வகையால் ஆராய்ந்து தெளிந்த பிறகும்(செயலை மேற்க்கொண்டு செய்யும் போது) அச் செயல்வகையால் வேறுபடும் மக்கள் உலகத்தில் பலர் உண்டு.,"A loyal love with wisdom, clearness, mind from avarice free;
Who hath these four good gifts should ever trusted be.
Let the choice (of a king) fall upon him who largely possesses these four things, love, knowledge, a clear mind and freedom from covetousness.",Selection and Employment,தெரிந்து வினையாடல்,அரசியல்,Royalty,WEALTH,பொருட்பால்
514,எனைவகையான் தேறியக் கண்ணும் வினைவகையான் வேறாகும் மாந்தர் பலர்,"In whatever way we may have assessed and chosen people,
they stand out based on quality of execution.","(செய்யும் வழிகளை) அறிந்து இடையூறுகளைத்தாங்கிச் செய்து முடிக்க வல்லவனை அல்லாமல், மற்றவனைச் சிறந்தவன் என்றுக் கருதி ஒருச் செயலைச் செய்யுமாறு ஏவக்கூடாது.","Even when tests of every kind are multiplied,
Full many a man proves otherwise, by action tried!
Even when (a king) has tried them in every possible way, there are many men who change, from the nature of the works (in which they may be employed).",Selection and Employment,தெரிந்து வினையாடல்,அரசியல்,Royalty,WEALTH,பொருட்பால்
515,அறிந்தாற்றிச் செய்கிற்பாற் கல்லால் வினைதான் சிறந்தானென் றேவற்பாற் றன்று,"Assign the task to those who know it, can plan, execute and get it done;
and not to the most prominent, or likeable, person.","செய்கின்றவனுடைய தன்மையை ஆராய்ந்து, செயலின் தன்மையையும் ஆராய்ந்து, தக்கக் காலத்தோடு பொறுந்துமாறு உணர்ந்து செய்விக்க வேண்டும்.","No specious fav'rite should the king's commission bear,
But he that knows, and work performs with patient care.
(A king's) work can only be accomplished by a man of wisdom and patient endurance; it is not of a nature to be given to one from mere personal attachment.",Selection and Employment,தெரிந்து வினையாடல்,அரசியல்,Royalty,WEALTH,பொருட்பால்
516,செய்வானை நாடி வினைநாடிக் காலத்தோ டெய்த உணர்ந்து செயல்,"Assign a task after assessing the person,
the task and the most suited time.",இந்தச் செயலை இக்கருவியால் இன்னவன் செய்துமுடிப்பான் என்று ஆராய்ந்த பிறகே அத் தொழிலை அவனிடம் ஒப்படைக்க வேண்டும்.,"This man, this work shall thus work out,' let thoughtful king command;
Then leave the matter wholly in his servant's hand.
After having considered, ""this man can accomplish this, by these means"", let (the king) leave with him the discharge of that duty.",Selection and Employment,தெரிந்து வினையாடல்,அரசியல்,Royalty,WEALTH,பொருட்பால்
517,இதனை இதனால் இவன்முடிக்கும் என்றாய்ந் ததனை அவன்கண் விடல்,"This task – he can do, using these resources : once you reason it out thus,
leave the task to him.",ஒருவன் ஒரு தொழிலைச் செய்வதற்கு உரியவனாக இருப்பதை ஆராய்ந்த பிறகு அவனைத் அத் தொழிலுக்கு உரியவனாகும்படிச் செய்ய வேண்டும்.,"This man, this work shall thus work out,' let thoughtful king command;
Then leave the matter wholly in his servant's hand.
After having considered, ""this man can accomplish this, by these means"", let (the king) leave with him the discharge of that duty.",Selection and Employment,தெரிந்து வினையாடல்,அரசியல்,Royalty,WEALTH,பொருட்பால்
518,வினைக்குரிமை நாடிய பின்றை அவனை அதற்குரிய னாகச் செயல்,"After figuring out who should own a task,
equip and empower him to get the task done.",மேற்க்கொண்ட தொழிலில் எப்போதும் முயற்சி உடையவனின் உறவைத் தவறாக நினைக்கும் தலைவனை விட்டுச் செல்வம் நீங்கும்.,"As each man's special aptitude is known,
Bid each man make that special work his own.
Having considered what work a man is fit for, let (the king) employ him in that work.",Selection and Employment,தெரிந்து வினையாடல்,அரசியல்,Royalty,WEALTH,பொருட்பால்
519,வினைக்கண் வினையுடையான் கேண்மைவே றாக நினைப்பானை நீங்குந் திரு,"Wealth will desert the leader who doubts the intimacy of
the expert doing  a task on account of the task.","தொழில் செய்கின்றவன் கோணாதிருக்கும் வரையில் உலகம் கெடாது, ஆகையால் மன்னன் நாள்தோறும் அவனுடைய நிலைமையை ஆராய வேண்டும்.","Fortune deserts the king who ill can bear,
Informal friendly ways of men his tolls who share.
Prosperity will leave (the king) who doubts the friendship of the man who steadily labours in the discharge of his duties.",Selection and Employment,தெரிந்து வினையாடல்,அரசியல்,Royalty,WEALTH,பொருட்பால்
520,நாடோறு நாடுக மன்னன் வினைசெய்வான் கோடாமை கோடா துலகு,"The ruler should review progress regularly –
as long as his officials don’t falter, his state won’t falter.",ஒருவன் வறியவனான காலத்திலும் அவனுக்கும் தமக்கும் இருந்த உறவைப் பாராட்டிப் பேசும் பண்புகள் சுற்றத்தாரிடம் உண்டு.,"Let king search out his servants' deeds each day;
When these do right, the world goes rightly on its way.
Let a king daily examine the conduct of his servants; if they do not act crookedly, the world will not act crookedly.",Selection and Employment,தெரிந்து வினையாடல்,அரசியல்,Royalty,WEALTH,பொருட்பால்
521,பற்றற்ற கண்ணும் பழைமைபா ராட்டுதல் சுற்றத்தார் கண்ணே உள,"Even when all wealth is lost, it is the kin
who will maintain their ties.","அன்பு நீங்காத சுற்றம் ஒருவனுக்குக் கிடைத்தால், அது மேன்மேலும் வளர்ச்சி குறையாத ஆக்கம் பலவற்றையும் அவனுக்குக் கொடுக்கும்.","When wealth is fled, old kindness still to show,
Is kindly grace that only kinsmen know.
Even when (a man's) property is all gone, relatives will act towards him with their accustomed (kindness).",Cherishing one's Kindred,சுற்றந்தழால்,அரசியல்,Royalty,WEALTH,பொருட்பால்
522,விருப்பறாச் சுற்றம் இயையின் அருப்பறா ஆக்கம் பலவுந் தரும்,"If one gets kin who never lose their love,
wealth never ceases sprouting in different ways.","சுற்றத்தாரோடு மனம் கலந்து பழகும் தன்மை இல்லாதவனுடைய வாழ்க்கை, குளப்பரப்பானது கரையில்லாமல் நீர் நிறைந்தாற் போன்றது.","The gift of kin's unfailing love bestows
Much gain of good, like flower that fadeless blows.
If (a man's) relatives remain attached to him with unchanging love, it will be a source of ever-increasing wealth.",Cherishing one's Kindred,சுற்றந்தழால்,அரசியல்,Royalty,WEALTH,பொருட்பால்
523,அளவளா வில்லாதான் வாழ்க்கை குளவளாக் கோடின்றி நீர்நிறைந் தற்று,"The life of one with no intimate relationship,
is like water flowing into a pond with no bounds.",சுற்றத்தாரால்‌ சுற்றப்படும்படியாக அவர்களைத்‌ தழுவி அன்பாக வாழ்தல்‌ ஒருவன்‌ செல்வத்தைப்‌ பெற்றதனால்‌ பெற்ற பயனாகும்‌.,"His joy of life who mingles not with kinsmen gathered round,
Is lake where streams pour in, with no encircling bound.
The wealth of one who does not mingle freely with his relatives, will be like the filling of water in a spacious tank that has no banks.",Cherishing one's Kindred,சுற்றந்தழால்,அரசியல்,Royalty,WEALTH,பொருட்பால்
524,சுற்றத்தால் சுற்றப் படஒழுகல் செல்வந்தான் பெற்றத்தால் பெற்ற பயன்,"To live surrounded by the kin, is the
benefit gained by gaining wealth.",பொருள் கொடுத்தலும் இன்சொல் கூறுதலுமாகிய இரண்டும் செய்யவல்லவனானால் ஒருவன் தொடர்ந்த பலச் சுற்றத்தால் சூழப்படுவான்.,"The profit gained by wealth's increase,
Is living compassed round by relatives in peace.
To live surrounded by relatives, is the advantage to be derived from the acquisition of wealth.",Cherishing one's Kindred,சுற்றந்தழால்,அரசியல்,Royalty,WEALTH,பொருட்பால்
525,கொடுத்தலும் இன்சொல்லும் ஆற்றின் அடுக்கிய சுற்றத்தாற் சுற்றப் படும்,"One who practices generosity and kind words,
will be encircled by an extended family.",பெரிய கொடையாளியாகவும் சினமற்றவனாகவும் ஒருவன் இருந்தால் அவனைப் போல் சுற்றத்தாரை உடையவர் உலகத்தில் யாரும் இல்லை.,"Who knows the use of pleasant words, and liberal gifts can give,
Connections, heaps of them, surrounding him shall live.
He will be surrounded by numerous relatives who manifests generosity and affability.",Cherishing one's Kindred,சுற்றந்தழால்,அரசியல்,Royalty,WEALTH,பொருட்பால்
526,பெருங்கொடையான் பேணான் வெகுளி அவனின் மருங்குடையார் மாநிலத் தில்,"He gives generously and is free of anger –
none on this earth can have better kin than him.",காக்கை (தனக்கு கிடைத்ததை) மறைத்து வைக்காமல் சுற்றத்தைக் கூவி அழைத்து உண்ணும். ஆக்கமும் அத்தகைய இயல்பு உடையவர்க்கே உண்டு.,"Than one who gifts bestows and wrath restrains,
Through the wide world none larger following gains.
No one, in all the world, will have so many relatives (about him), as he who makes large gift, and does not give way to anger.",Cherishing one's Kindred,சுற்றந்தழால்,அரசியல்,Royalty,WEALTH,பொருட்பால்
527,காக்கை கரவா கரைந்துண்ணும் ஆக்கமும் அன்னநீ ரார்க்கே உள,"The crow never conceals food but cries out for company;
wealth and progress too stays only with those of such quality.","அரசன் எல்லாரையும் பொதுவகையாக நோக்காமல், அவரவர் சிறப்புக்கு ஏற்றவாறு நோக்கினால், அதை விரும்பி சுற்றமாக வாழ்கின்றவர் பலர் ஆவர்.","The crows conceal not, call their friends to come, then eat;
Increase of good such worthy ones shall meet.
The crows do not conceal (their prey), but will call out for others (to share with them) while they eat it; wealth will be with those who show a similar disposition (towards their relatives).
",Cherishing one's Kindred,சுற்றந்தழால்,அரசியல்,Royalty,WEALTH,பொருட்பால்
528,பொதுநோக்கான் வேந்தன் வரிசையா நோக்கின் அதுநோக்கி வாழ்வார் பலர்,"A king who avoids an undifferentiated approach but tailors it to suit differing capabilities,
will retain many who will appreciate it.","முன் சுற்றத்தாறாக இருந்து பின் ஒருக் காரணத்தால் பிரிந்தவரின் உறவு, அவ்வாறு அவர் பொருந்தாமலிருந்த காரணம் நீங்கியபின் தானே வந்து சேரும்.","Where king regards not all alike, but each in his degree,
'Neath such discerning rule many dwell happily.
Many relatives will live near a king, when they observe that he does not look on all alike, but that he looks on each man according to his merit.",Cherishing one's Kindred,சுற்றந்தழால்,அரசியல்,Royalty,WEALTH,பொருட்பால்
529,தமராகித் தற்றுறந்தார் சுற்றம் அமராமைக் காரண மின்றி வரும்,"Well-wishers who had broken with you before,
will return if the cause for resentment is rectified.","தன்னிடமிருந்து பிரிந்து சென்று பின் ஒருக் காரணம்பற்றித் திரும்பிவந்தவனை, அரசன் அவன் நாடிய உதவியைச் செய்து ஆராய்ந்து உறவு கொள்ள வேண்டும்.","Who once were his, and then forsook him, as before
Will come around, when cause of disagreement is no more.
Those who have been friends and have afterwards forsaken him, will return and join themselves (to him), when the cause of disagreement is not to be found in him.",Cherishing one's Kindred,சுற்றந்தழால்,அரசியல்,Royalty,WEALTH,பொருட்பால்
530,உழைப்பிரிந்து காரணத்தின் வந்தானை வேந்தன் இழைத்திருந் தெண்ணிக் கொளல்,"When defectors return for any reason, the ruler should be
open to accept them, after due assessment.","பெரிய உவகையால் மகிழ்ந்திருக்கும் போது மறதியால் வரும் சோர்வு, ஒருவனுக்கு வரம்பு கடந்த சினம் வருவதைவிடத் தீமையானதாகும்.","Who causeless went away, then to return, for any cause, ask leave;
The king should sift their motives well, consider, and receive!
When one may have left him, and for some cause has returned to him, let the king fulfil the object (for which he has come back) and thoughtfully receive him again.",Cherishing one's Kindred,சுற்றந்தழால்,அரசியல்,Royalty,WEALTH,பொருட்பால்
531,இறந்த வெகுளியின் தீதே சிறந்த உவகை மகிழ்ச்சியிற் சோர்வு,"Getting slack and smug when relishing a joyous moment
is more harmful than excessive anger.","நாள் தோறும் விடாமல் வரும் வறுமை அறிவைக் கொல்வது போல, ஒருவனுடைய புகழை அவனுடைய மறதிக் கொன்று விடும்.","Tis greater ill, it rapture of o'erweening gladness to the soul
Bring self-forgetfulness than if transcendent wrath control.
More evil than excessive anger, is forgetfulness which springs from the intoxication of great joy.", Unforgetfulness,பொச்சாவாமை,அரசியல்,Royalty,WEALTH,பொருட்பால்
532,பொச்சாப்புக் கொல்லும் புகழை அறிவினை நிச்ச நிரப்புக்கொன் றாங்கு,"Complacence, sloth and contempt slaughter one’s reputation
just as begging and gorging will kill one’s wisdom.","மறதியால் சோர்ந்து நடப்பவர்க்குப் புகழுடன் வாழும் தன்மையில்லை, அஃது உலகத்தில் எப்படிப்பட்டநூலோர்க்கும் ஒப்ப முடிந்த முடிப்பாகும்.","Perpetual, poverty is death to wisdom of the wise;
When man forgets himself his glory dies!
Forgetfulness will destroy fame, even as constant poverty destroys knowledge.", Unforgetfulness,பொச்சாவாமை,அரசியல்,Royalty,WEALTH,பொருட்பால்
533,பொச்சாப்பார்க் கில்லை புகழ்மை யதுவுலகத் தெப்பானூ லோர்க்குந் துணிவு,"There is no fame for those who are smug, lax or derisive :
scholars of all walks and beliefs concur on this.","உள்ளத்தில் அச்சம் உடையவர்க்குப் புறத்திலே அரண் இருந்து பயன் இல்லை, அதுபோல் மறதி உடையவர்க்கு நல்ல நிலை வாய்த்தும் பயன் இல்லை.","To self-oblivious men no praise'; this rule
Decisive wisdom sums of every school.
Thoughtlessness will never acquire fame; and this tenet is upheld by all treatises in the world.
", Unforgetfulness,பொச்சாவாமை,அரசியல்,Royalty,WEALTH,பொருட்பால்
534,அச்ச முடையார்க் கரணில்லை ஆங்கில்லை பொச்சாப் புடையார்க்கு நன்கு,"No fortress is good enough for those who’ve fear;
no good can occur to those who are smug, slack or derisive.","வரும் இடையூறுகளை முன்னே அறிந்துக் காக்காமல் மறந்து சோர்ந்தவன், பின்பு அவை வந்துற்றபோது தன் பிழையை நினைத்து இரங்குவான்.","To cowards is no fort's defence'; e'en so
The self-oblivious men no blessing know.
Just as the coward has no defence (by whatever fortifications ha may be surrounded), so the thoughtless has no good (whatever advantages he may possess).
", Unforgetfulness,பொச்சாவாமை,அரசியல்,Royalty,WEALTH,பொருட்பால்
535,முன்னுறக் காவா திழுக்கியான் தன்பிழை பின்னூ றிரங்கி விடும்,"One who is complacent and derisive, and doesn’t anticipate the repercussions,
will resent his lapses later.","யாரிடத்திலும் எக்காலத்திலும் மறந்தும் சோர்ந்திருக்காதத் தன்மை தவறாமல் பொருந்தியிருக்குமானால், அதற்கு ஒப்பான நன்மை வேறொன்றும் இல்லை.","To him who nought foresees, recks not of anything,
The after woe shall sure repentance bring.
The thoughtless man, who provides not against the calamities that may happen, will afterwards repent for his fault.", Unforgetfulness,பொச்சாவாமை,அரசியல்,Royalty,WEALTH,பொருட்பால்
536,இழுக்காமை யார்மாட்டும் என்றும் வழுக்காமை வாயின் அதுவொப்ப தில்,"Never be complacent about any task or deride anyone : nothing is better than
following this unswervingly.","மறவாமை என்னும் கருவிகொண்டு (கடமைகளைப்) போற்றிச் செய்தால், செய்வதற்கு அரியவை என்று ஒருவனால் முடியாத செயல்கள் இல்லை.","Towards all unswerving, ever watchfulness of soul retain,
Where this is found there is no greater gain.
There is nothing comparable with the possession of unfailing thoughtfulness at all times; and towards all persons.", Unforgetfulness,பொச்சாவாமை,அரசியல்,Royalty,WEALTH,பொருட்பால்
537,அரியவென் றாகாத இல்லைபொச் சாவாக் கருவியாற் போற்றிச் செயின்,"The impossible doesn’t exist when you do the task
diligently, with an alert, incomplacent mind.","சான்றோர் புகழ்ந்து சொல்லியச் செயல்களைப் போற்றிச் செய்யவேண்டும், அவ்வாறு செய்யாமல் மறந்து சோர்ந்தவர்க்கு ஏழுப் பிறப்பிலும் நன்மை இல்லை.","Though things are arduous deemed, there's nought may not be won,
When work with mind's unslumbering energy and thought is done.
There is nothing too difficult to be accomplished, if a man set about it carefully, with unflinching endeavour.", Unforgetfulness,பொச்சாவாமை,அரசியல்,Royalty,WEALTH,பொருட்பால்
538,புகழ்ந்தவை போற்றிச் செயல்வேண்டுஞ் செய்யா திகழ்ந்தார்க் கெழுமையும் இல்,"Do, diligently, deeds that have been extolled; not in seven births
will they benefit – those who derisively
avoid those deeds.","தாம் தம் மகிழ்ச்சியால் செருக்குக் கொண்டு கடமையை மறந்திருக்கும் போது, அவ்வாறு சோர்ந்திருந்த காரணத்தால் முற்காலத்தில் அழிந்தவரை நினைக்க வேண்டும்.","Let things that merit praise thy watchful soul employ;
Who these despise attain through sevenfold births no joy.
Let (a man) observe and do these things which have been praised (by the wise); if he neglects and fails to perform them, for him there will be no (happiness) throughout the seven births.", Unforgetfulness,பொச்சாவாமை,அரசியல்,Royalty,WEALTH,பொருட்பால்
539,இகழ்ச்சியிற் கெட்டாரை உள்ளுக தாந்தம் மகிழ்ச்சியின் மைந்துறும் போழ்து,"Think of those who were doomed due to derision and negligence,
when you bask smugly in the glory of your might.",உள்ளிய தெய்தல் எளிதுமன் மற்றுந்தான் உள்ளிய துள்ளப் பெறின்,"Think on the men whom scornful mind hath brought to nought,
When exultation overwhelms thy wildered thought.
Let (a king) think of those who have been ruined by neglect, when his mind is elated with joy.", Unforgetfulness,பொச்சாவாமை,அரசியல்,Royalty,WEALTH,பொருட்பால்
540,உள்ளிய தெய்தல் எளிதுமன் மற்றுந்தான் உள்ளிய துள்ளப் பெறின்,"Easy it is, to get what you seek,
if you’re focused on that you seek.","யாரிடத்திலும் (குற்றம் இன்னதென்று) ஆராய்ந்து, கண்ணோட்டம் செய்யாமல் நடுவுநிலைமைப் பொருந்தி (செய்யத்தக்கதை) ஆராய்ந்து செய்வதே நீதிமுறையாகும்.","Tis easy what thou hast in mind to gain,
If what thou hast in mind thy mind retain.
It is easy for (one) to obtain whatever he may think of, if he can again think of it.", Unforgetfulness,பொச்சாவாமை,அரசியல்,Royalty,WEALTH,பொருட்பால்
541,ஓர்ந்துகண் ணோடா திறைபுரிந் தியார்மாட்டும் தேர்ந்துசெய் வஃதே முறை,"Investigating intensely, leading fairly without unduly favoring anyone,
analysing and acting, constitute justice.","உலகத்தில் உள்ள உயிர்கள் எல்லாம் மழையை நம்பி வாழ்கின்றன, அதுபோல் குடிமக்கள் எல்லாம் அரசனுடைய செங்கோலை நோக்கி வாழ்கின்றனர்.","Search out, to no one favour show; with heart that justice loves
Consult, then act; this is the rule that right approves.
To examine into (the crimes which may be committed), to show no favour (to any one), to desire to act with impartiality towards all, and to inflict (such punishments) as may be wisely resolved on, constitute rectitude.",The Right Sceptre,செங்கோன்மை,அரசியல்,Royalty,WEALTH,பொருட்பால்
542,வானோக்கி வாழும் உலகெல்லாம் மன்னவன் கோனோக்கி வாழுங் குடி,"The world survives, looking up to the skies for rain;
the people live, looking up to their ruler’s sceptre for justice.",அந்தணர் போற்றும் மறைநூலுக்கும் அறத்திற்கும் அடிப்படையாய் நின்று உலகத்தைக் காப்பது அரசனுடைய செங்கோலாகும்.,"All earth looks up to heav'n whence raindrops fall;
All subjects look to king that ruleth all.
When there is rain, the living creation thrives; and so when the king rules justly, his subjects thrive.",The Right Sceptre,செங்கோன்மை,அரசியல்,Royalty,WEALTH,பொருட்பால்
543,அந்தணர் நூற்கும் அறத்திற்கும் ஆதியாய் நின்றது மன்னவன் கோல்,"The scriptures that scholars write and the virtues they extol,
have their roots in the sceptre of the ruler.",குடிகளை அன்போடு அணைத்துக் கொண்டு செங்கோல் செலுத்துகின்ற அரசனுடைய அடியைப்பொருந்தி உலகம் நிலை பெறும்.,"Learning and virtue of the sages spring,
From all-controlling sceptre of the king.
The sceptre of the king is the firm support of the Vedas of the Brahmin, and of all virtues therein described.
",The Right Sceptre,செங்கோன்மை,அரசியல்,Royalty,WEALTH,பொருட்பால்
544,குடிதழீஇக் கோலோச்சு மாநில மன்னன் அடிதழீஇ நிற்கும் உலகு,"The world will embrace the feet of the ruler,
who embraces his people and renders justice.",நீதி முறைப்படி செங்கோல் செலுத்தும் அரசனுடைய நாட்டில் பருவ மழையும் நிறைந்த விளைவும் ஒருசேர ஏற்படுவனவாகும்.,"Whose heart embraces subjects all, lord over mighty land
Who rules, the world his feet embracing stands.
The world will constantly embrace the feet of the great king who rules over his subjects with love.",The Right Sceptre,செங்கோன்மை,அரசியல்,Royalty,WEALTH,பொருட்பால்
545,இயல்புளிக் கோலோச்சு மன்னவ னாட்ட பெயலும் விளையுளுந் தொக்கு,"In the state of the king who rules justly, as befits a king,
even monsoons and harvests will happen unfailingly.","ஒருவனுக்கு வெற்றி பெற்றுத் தருவது வேல் அன்று, அரசனுடைய செங்கோலே ஆகும், அச் செங்கோலும் கோணாதிருக்குமாயின்.","Where king, who righteous laws regards, the sceptre wields,
There fall the showers, there rich abundance crowns the fields.
Rain and plentiful crops will ever dwell together in the country of the king who sways his sceptre with justice.",The Right Sceptre,செங்கோன்மை,அரசியல்,Royalty,WEALTH,பொருட்பால்
546,வேலன்று வென்றி தருவது மன்னவன் கோலதூஉங் கோடா தெனின்,"It is not the spear that gives victory; it is the king’s sceptre,
the one that never tilts unjustly.","உலகத்தை எல்லாம் அரசன் காப்பாற்றுவான், நீதிமுறை கெடாதவாறு ஆட்சி செய்வானாயின் அரசனை அந்த முறையே காப்பாற்றும்.","Not lance gives kings the victory,
But sceptre swayed with equity.
It is not the javelin that gives victory, but the king's sceptre, if it do no injustice.",The Right Sceptre,செங்கோன்மை,அரசியல்,Royalty,WEALTH,பொருட்பால்
547,இறைகாக்கும் வையகம் எல்லாம் அவனை முறைகாக்கும் முட்டாச் செயின்,"A king protects all the world; he is protected
by the justice that he dispenses resolutely.","எளிய செவ்வி உடையவனாய் ஆராய்ந்து நீதி முறை செய்யாத அரசன், தாழ்ந்த நிலையில் நின்று (பகைவரில்லாமலும் ) தானே கெடுவான்.","The king all the whole realm of earth protects;
And justice guards the king who right respects.
The king defends the whole world; and justice, when administered without defect, defends the king.
",The Right Sceptre,செங்கோன்மை,அரசியல்,Royalty,WEALTH,பொருட்பால்
548,எண்பதத்தான் ஓரா முரறசெய்யா மன்னவன் தண்பதத்தான் தானே கெடும்,"A king who isn’t readily accessible and doesn’t rule justly,
will be ruined by his own lowly deeds.","குடிகளைப் பிறர் வருந்தாமல் காத்து, தானும் வருந்தாமல் காப்பாற்றி, அவற்களுடைய குற்றங்களைத் தக்க தண்டனையால் ஒழித்தல், அரசனுடைய தொழில் பழி அன்று.","Hard o f access, nought searching out, with partial hand
The king who rules, shall sink and perish from the land.
The king who gives not facile audience (to those who approach him), and who does not examine and pass judgment (on their complaints), will perish in disgrace.",The Right Sceptre,செங்கோன்மை,அரசியல்,Royalty,WEALTH,பொருட்பால்
549,குடிபுறங் காத்தோம்பிக் குற்றங் கடிதல் வடுவன்று வேந்தன் தொழில்,"To punish a crime, in order to protect and nurture one’s subjects,
is not a blot on the king but his duty.",கொடியவர் சிலரைக் கொலைத்தண்டனையால் அரசன் ஒறுத்தல் பயிரைக் காப்பாற்றக் களையைச் களைவதற்க்கு நிகரான செயலாகும்.,"Abroad to guard, at home to punish, brings
No just reproach; 'tis work assigned to kings.
In guarding his subjects (against injury from others), and in preserving them himself; to punish crime is not a fault in a king, but a duty.",The Right Sceptre,செங்கோன்மை,அரசியல்,Royalty,WEALTH,பொருட்பால்
550,கொலையிற் கொடியாரை வேந்தொறுத்தல் பைங்கூழ் களைகட் டதனொடு நேர்,"The king punishing, severely, those brutal murderers,
is akin to clearing weeds from the crop.","குடிகளை வருத்தும் தொழிலை மேற்கொண்டு, முறையல்லாத செயல்களைச் செய்து நடக்கும் அரசன் கொலைத் தொழிலைக் கொண்டவரை விடக் கொடியவன்.","By punishment of death the cruel to restrain,
Is as when farmer frees from weeds the tender grain.
For a king to punish criminals with death, is like pulling up the weeds in the green corn.",The Right Sceptre,செங்கோன்மை,அரசியல்,Royalty,WEALTH,பொருட்பால்
551,கொலைமேற்கொண் டாரிற் கொடிதே அலைமேற்கொண் டல்லவை செய்தொழுகும் வேந்து,"He is worse than assassins, the ruler who harries his citizens,
and indulges in unjust acts.","ஆட்சிக்குறிய கோலை ஏந்தி நின்ற அரசன் குடிகளைப் பொருள் கேட்டல் , போகும் வழியில் கள்வன் கொடு என்று கேட்பதைப் போன்றது.","Than one who plies the murderer's trade, more cruel is the king
Who all injustice works, his subjects harassing.
The king who gives himself up to oppression and acts unjustly (towards his subjects) is more cruel than the man who leads the life of a murderer.",The Cruel Sceptre,கொடுங் கோன்மை,அரசியல்,Royalty,WEALTH,பொருட்பால்
552,வேலொடு நின்றான் இடுவென் றதுபோலும் கோலொடு நின்றான் இரவு,"The extortion and graft done wielding the sceptre
is no different from robbery done pointing a spear.","நாள் தோறும் தன் ஆட்சியில் நன்மை தீமைகளை ஆராய்ந்து முறைசெய்யாத அரசன், நாள் தோறும் (மெல்ல மெல்லத்) தன் நாட்டை இழந்து வருவான்.","As 'Give' the robber cries with lance uplift,
So kings with sceptred hand implore a gift.
The request (for money) of him who holds the sceptre is like the word of a highway robber who stands with a weapon in hand and says ""give up your wealth"".
",The Cruel Sceptre,கொடுங் கோன்மை,அரசியல்,Royalty,WEALTH,பொருட்பால்
553,நாடொறும் நாடி முறைசெய்யா மன்னவன் நாடொறும் நாடு கெடும்,"The ruler who doesn’t assess and administer justly, day after day,
will let his state rot day by day.","(ஆட்சிமுறை கெட்டுக்) கொடுங்கோலனாகி ஆராயாமல் எதையும் செய்யும் அரசன், பொருளையும் குடிகளையும் ஒரு சேர இழந்து விடுவான்.","Who makes no daily search for wrongs, nor justly rules, that king
Doth day by day his realm to ruin bring.
The country of the king who does not daily examine into the wrongs done and distribute justice, will daily fall to ruin",The Cruel Sceptre,கொடுங் கோன்மை,அரசியல்,Royalty,WEALTH,பொருட்பால்
554,கூழுங் குடியும் ஒருங்கிழக்கும் கோல்கோடிச் சூழாது செய்யும் அரசு,"The king who lets his sceptre tilt towards tyranny
will lose all his wealth, people and state.",(முறை செய்யாதவனுடைய) செல்வத்தைத் தேய்த்து அழிக்க வல்ல படை அவனால் பலர் துன்பப்பட்டுத் துன்பம் பொறுக்க முடியாமல் அழுத கண்ணீர் அன்றோ.,"Whose rod from right deflects, who counsel doth refuse,
At once his wealth and people utterly shall lose.
The king, who, without reflecting (on its evil consequences), perverts justice, will lose at once both his wealth and his subjects.",The Cruel Sceptre,கொடுங் கோன்மை,அரசியல்,Royalty,WEALTH,பொருட்பால்
555,அல்லற்பட் டாற்றா தழுதகண் ணீரன்றே செல்வத்தைத் தேய்க்கும் படை,"The tears shed by citizens subjected to intolerable grief
are the weapons that erode the rulers’ wealth.","அரசர்க்கு புகழ் நிலைபெறக் காரணம் செங்கோல் முறையாகும், அஃது இல்லையானால் அரசர்க்கு புகழ் நிலைபெறாமல் போகும்.","His people's tears of sorrow past endurance, are not they
Sharp instruments to wear the monarch's wealth away?
Will not the tears, shed by a people who cannot endure the oppression which they suffer (from their king), become a saw to waste away his wealth ?",The Cruel Sceptre,கொடுங் கோன்மை,அரசியல்,Royalty,WEALTH,பொருட்பால்
556,மன்னார்க்கு மன்னுதல் செங்கோன்மை அஃதின்றேல் மன்னாவாம் மன்னர்க் கொளி,"Just rule yields lasting fame to a ruler;
no justice, no fame.","மழைத்துளி இல்லாதிருத்தல் உலகத்திற்கு எத்தன்மையானதோ, அத்தன்மையானது நாட்டில் வாழும் குடிமக்களுக்கு அரசனுடைய அருள் இல்லாத ஆட்சி.","To rulers' rule stability is sceptre right;
When this is not, quenched is the rulers' light.
Righteous government gives permanence to (the fame of) kings; without that their fame will have no endurance.",The Cruel Sceptre,கொடுங் கோன்மை,அரசியல்,Royalty,WEALTH,பொருட்பால்
557,துளியின்மை ஞாலத்திற் கெற்றற்றே வேந்தன் அளியின்மை வாழும் உயிர்க்கு,"Just as lack of rain is to the world, so is
to mankind – rulers’ lack of benevolence.","முறை செய்யாத அரசனுடைய கொடுங்கோல் ஆட்சியின் கீழ் இருக்கப் பெற்றால், பொருள் இல்லாத வறுமை நிலையைவிடச் செல்வநிலை துன்பமானதாகும்.","As lack of rain to thirsty lands beneath,
Is lack of grace in kings to all that breathe.
As is the world without rain, so live a people whose king is without kindness.",The Cruel Sceptre,கொடுங் கோன்மை,அரசியல்,Royalty,WEALTH,பொருட்பால்
558,இன்மையின் இன்னா துடைமை முறைசெய்யா மன்னவன் கோற்கீழ்ப் படின்,"Being wealthy is worse than being poor,
under an unjust ruler.","அரசன் முறை தவறி நாட்டை ஆட்சி செய்வானானால், அந்த நாட்டில் பருவமழை தவறி மேகம் மழை பெய்யாமல் போகும்.","To poverty it adds a sharper sting,
To live beneath the sway of unjust king.
Property gives more sorrow than poverty, to those who live under the sceptre of a king without justice.
",The Cruel Sceptre,கொடுங் கோன்மை,அரசியல்,Royalty,WEALTH,பொருட்பால்
559,முறைகோடி மன்னவன் செய்யின் உறைகோடி ஒல்லாது வானம் பெயல்,"If the king lets his sceptre of justice waver,
the skies won’t yield and monsoons will fail.","நாட்டைக் காக்கும் தலைவன் முறைப்படி காக்காவிட்டால், அந் நாட்டில் பசுக்கள் பால் தருதலாகிய பயன் குன்றும், அந்தணரும் அறநூல்களை மறப்பர்.","Where king from right deflecting, makes unrighteous gain,
The seasons change, the clouds pour down no rain.
If the king acts contrary to justice, rain will become unseasonable, and the heavens will withhold their showers.",The Cruel Sceptre,கொடுங் கோன்மை,அரசியல்,Royalty,WEALTH,பொருட்பால்
560,ஆபயன் குன்றும் அறுதொழிலோர் நூல்மறப்பர் காவலன் காவான் எனின்,"The cows’ milk will dry up; the brahmans will forget the scriptures;
when the king stops being their saviour.",செய்த குற்றத்தை தக்கவாறு ஆராய்ந்து மீண்டும் அக் குற்றம் செய்யாத படி குற்றத்திற்குப் பொருந்துமாறு தண்டிப்பவனே அரசன் ஆவான்.,"cWhere king from right deflecting, makes unrighteous gain,
The seasons change, the clouds pour down no rain.
If the king acts contrary to justice, rain will become unseasonable, and the heavens will withhold their showers.",The Cruel Sceptre,கொடுங் கோன்மை,அரசியல்,Royalty,WEALTH,பொருட்பால்
561,தக்காங்கு நாடித் தலைச்செல்லா வண்ணத்தால் ஒத்தாங் கொறுப்பது வேந்து,"Investigating neutrally, and punishing appropriately,
so as to deter the repeat of a crime, is the duty of the king.",ஆக்கம் நெடுங்காலம் நீங்காமலிருக்க விரும்புகின்றவர் (தண்டிக்கத் தொடங்கும் போது) அளவு கடந்து செய்வது போல் காட்டி அளவு மீறாமல் முறை செய்ய வேண்டும்.,"Who punishes, investigation made in due degree,
So as to stay advance of crime, a king is he.
He is a king who having equitably examined (any injustice which has been brought to his notice), suitably punishes it, so that it may not be again committed.",Absence of 'Terrorism',வெருவந்தசெய்யாமை,அரசியல்,Royalty,WEALTH,பொருட்பால்
562,கடிதோச்சி மெல்ல வெறிக நெடிதாக்கம் நீங்காமை வேண்டு பவர்,"Raise the sceptre swift and stern, but land it softly,
those who wish never to lose what they possess.","குடிகள் அஞ்சும் படியான கொடுமைகளைச் செய்து ஆளும் கொடுங்கோல் அரசனானால், அவன் திண்ணமாக விரைவில் கெடுவான்.","For length of days with still increasing joys on Heav'n who call,
Should raise the rod with brow severe, but let it gently fall.
Let the king, who desires that his prosperity may long remain, commence his preliminary enquires wi th strictness, and then punish with mildness.",Absence of 'Terrorism',வெருவந்தசெய்யாமை,அரசியல்,Royalty,WEALTH,பொருட்பால்
563,வெருவந்த செய்தொழுகும் வெங்கோல னாயின் ஒருவந்தம் ஒல்லைக் கெடும்,"A king will be isolated and will face rapid ruin,
if he becomes a tyrant indulging in terrifying deeds.","நம் அரசன் கடுமையானவன் என்று குடிகளால் கூறப்படும் கொடுஞ்சொல்லை உடைய அரசன், தன் ஆயுள் குறைந்து விரைவில் கெடுவான்.","Where subjects dread of cruel wrongs endure,
Ruin to unjust king is swift and sure.
The cruel-sceptred king, who acts so as to put his subjects in fear, will certainly and quickly come to ruin.",Absence of 'Terrorism',வெருவந்தசெய்யாமை,அரசியல்,Royalty,WEALTH,பொருட்பால்
564,இறைகடியன் என்றுரைக்கும் இன்னாச்சொல் வேந்தன் உறைகடுகி ஒல்லைக் கெடும்,"“My king – he is a tyrant” : such a denouncement
is certain to hasten a king’s downfall.","எளிதில் காணமுடியாத அருமையும், இனிமையற்ற முகமும் உடையவனது பெரிய செல்வம், பேய் கண்டு காத்திருப்பதைப் போன்ற தன்மையுடையது.","Ah! cruel is our king', where subjects sadly say,
His age shall dwindle, swift his joy of life decay.
The king who is spoken of as cruel will quickly perish; his life becoming shortened.",Absence of 'Terrorism',வெருவந்தசெய்யாமை,அரசியல்,Royalty,WEALTH,பொருட்பால்
565,அருஞ்செவ்வி இன்னா முகத்தான் பெருஞ்செல்வம் பேஎய்கண் டன்ன துடைத்து,"Inaccessible and has a harsh countenance – his huge wealth
resembles a treasure protected by demons.",கடுஞ்சொல் உடையவனாய்க் கண்ணோட்டம் இல்லாதவனாய் உள்ளவனுடைய பெரிய செல்வம் நீடித்தல் இல்லாமல் அப்பொழுதே கெடும்.,"Whom subjects scarce may see, of harsh forbidding countenance;
His ample wealth shall waste, blasted by demon's glance.
The great wealth of him who is difficult of access and possesses a sternness of countenance, is like that which has been obtained by a devil.",Absence of 'Terrorism',வெருவந்தசெய்யாமை,அரசியல்,Royalty,WEALTH,பொருட்பால்
566,கடுஞ்சொல்லன் கண்ணிலன் ஆயின் நெடுஞ்செல்வம் நீடின்றி ஆங்கே கெடும்,"If he is of harsh words, and has no compassion,
his extensive wealth will become extinct soon.",கடுமையான சொல்லும் முறைகடந்த தண்டனையும் அரசனுடைய வெற்றிக்கு காரணமான வலிமையைத் தேய்க்கும் அரம் ஆகும்.,"The tyrant, harsh in speach and hard of eye,
His ample joy, swift fading, soon shall die.
The abundant wealth of the king whose words are harsh and whose looks are void of kindness, will instantly perish instead of abiding long, with him.",Absence of 'Terrorism',வெருவந்தசெய்யாமை,அரசியல்,Royalty,WEALTH,பொருட்பால்
567,கடுமொழியுங் கையிகந்த தண்டமும் வேந்தன் அடுமுரண் தேய்க்கும் அரம்,"Harsh words and excessive punishments form the saw
that files away the king’s military might.","அமைச்சர் முதலான தன் இனத்தாரிடம் கலந்து எண்ணாத அரசன், சினத்தின் வழியில் சென்று சீறி நிற்பானானால், அவனுடைய செல்வம் சுருங்கும்.","Harsh words and punishments severe beyond the right,
Are file that wears away the monarch's conquering might.
Severe words and excessive punishments will be a file to waste away a king's power for destroying
(his enemies).",Absence of 'Terrorism',வெருவந்தசெய்யாமை,அரசியல்,Royalty,WEALTH,பொருட்பால்
568,இனத்தாற்றி எண்ணாத வேந்தன் சினத்தாற்றிச் சீறிற் சிறுகுந் திரு,"When the king doesn’t take counsel of his advisers,
and tends to explode with rage, his wealth starts imploding.",முன்னமே தக்கவாறு அரண் செய்து கொள்ளாத அரசன் போர் வந்த காலத்தில் (தற்காப்பு இல்லாமல்) அஞ்சி விரைவில் அழிவான்.,"Who leaves the work to those around, and thinks of it no more;
If he in wrathful mood reprove, his prosperous days are o'er!
The prosperity of that king will waste away, who without reflecting (on his affairs himself), commits them to his ministers, and (when a failure occurs) gives way to anger, and rages against them.",Absence of 'Terrorism',வெருவந்தசெய்யாமை,அரசியல்,Royalty,WEALTH,பொருட்பால்
569,செருவந்த போழ்திற் சிறைசெய்யா வேந்தன் வெருவந்து வெய்து கெடும்,"When the foes strike, a king who has not built his defences,
will fall swiftly, trembling with fear.","கடுங்கோலாகிய ஆட்சிமுறை கல்லாதவரைத் தனக்கு அரணாகச் சேர்த்துக் கொள்ளும், அது தவிர நிலத்திற்கு சுமை வேறு இல்லை.","Who builds no fort whence he may foe defy,
In time of war shall fear and swiftly die.
The king who has not provided himself with a place of defence, will in times of war be seized with fear and quickly perish.",Absence of 'Terrorism',வெருவந்தசெய்யாமை,அரசியல்,Royalty,WEALTH,பொருட்பால்
570,கல்லார்ப் பிணிக்குங் கடுங்கோல் அதுவல்ல தில்லை நிலக்குப் பொறை,"A tyrant will assemble an ensemble of the unlearned;
but for them, there is no burden for the earth.","கண்ணோட்டம் என்று சொல்லப்படுகின்ற மிகச் சிறந்த அழகு இருக்கும் காரணத்தால் தான், இந்த உலகம் அழியாமல் இருக்கின்றது.","Tyrants with fools their counsels share:
Earth can no heavier burthen bear!
The earth bears up no greater burden than ignorant men whom a cruel sceptre attaches to itself (as the ministers of its evil deeds).",Absence of 'Terrorism',வெருவந்தசெய்யாமை,அரசியல்,Royalty,WEALTH,பொருட்பால்
571,கண்ணோட்டம் என்னுங் கழிபெருங் காரிகை உண்மையான் உண்டிவ் வுலகு,"There exists this stupendous beauty called compassion;
and therefore, the world exists.","கண்ணோட்டத்தினால் உலகியல் நடைபெறுகின்றது, கண்ணோட்டம் இல்லாதவர் உயிரோடு இருத்தல் நிலத்திற்குச் சுமையே தவிர வேறு பயனில்லை.","Since true benignity, that grace exceeding great, resides
In kingly souls, world in happy state abides.
The world exists through that greatest ornament (of princes), a gracious demeanour..",Benignity,கண்ணோட்டம்,அரசியல்,Royalty,WEALTH,பொருட்பால்
572,கண்ணோட்டத் துள்ள துலகியல் அஃதிலார் உண்மை நிலக்குப் பொறை,"It is compassion that keeps the world functioning as it should;
there are those who lack it, and they burden the earth.","பாடலோடு பொருந்துதல் இல்லையானால் இசை என்ன பயனுடையதாகும், அதுபோல் கண்ணோட்டம் இல்லாவிட்டால் கண் என்ன பயனுடையதாகும்.","The world goes on its wonted way, since grace benign is there;
All other men are burthen for the earth to bear.
The prosperity of the world springs from the kindliness, the existence of those who have no (kindliness) is a burden to the earth.",Benignity,கண்ணோட்டம்,அரசியல்,Royalty,WEALTH,பொருட்பால்
573,பண்ணென்னாம் பாடற் கியைபின்றேற் கண்ணென்னாங் கண்ணோட்டம் இல்லாத கண்,"Of what use is a tune that can’t suit any song?
of what use are eyes, which have no compassion?",தக்க அளவிற்குக் கண்ணோட்டம் இல்லாத கண்கள் முகத்தில் உள்ளவை போல் தோன்றுதல் அல்லாமல் வேறு என்ன பயன் செய்யும்.,"Where not accordant with the song, what use of sounding chords?
What gain of eye that no benignant light affords?
Of what avail is a song if it be inconsistent with harmony ? what is the use of eyes which possess no kindliness.",Benignity,கண்ணோட்டம்,அரசியல்,Royalty,WEALTH,பொருட்பால்
574,உளபோல் முகத்தெவன் செய்யும் அளவினாற் கண்ணோட்டம் இல்லாத கண்,"An eye that is not abound with compassion,
what purpose is it serving on the face, feigning existence?","ஒருவனுடைய கண்ணுக்கு அணிகலமாவது கண்ணோட்டம் என்னும் பண்பே, அஃது இல்லையானால் புண் என்று உணரப்படும்.","The seeming eye of face gives no expressive light,
When not with duly meted kindness bright.
Beyond appearing to be in the face, what good do they do, those eyes in which is no well-regulated kindness ?",Benignity,கண்ணோட்டம்,அரசியல்,Royalty,WEALTH,பொருட்பால்
575,கண்ணிற் கணிகலங் கண்ணோட்டம் அஃதின்றேற் புண்ணென் றுணரப் படும்,"Eyes are adorned by compassion; but for it,
they would be considered wounds.",கண்ணோட்டதிற்க்கு உரிய கண்ணோடுப் பொருந்தி இருந்தும் கண்ணோட்டம் இல்லாதவர் (கண் இருந்தும் காணாத ) மரத்தினைப் போன்றவர்.,"Benignity is eyes' adorning grace;
Without it eyes are wounds disfiguring face.
Kind looks are the ornaments of the eyes; without these they will be considered (by the wise) to be merely two sores.",Benignity,கண்ணோட்டம்,அரசியல்,Royalty,WEALTH,பொருட்பால்
576,மண்ணோ டியைந்த மரத்தனையர் கண்ணோ டியைடந்துகண் ணோடா தவர்,"Trees rooted to the land they resemble, those though
born with eyes, don’t use them to be compassionate.","கண்ணோட்டம் இல்லாத மக்கள் கண் இல்லாதவரே ஆவர், கண் உடைய மக்கள் கண்ணோட்டம் இல்லா திருத்தலும் இல்லை.","Whose eyes 'neath brow infixed diffuse no ray
Of grace; like tree in earth infixed are they.
They resemble the trees of the earth, who although they have eyes, never look kindly (on others).",Benignity,கண்ணோட்டம்,அரசியல்,Royalty,WEALTH,பொருட்பால்
577,கண்ணோட்டம் இல்லவர் கண்ணிலர் கண்ணுடையார் கண்ணோட்டம் இன்மையும் இல்,"Those who lack compassion have no eyes;
who truly have eyes can’t lack compassion.",தம் தம் கடமையாகிய தொழில் கெடாமல் கண்ணோட்டம் உடையவராக இருக்க வல்லவர்க்கு இவ்வுலகம் உரிமை உடையது.,"Eyeless are they whose eyes with no benignant lustre shine;
Who've eyes can never lack the light of grace benign.
Men without kind looks are men without eyes; those who (really) have eyes are also not devoid of kind looks.",Benignity,கண்ணோட்டம்,அரசியல்,Royalty,WEALTH,பொருட்பால்
578,கருமஞ் சிதையாமற் கண்ணோட வல்லார்க் குரிமை உடைத்திவ் வுலகு,"The world belongs to those who do their duty unfalteringly,
while being compassionate.",தண்டித்தற்குரிய தன்மை உடையவரிடத்திலும் கண்ணோட்டம் செய்து ( அவர் செய்த குற்றத்தைப்) பொருத்துக் காக்கும் பண்பே சிறந்தது.,"Who can benignant smile, yet leave no work undone;
By them as very own may all the earth be won.
The world is theirs (kings) who are able to show kindness, without injury to their affairs, (administration of justice).",Benignity,கண்ணோட்டம்,அரசியல்,Royalty,WEALTH,பொருட்பால்
579,ஒறுத்தாற்றும் பண்பினார் கண்ணுங்கண் ணோடிப் பொறுத்தாற்றும் பண்பே தலை,"Being compassionate and patient, even with those
who hurt us, is a quality, most admirable.","எவராலும் விரும்பத்தக்க நாகரிகமான கண்ணோட்டத்தை விரும்புகின்றவர், பழகியவர் தமக்கு நஞ்சு இடக்கண்டும் அதை உண்டு அமைவர்.","To smile on those that vex, with kindly face,
Enduring long, is most excelling grace.
Patiently to bear with, and show kindness to those who grieve us, is the most excellent of all dispositions.",Benignity,கண்ணோட்டம்,அரசியல்,Royalty,WEALTH,பொருட்பால்
580,பெயக்கண்டு நஞ்சுண் டமைவர் நயத்தக்க நாகரிகம் வேண்டு பவர்,"Even after seeing poison being poured, they will consume it
and converse cordially,
they who seek to be captivatingly civilized and compassionate.",ஒற்றரும் புகழ் அமைந்த நீதிநூலும் ஆகிய இவ்விருவகைக் கருவிகளையும் அரசன் தன்னுடைய கண்களாகத் தெளியவேணடும்.,"They drink with smiling grace, though poison interfused they see,
Who seek the praise of all-esteemed courtesy.
Those who desire (to cultivate that degree of) urbanity which all shall love, even after swallowing the poison served to them by their friends, will be friendly with them.",Benignity,கண்ணோட்டம்,அரசியல்,Royalty,WEALTH,பொருட்பால்
581,ஒற்றும் உரைசான்ற நூலும் இவையிரண்டும் தெற்றென்க மன்னவன் கண்,"Intelligence operations and highly regarded books –
a king should consider them his eyes.",எல்லாரிடத்திலும் நிகழ்கின்றவை எல்லாவற்றையும் எக்காலத்திலும் (ஒற்றரைக் கொண்டு) விரைந்து அறிதல் அரசனுக்குரிய தொழிலாகும்.,"These two: the code renowned and spies,
In these let king confide as eyes.
Let a king consider as his eyes these two things, a spy and a book (of laws) universally esteemed.",Detectives,ஒற்றாடல்,அரசியல்,Royalty,WEALTH,பொருட்பால்
582,எல்லார்க்கும் எல்லாம் நிகழ்பவை எஞ்ஞான்றும் வல்லறிதல் வேந்தன் தொழில்,"Knowing everything that happens to everyone – to always gain such intelligence
at great speed is the duty of a king.",ஒற்றரால் (நாட்டு நிகழ்ச்சிகளை) அறிந்து அவற்றின் பயனை ஆராய்ந்துணராத அரசன் வெற்றிபெறத்தக்க வழி வேறு இல்லை.,"Each day, of every subject every deed,
'Tis duty of the king to learn with speed.
It is the duty of a king to know quickly (by a spy) what all happens, daily, amongst all men.",Detectives,ஒற்றாடல்,அரசியல்,Royalty,WEALTH,பொருட்பால்
583,ஒற்றினான் ஒற்றிப் பொருள்தெரியா மன்னவன் கொற்றங் கொளக்கிடந்த தில்,"There is no better way to victory for a king than
deploying spies on surveillance and gathering credible intelligence.","தம்முடைய தொழிலைச் செய்கின்றவர், தம் சுற்றத்தார், தம் பகைவர் என்றுக்கூறப்படும் எல்லாரையும் ஆராய்வதே ஒற்றரின் தொழிலாகும்.","By spies who spies, not weighing things they bring,
Nothing can victory give to that unwary king.
There is no way for a king to obtain conquests, who knows not the advantage of discoveries made by a spy.",Detectives,ஒற்றாடல்,அரசியல்,Royalty,WEALTH,பொருட்பால்
584,வினைசெய்வார் தஞ்சுற்றம் வேண்டாதா ரென்றாங் கனைவரையும் ஆராய்வ தொற்று,"Having everyone – officials, kin and foes,
under surveillance is the job of a spy.","ஐயுற முடியாத உருவத்தோடு, பார்த்தவருடைய கண் பார்வைக்கு அஞ்சாமல் எவ்விடத்திலும் மனதிலுள்ளதை வெளிப்படுத்தாமல் இருக்க வல்லவனே ஒற்றன் ஆவன்.","His officers, his friends, his enemies,
All these who watch are trusty spies.
He is a spy who watches all men, to wit, those who are in the king's employment, his relatives, and his enemies.",Detectives,ஒற்றாடல்,அரசியல்,Royalty,WEALTH,பொருட்பால்
585,கடாஅ உருவொடு கண்ணஞ்சா தியாண்டும் உகாஅமை வல்லதே ஒற்று,"A spy should be capable of inconspicuous appearance,
fearlessly looking into others’ eyes and never disclosing critical facts.","துறந்தவரின் வடிவத்தை உடையவராய், அறிய இடங்களிலெல்லாம் சென்று ஆராய்ந்து (ஐயுற்றவர்) என்ன செய்தாலும் சோர்ந்து விடாதவரே ஒற்றர் ஆவர்.","Of unsuspected mien and all-unfearing eyes,
Who let no secret out, are trusty spies.
A spy is one who is able to assume an appearance which may create no suspicion (in the minds of others), who fears no man's face, and who never reveals (his purpose).",Detectives,ஒற்றாடல்,அரசியல்,Royalty,WEALTH,பொருட்பால்
586,துறந்தார் படிவத்த ராகி இறந்தாராய்ந் தென்செயினுஞ் சோர்வில தொற்று,"A spy should be able to go incognito, as an ascetic and others,
infiltrate all places, and tirelessly gather intelligence by any means.",மறைந்த செய்திகளையும் கேட்டறிய வல்லவனாய் அறிந்த செய்திகளை ஐயப்படாமல் துணிய வல்லவனாய் உள்ளவனே ஒற்றன் ஆவான்.,"As monk or devotee, through every hindrance making way,
A spy, whate'er men do, must watchful mind display.
He is a spy who, assuming the appearance of an ascetic, goes into (whatever place he wishes), examines into (all, that is needful), and never discovers himself, whatever may be done to him.",Detectives,ஒற்றாடல்,அரசியல்,Royalty,WEALTH,பொருட்பால்
587,மறைந்தவை கேட்கவற் றாகி அறிந்தவை ஐயப்பா டில்லதே ஒற்று,"A spy should be capable of extracting top secrets nonchalantly,
and verifying their veracity beyond doubt.",ஓர் ஒற்றன் மறைந்து கேட்டுத் தெரிவித்தச் செய்தியையும் மற்றோர் ஒற்றனால் கேட்டு வரச் செய்து ஒப்புமை கண்டபின் உண்மை என்றுக் கொள்ள வேண்டும்.,"A spy must search each hidden matter out,
And full report must render, free from doubt.
A spy is one who is able to discover what is hidden and who retains no doubt concerning what he has known.",Detectives,ஒற்றாடல்,அரசியல்,Royalty,WEALTH,பொருட்பால்
588,ஒற்றொற்றித் தந்த பொருளையும் மற்றுமோர் ஒற்றினால் ஒற்றிக் கொளல்,"Ascertain even the intelligence gathered by a spy
by deploying another spy.","ஓர் ஒற்றனை மற்றோர் ஒற்றன் அறியாதபடி ஆள வேண்டும், அவ்வாறு ஆளப்பட்ட ஒற்றர் மூவரின் சொல் ஒத்திருந்தால் அவை உண்மை எனத் தெளியப்படும்.","Spying by spies, the things they tell
To test by other spies is well.
Let not a king receive the information which a spy has discovered and made known to him, until he has examined it by another spy.
",Detectives,ஒற்றாடல்,அரசியல்,Royalty,WEALTH,பொருட்பால்
589,ஒற்றொற் றுணராமை யாள்க உடன்மூவர் சொற்றொக்க தேறப் படும்,"Lead the sleuths such that they don’t know each other;
when three of them concur on an input, you know it is reliable.","ஒற்றனிடத்தில் செய்யும் சிறப்பைப் பிறர் அறியுமாறு செய்யக்கூடாது, செய்தால் மறைபொருளைத்தானே வெளிப்படுத்தியவன் ஆவான்.","One spy must not another see: contrive it so;
And things by three confirmed as truth you know.
Let a king employ spies so that one may have no knowledge of the other; and when the information of three agrees together, let him receive it.",Detectives,ஒற்றாடல்,அரசியல்,Royalty,WEALTH,பொருட்பால்
590,சிறப்பறிய ஒற்றின்கண் செய்யற்க செய்யிற் புறப்படுத்தான் ஆகும் மறை,"When you honour a spy, do it not in public; else,
you would broadcast your own secret.","ஒருவர் பெற்றிருக்கின்றார் என்று சொல்லத்தக்க சிறப்புடையது ஊக்கமாகும், ஊக்கம் இல்லாதவர் வேறு எதைப் பெற்றிருந்தாலும் அதை உடையவர் ஆவரோ.","Reward not trusty spy in others' sight,
Or all the mystery will come to light.
Let not a king publicly confer on a spy any marks of his favour; if he does, he will divulge his own secret.",Detectives,ஒற்றாடல்,அரசியல்,Royalty,WEALTH,பொருட்பால்
591,உடையர் எனப்படுவ தூக்கமஃ தில்லார் உடைய துடையரோ மற்று,"The haves are haves if they have zeal; if they have it not,
they are have-nots, whatever else they may have.","ஒருவர்க்கு ஊக்கமுடைமையே நிலையான உடைமையாகும், மற்றப் பொருளுடைமையானது நிலைபேறு இல்லாமல் நீங்கிவிடுவதாகும்.","Reward not trusty spy in others' sight,
Or all the mystery will come to light.
Let not a king publicly confer on a spy any marks of his favour; if he does, he will divulge his own secret.",Energy,ஊக்கமுடைமை,அரசியல்,Royalty,WEALTH,பொருட்பால்
592,உள்ள முடைமை உடைமை பொருளுடைமை நில்லாது நீங்கி விடும்,"Possessing passion is the true possession; all other wealth
is transient and will vanish.","ஊக்கத்தை உறுதியாகத் தம்கைப் பொருளாக உடையவர், ஆக்கம்( இழந்து விட்டக்காலத்திலும்) இழந்து விட்டோம் என்று கலங்க மாட்டார்.","The wealth of mind man owns a real worth imparts,
Material wealth man owns endures not, utterly departs.
The possession of (energy of) mind is true property; the possession of wealth passes away and abides not.",Energy,ஊக்கமுடைமை,அரசியல்,Royalty,WEALTH,பொருட்பால்
593,ஆக்கம் இழந்தேமென் றல்லாவார் ஊக்கம் ஒருவந்தங் கைத்துடை யார்,"They will not bemoan the loss of wealth,
they who have enduring zeal.",சோர்வு இல்லாத ஊக்கம் உடையவனிடத்தில் ஆக்கமானது தானே அவன் உள்ள இடத்திற்கு வழிக் கேட்டுக்கொண்டு போய்ச் சேரும்.,"Lost is our wealth,' they utter not this cry distressed,
The men of firm concentred energy of soul possessed.
They who are possessed of enduring energy will not trouble themselves, saying, ""we have lost our property.""",Energy,ஊக்கமுடைமை,அரசியல்,Royalty,WEALTH,பொருட்பால்
594,ஆக்கம் அதர்வினாய்ச் செல்லும் அசைவிலா ஊக்க முடையா னுழை,"Wealth, on its own, will find the way to reach
those with unflagging fervor.","நீர்ப்பூக்களின் தாளின் நீளம் அவை நின்ற நீரின் அளவினவாகும், மக்களின் ஊக்கத்தை அளவினதாகும் வாழ்க்கையின் உயர்வு.","The man of en ergy of soul inflexible,
Good fortune seeks him out and comes a friend to dwell.
Wealth will find its own way to the man of unfailing energy.",Energy,ஊக்கமுடைமை,அரசியல்,Royalty,WEALTH,பொருட்பால்
595,வெள்ளத் தனைய மலர்நீட்டம் மாந்தர்தம் உள்ளத் தனைய துயர்வு,"The depth of water determines how tall an aquatic plant grows;
zeal in the heart dictates how far man goes.","எண்ணுவதெல்லாம் உயர்வைப்பற்றியே எண்ண வேண்டும், அவ் வுயர்வுக் கைகூடாவிட்டாலும் அவ்வாறு எண்ணுவதை விடக்கூடாது.","With rising flood the rising lotus flower its stem unwinds;
The dignity of men is measured by their minds.
The stalks of water-flowers are proportionate to the depth of water; so is men's greatness proportionate to their minds.",Energy,ஊக்கமுடைமை,அரசியல்,Royalty,WEALTH,பொருட்பால்
596,உள்ளுவ தெல்லாம் உயர்வுள்ளல் மற்றது தள்ளினுந் தள்ளாமை நீர்த்து,"Fervently aspire for the best; even if you fail,
it is still as good as succeeding.","உடம்பை மறைக்குமளவு அம்புகளால் புண்பட்டும் யானைத் தன் பெருமையை நிலைநிறுத்தும், அதுபோல் ஊக்கம் உடையவர் அழிவு வந்தவிடத்திலும் தளர மாட்டார்.","Whate'er you ponder, let your aim be loftly still,
Fate cannot hinder always, thwart you as it will.
In all that a king thinks of, let him think of his greatness; and if it should be thrust from him (by fate), it will have the nature of not being thrust from him.",Energy,ஊக்கமுடைமை,அரசியல்,Royalty,WEALTH,பொருட்பால்
597,சிதைவிடத் தொல்கார் உரவோர் புதையம்பிற் பட்டுப்பா டூன்றுங் களிறு,"The zealous won’t flinch in the face of trouble;
the elephant, even if buried under a barrage of arrows, never relents.",ஊக்கம் இல்லாதவர் இவ்வுலகில் யாம் வண்மை உடையேம் என்றுத் தம்மைத் தான் எண்ணி மகிழும் மகிழ்ச்சியை அடையமாடடார்.,"The men of lofty mind quail not in ruin's fateful hour,
The elephant retains his dignity mind arrows' deadly shower.
The strong minded will not faint, even when all is lost; the elephant stands firm, even when wounded by a shower of arrows.",Energy,ஊக்கமுடைமை,அரசியல்,Royalty,WEALTH,பொருட்பால்
598,உள்ளம் இலாதவர் எய்தார் உலகத்து வள்ளியம் என்னுஞ் செருக்கு,"Those without zeal, will never attain
the pride of being hailed as generous.","யானை பருத்த உடம்பை உடையது, கூர்மையானக் கொம்புகளை உடையது, ஆயினும் ஊக்கமுள்ளதாகியப் புலி தாக்கினால் அதற்கு அஞ்சும்.","The soulless man can never gain
Th' ennobling sense of power with men.
Those who have no (greatness of) mind, will not acquire the joy of saying in the world, ""we have excercised liaberality"".
",Energy,ஊக்கமுடைமை,அரசியல்,Royalty,WEALTH,பொருட்பால்
599,பரியது கூர்ங்கோட்ட தாயினும் யானை வெரூஉம் புலிதாக் குறின்,"It is huge; it has sharp tusks; yet, the tusker
is frightened when the tiger attacks.","ஒருவனுக்கு வலிமையானது ஊக்க மிகுதியே, அவ்வூக்கம் இல்லாதவர் மரங்களே, (வடிவால்) மக்களைப் போல் இருத்தலே வேறுபாடு.","Huge bulk of elephant with pointed tusk all armed,
When tiger threatens shrinks away alarmed!
Although the elephant has a large body, and a sharp tusk, yet it fears the attack of the tiger.",Energy,ஊக்கமுடைமை,அரசியல்,Royalty,WEALTH,பொருட்பால்
600,உரமொருவற் குள்ள வெறுக்கையஃ தில்லார் மரமக்க ளாதலே வேறு,"Abundant zeal is one’s strength and wisdom; those without it
are trees, their human form being the only difference.","ஒருவனுக்கு தன் குடியாகிய மங்காத விளக்கு, அவனுடைய சோம்பலாகிய மாசு படிய படிய ஒளி மங்கிக் கெட்டுவிடும்.","Firmness of soul in man is real excellance;
Others are trees, their human form a mere pretence.
Energy is mental wealth; those men who are destitute of it are only trees in the form of men.",Energy,ஊக்கமுடைமை,அரசியல்,Royalty,WEALTH,பொருட்பால்
601,குடியென்னுங் குன்றா விளக்கம் மடியென்னும் மாசூர மாய்ந்து கெடும்,"The inextinguishable flame of distinguished ancestry will be put out,
if the filth of sloth starts blocking it.",தம் குடியைச் சிறப்புடைய குடியாக விளங்குமாறு செய்ய விரும்புகின்றவர் சோம்பலைச் சோம்பலாகக் கொண்டு முயற்சியுடையவராய் நடக்க வேண்டும்.,"Of household dignity the lustre beaming bright,
Flickers and dies when sluggish foulness dims its light.
By the darkness, of idleness, the indestructible lamp of family (rank) will be extinguished.",Unsluggishness,மடியின்மை,அரசியல்,Royalty,WEALTH,பொருட்பால்
602,மடியை மடியா ஒழுகல் குடியைக் குடியாக வேண்டு பவர்,"Only laziness can harm as much as laziness; treat it as such
if you wish your family to remain a family.",அழிக்கும் இயல்புடைய சோம்பலைத் தன்னிடம் கொண்டு நடக்கும் அறிவவில்லாதவன் பிறந்த குடி அவனுக்கு முன் அழிந்துவிடும்.,"Let indolence, the death of effort, die,
If you'd uphold your household's dignity.
Let those, who desire that their family may be illustrious, put away all idleness from their conduct.",Unsluggishness,மடியின்மை,அரசியல்,Royalty,WEALTH,பொருட்பால்
603,மடிமடிக் கொண்டொழுகும் பேதை பிறந்த குடிமடியுந் தன்னினு முந்து,"The imbecile who lives clutching the fatal indolence,
will see his family’s demise before his own.",சோம்பலில் அகப்பட்டு சிறந்த முயற்சி இல்லாதவராய் வாழ்கின்றவர்க்கு குடியின் பெருமை அழிந்து குற்றம் பெருகும்.,"Who fosters indolence within his breast, the silly elf!
The house from which he springs shall perish ere himself.
The (lustre of the) family of the ignorant man, who acts under the influence of destructive laziness will perish, even before he is dead.",Unsluggishness,மடியின்மை,அரசியல்,Royalty,WEALTH,பொருட்பால்
604,குடிமடிந்து குற்றம் பெருகும் மடிமடிந்து மாண்ட உஞற்றி லவர்க்கு,"A ruler who falls into the lap of laziness and doesn’t strive hard,
will witness the destruction of his subjects and an upsurge in crime.","காலம் நீட்டித்தல், சோம்பல், மறதி, அளவு மீறியத் தூக்கம் ஆகிய இந் நான்கும் கெடுகின்ற இயல்புடையவர் விரும்பி ஏறும் மரக்கலமாம்.","His family decays, and faults unheeded thrive,
Who, sunk in sloth, for noble objects doth not strive.
Family (greatness) will be destroyed, and faults will increase, in those men who give way to laziness, and put forth no dignified exertions.",Unsluggishness,மடியின்மை,அரசியல்,Royalty,WEALTH,பொருட்பால்
605,நெடுநீர் மறவி மடிதுயில் நான்கும் கெடுநீரார் காமக் கலன்,"Procrastination, neglect, sloth and slumber : these four
are the ship that is boarded lovingly by habitual losers.","நாட்டை ஆளும் தலைவருடைய உறவுத் தானே வந்து சேர்ந்தாலும், சோம்பல் உடையவர் சிறந்த பயனை அடைய முடியாது.","Delay, oblivion, sloth, and sleep: these four
Are pleasure-boat to bear the doomed to ruin's shore.
Procrastination, forgetfulness, idleness, and sleep, these four things, form the vessel which is desired by those destined to destruction.
",Unsluggishness,மடியின்மை,அரசியல்,Royalty,WEALTH,பொருட்பால்
606,படியுடையார் பற்றமைந்தக் கண்ணும் மடியுடையார் மாண்பயன் எய்தல் அரிது,"It is unlikely that the lazy will prosper,
even if they inherit the riches of an emperor.",சோம்பலை விரும்பி மேற்க் கொண்டு சிறந்த முயற்சி இல்லாதவராய் வாழ்கின்றவர் பிறர் இடித்துக் கூறி இகழ்கின்ற சொல்லைக் கேட்கும் நிலைமை அடைவர்.,"Though lords of earth unearned possessions gain,
The slothful ones no yield of good obtain.
It is a rare thing for the idle, even when possessed of the riches of kings who ruled over the whole earth, to derive any great benefit from it.",Unsluggishness,மடியின்மை,அரசியல்,Royalty,WEALTH,பொருட்பால்
607,இடிபுரிந் தெள்ளுஞ்சொற் கேட்பர் மடிபுரிந்து மாண்ட உஞற்றி லவர்,"Well-meaning rebukes will be followed by ridicule,
if one is indolent and refrains from striving hard.","சோம்பல் நல்ல குடியில் பிறந்தவனிடம் வந்து பொருந்தினால், அஃது அவனை அவனுடைய பகைவர்க்கு அடிமையாகுமாறு செய்துவிடும்.","Who hug their sloth, nor noble works attempt,
Shall bear reproofs and words of just contempt.
Those who through idleness, and do not engage themselves in dignified exertion, will subject themselves to rebukes and reproaches.",Unsluggishness,மடியின்மை,அரசியல்,Royalty,WEALTH,பொருட்பால்
608,மடிமை குடிமைக்கண் தங்கிற்றன் னென்னார்க் கடிமை புகுத்தி விடும்,"If laziness rests on a state and its rulers, it will be
enslaved by its foes.",ஒருவன் சோம்பலை ஆளுந் தன்மையை மாற்றிவிட்டால் அவனுடைய குடியிலும் ஆண்மையிலும் வந்தக் குற்றம் தீர்ந்து விடும்.,"If sloth a dwelling find mid noble family,
Bondsmen to them that hate them shall they be.
If idleness take up its abode in a king of high birth, it will make him a slave of his enemies.",Unsluggishness,மடியின்மை,அரசியல்,Royalty,WEALTH,பொருட்பால்
609,குடியாண்மை யுள்வந்த குற்றம் ஒருவன் மடியாண்மை மாற்றக் கெடும்,"The ills that befell his state and leadership,
will vanish if one gives up his indolence.",அடியால் உலகத்தை அளந்த கடவுள் தாவியப் பரப்பு எல்லாவற்றையும் சோம்பல் இல்லாத அரசன் ஒரு சேர அடைவான்.,"Who changes slothful habits saves
Himself from all that household rule depraves.
When a man puts away idleness, the reproach which has come upon himself and his family will disappear.",Unsluggishness,மடியின்மை,அரசியல்,Royalty,WEALTH,பொருட்பால்
610,மடியிலா மன்னவன் எய்தும் அடியளந்தான் தாஅய தெல்லாம் ஒருங்கு,"The ruler who has no sloth will attain all that was attained by
the one who measured the world with his feet.","இது செய்வதற்கு அருமையாகாது என்று சோர்வுறாமல் இருக்க வேண்டும், அதைச் செய்வதற்க்குத் தக்க பெருமையை முயற்சி உண்டாக்கும்,","The king whose life from sluggishness is ri d,
Shall rule o'er all by foot of mighty god bestrid.
The king who never gives way to idleness will obtain entire possession of (the whole earth) passed over by him who measured (the worlds) with His foot.",Unsluggishness,மடியின்மை,அரசியல்,Royalty,WEALTH,பொருட்பால்
611,அருமை உடைத்தென் றசாவாமை வேண்டும் பெருமை முயற்சி தரும்,"Shun not a task because it is tough;
perseverance brings respect.","தொழிலாகிய குறையைச் செய்யாமல் கைவிட்டவரை உலகம் கைவிடும், ஆகையால் தொழில் முயற்சி இல்லாதிருத்தலை ஒழிக்க வேண்டும்.","Say not, 'Tis hard', in weak, desponding hour,
For strenuous effort gives prevailing power.
Yield not to the feebleness which says, ""this is too difficult to be done""; labour will give the greatness (of mind) which is necessary (to do it).", Manly Effort,ஆள்வினையுடைமை,அரசியல்,Royalty,WEALTH,பொருட்பால்
612,வினைக்கண் வினைகெடல் ஓம்பல் வினைக்குறை தீர்ந்தாரின் தீர்ந்தன் றுலகு,"The world deserts those who desert an essential task;
while executing, don’t wilt and let the task fail.",பிறர்க்கு உதவிசெய்தல் என்னும் மேம்பட்ட நிலைமை முயற்சி என்று சொல்லப்படுகின்ற உயர்ந்த பண்பில் நிலைத்திருக்கின்றது.,"In action be thou, 'ware of act's defeat;
The world leaves those who work leave incomplete!
Take care not to give up exertion in the midst of a work; the world will abandon those who abandon their unfinished work.", Manly Effort,ஆள்வினையுடைமை,அரசியல்,Royalty,WEALTH,பொருட்பால்
613,தாளாண்மை என்னுந் தகைமைக்கண் தங்கிற்றே வேளாண்மை என்னுஞ் செருக்கு,"The greatness of benevolence rests on those
who have the quality of perseverance.","முயற்சி இல்லாதவன் உதவிசெய்பவனாக இருத்தல், பேடி தன் கையில் வாளை எடுத்தும் ஆளும் தன்மைபோல் நிறைவேறாமல் போகும்.","In strenuous effort doth reside
The power of helping others: noble pride!
The lustre of munificence will dwell only with the dignity of laboriousness or efforts.", Manly Effort,ஆள்வினையுடைமை,அரசியல்,Royalty,WEALTH,பொருட்பால்
614,தாளாண்மை இல்லாதான் வேளாண்மை பேடிகை வாளாண்மை போலக் கெடும்,"Benevolence of the person without persistence,
will turn futile like a sword in the hands of a coward.","தன் இன்பத்தை விரும்பாதவனாய் மேற்க்கொண்டச் செயலை முடிக்க விரும்புகிறவன், தன் சுற்றத்தாரின் துன்பத்தைப் போக்கித் தாங்குகின்ற தூண் ஆவான்.","Beneficent intent in men by whom no strenuous work is wrought,
Like battle-axe in sexless being's hand availeth nought.
The liberality of him, who does not labour, will fail, like the manliness of a hermaphrodite, who has a sword in its hand.", Manly Effort,ஆள்வினையுடைமை,அரசியல்,Royalty,WEALTH,பொருட்பால்
615,இன்பம் விழையான் வினைவிழைவான் தன்கேளிர் துன்பம் துடைத்தூன்றும் தூண்,"Forsaking gratification, he who perseveres,
is a pillar for one’s kin – wiping and bearing their woes.","முயற்சி ஒருவனுக்குச் செல்வத்தைப் பெருகச் செய்யும், முயற்சி இல்லாதிருத்தல் அவனுக்கு வறுமையைச் சேர்த்துவிடும்.","Whose heart delighteth not in pleasure, but in action finds delight,
He wipes away his kinsmen's grief and stands the pillar of their might.
He who desires not pleasure, but desires labour, will be a pillar to sustain his relations, wiping away their sorrows.", Manly Effort,ஆள்வினையுடைமை,அரசியல்,Royalty,WEALTH,பொருட்பால்
616,முயற்சி திருவினை ஆக்கும் முயற்றின்மை இன்மை புகுத்தி விடும்,"Effort creates wealth; lack of it
induces poverty.","ஒருவனுடைய சோம்பலில் கரிய மூதேவி வாழ்கின்றாள், சோம்பல் இல்லாதவனுடைய முயற்சியிலே திருமகள் வாழ்கின்றாள்.","Effort brings fortune's sure increase,
Its absence brings to nothingness.
Labour will produce wealth; idleness will bring poverty.", Manly Effort,ஆள்வினையுடைமை,அரசியல்,Royalty,WEALTH,பொருட்பால்
617,மடியுளாள் மாமுகடி என்ப மடியிலான் தாளுளாள் தாமரையி னாள்,"Thus they speak : the angel of poverty resides with the sluggard;
the lotus-residing angel of wealth rests on the efforts of the unsluggish.","நன்மை விளைவிக்கும் ஊழ் இல்லாதிருத்தல் யார்க்கும் பழி அன்று, அறிய வேண்டியவற்றை அறிந்து முயற்சி செய்யாதிருத்தலே பழி.","In sluggishness is seen misfortune's lurid form, the wise declare;
Where man unslothful toils, she of the lotus flower is there!
They say that the black Mudevi (the goddess of adversity) dwells with laziness, and the Latchmi (the goddess of prosperity) dwells with the labour of the industrious.", Manly Effort,ஆள்வினையுடைமை,அரசியல்,Royalty,WEALTH,பொருட்பால்
618,பொறியின்மை யார்க்கும் பழியன் றறிவறிந் தாள்வினை இன்மை பழி,"Lack of good fortune brings not disgrace; not gaining requisite knowledge,
and not persisting, is disgraceful.","ஊழியின் காரணத்தால் ஒரு செயல் செய்ய முடியாமல் போகுமாயினும், முயற்சி தன் உடம்பு வருந்திய வருத்தத்தின் கூலியையாவது கொடுக்கும்.","Tis no reproach unpropitious fate should ban;
But not to do man's work is foul disgrace to man!
Adverse fate is no disgrace to any one; to be without exertion and without knowing what should be known, is disgrace.", Manly Effort,ஆள்வினையுடைமை,அரசியல்,Royalty,WEALTH,பொருட்பால்
619,தெய்வத்தான் ஆகா தெனினும் முயற்சிதன் மெய்வருத்தக் கூலி தரும்,"Even if god has given up, perseverance will pay
the wages for one’s efforts.","சோர்வு இல்லாமல் முயற்சியில் குறைவு இல்லாமல் முயல்கின்றவர்,(செயலுக்கு இடையூறாக வரும்)ஊழையும் ஒரு காலத்தில் தோல்வியுறச் செய்யும்.","Though fate-divine should make your labour vain;
Effort its labour's sure reward will gain.
Although it be said that, through fate, it cannot be attained, yet labour, with bodily exertion, will yield its reward.", Manly Effort,ஆள்வினையுடைமை,அரசியல்,Royalty,WEALTH,பொருட்பால்
620,ஊழையும் உப்பக்கங் காண்பர் உலைவின்றித் தாழா துஞற்று பவர்,"They will defeat and see the back of ool (fate) –
they who persevere resolutely without respite.","துன்பம் வரும்போது (அதற்காக கலங்காமல்) நகுதல் வேண்டும், அத் துன்பத்தை எதிர்த்து வெல்லவல்லது அதைப் போன்றது வேறு இல்லை.","Who strive with undismayed, unfaltering mind,
At length shall leave opposing fate behind.
They who labour on, without fear and without fainting will see even fate (put) behind their back.
-------------", Manly Effort,ஆள்வினையுடைமை,அரசியல்,Royalty,WEALTH,பொருட்பால்
621,இடுக்கண் வருங்கால் நகுக அதனை அடுத்தூர்வ தஃதொப்ப தில்,"Smile in times of trouble; it is without equal,
in repeatedly trouncing trouble.","வெள்ளம் போல் அளவற்றதாய் வரும் துன்பமும், அறிவுடையவன் தன் உள்ளத்தினால் அத் துன்பத்தின் இயல்பை நினைத்த அளவில் கெடும்.","Smile, with patient, hopeful heart, in troublous hour;
Meet and so vanquish grief; nothing hath equal power.
If troubles come, laugh; there is nothing like that, to press upon and drive away sorrow.",Hopefulness in Trouble,இடுக்கண் அழியாமை,அரசியல்,Royalty,WEALTH,பொருட்பால்
622,வெள்ளத் தனைய இடும்பை அறிவுடையான் உள்ளத்தின் உள்ளக் கெடும்,"Floods of tribulation will be wiped away,
when the wise set their minds on overcoming it.",துன்பம் வந்த போது அதற்க்காக வருந்திக் கலங்காதவர் அந்தத் துன்பத்திற்கே துன்பம் உண்டாக்கி அதை வென்று விடுவார்.,"Though sorrow, like a flood, comes rolling on,
When wise men's mind regards it,- it is gone.
A flood of troubles will be overcome by the (courageous) thought which the minds of the wise will entertain, even in sorrow.",Hopefulness in Trouble,இடுக்கண் அழியாமை,அரசியல்,Royalty,WEALTH,பொருட்பால்
623,இடும்பைக் கிடும்பை படுப்பர் இடும்பைக் கிடும்பை படாஅ தவர்,"They will torment the torment, those who
don’t get tormented by torment.",தடைபட்ட இடங்களில் எல்லாம் (வண்டியை இழுத்துச் செல்லும்) எருதுபோல் விடாமுயற்சி உடையவன் உற்றத் துன்பமே துன்பப்படுவதாகும்.,"Who griefs confront with meek, ungrieving heart,
From them griefs, put to grief, depart.
They give sorrow to sorrow, who in sorrow do not suffer sorrow.",Hopefulness in Trouble,இடுக்கண் அழியாமை,அரசியல்,Royalty,WEALTH,பொருட்பால்
624,மடுத்தவா யெல்லாம் பகடன்னான் உற்ற இடுக்கண் இடர்ப்பா டுடைத்து,"Whenever stuck in a mire, if one chugs along like a bull,
trouble will be distressed.",விடாமல் மேன் மேலும் துன்பம் வந்தபோதிலும் கலங்காமலிருக்கும் ஆற்றலுடையவன் அடைந்த துன்பமே துன்பப்பட்டு போகும்.,"Like bullock struggle on through each obstructed way;
From such an one will troubles, troubled, roll away.
Troubles will vanish (i.e., will be troubled) before the man who (struggles against difficulties) as a buffalo (drawing a cart) through deep mire.",Hopefulness in Trouble,இடுக்கண் அழியாமை,அரசியல்,Royalty,WEALTH,பொருட்பால்
625,அடுக்கி வரினும் அழிவிலான் உற்ற இடுக்கண் இடுக்கட் படும்,"Even under an onslaught of adversities, if one is unfazed,
his torments will be tormented.",செல்வம் வந்த போது இதைப்பெற்றோமே என்று பற்றுக்கொண்டு காத்தறியாதவர் வறுமை வந்த போது இழந்தோமே என்று அல்லல்படுவரோ.,"When griefs press on, but fail to crush the patient heart,
Then griefs defeated, put to grief, depart.
The troubles of that man will be troubled (and disappear) who, however thickly they may come upon him , does not abandon (his purpose).",Hopefulness in Trouble,இடுக்கண் அழியாமை,அரசியல்,Royalty,WEALTH,பொருட்பால்
626,அற்றேமென் றல்லற் படுபவோ பெற்றேமென் றோம்புதல் தேற்றா தவர்,"Will they be distressed by poverty – those who, in times of wealth,
don’t stingily cling to their wealth?","மேலோர், உடம்பு துன்பத்திற்கு இலக்கமானது என்று உணர்ந்து, (துன்பம் வந்த போது) கலங்குவதை ஒழுக்க நெறியாகக் கொள்ளமாட்டர்.","Who boasted not of wealth, nor gave it all their heart,
Will not bemoan the loss, when prosperous days depart.
Will those men ever cry out in sorrow, ""we are destitute"" who, (in their prosperity), give not way to (undue desire) to keep their wealth.",Hopefulness in Trouble,இடுக்கண் அழியாமை,அரசியல்,Royalty,WEALTH,பொருட்பால்
627,இலக்கம் உடம்பிடும்பைக் கென்று கலக்கத்தைக் கையாறாக் கொள்ளாதாம் மேல்,"Knowing that the human body is ever a target for afflictions,
the wise will not be distressed by distress.","இன்பமானதை விரும்பாதவனாய்த் துன்பம் இயற்கையானது என்று தெளிந்திருப்பவன், துன்பம் வந்த போது துன்ப முறுவது இல்லை.","Man's frame is sorrow's target', the noble mind reflects,
Nor meets with troubled mind the sorrows it expects.
The great will not regard trouble as trouble, knowing that the body is the butt of trouble.
",Hopefulness in Trouble,இடுக்கண் அழியாமை,அரசியல்,Royalty,WEALTH,பொருட்பால்
628,இன்பம் விழையான் இடும்பை இயல்பென்பான் துன்ப முறுதல் இலன்,"He who yearns not for pleasures, dismisses adversities as inevitable,
will never be distressed.",இன்பம் வந்திக் காலத்தில் அந்த இன்பத்தை விரும்பிப் போற்றாதவன் துன்பம் வந்த காலத்தில் அந்தத் துன்பத்தை அடைவது இல்லை.,"He seeks not joy, to sorrow man is born, he knows;
Such man will walk unharmed by touch of human woes.
That man never experiences sorrow, who does not seek for pleasure, and who considers distress to be natural (to man).",Hopefulness in Trouble,இடுக்கண் அழியாமை,அரசியல்,Royalty,WEALTH,பொருட்பால்
629,இன்பத்துள் இன்பம் விழையாதான் துன்பத்துள் துன்ப முறுதல் இலன்,"He who yearns not for pleasure in joyous times, will not
be distressed in times of sorrow.",ஒருவன் துன்பத்தையே தனக்கு இன்பமாகக் கருதிக்கொள்வானானால் அவனுடைய பகைவரும் விரும்பத்தக்க சிறப்பு உண்டாகும்.,"Mid joys he yields not heart to joys' control.
Mid sorrows, sorrow cannot touch his soul.
He does not suffer sorrow, in sorrow who does not look for pleasure in pleasure.",Hopefulness in Trouble,இடுக்கண் அழியாமை,அரசியல்,Royalty,WEALTH,பொருட்பால்
630,இன்னாமை இன்பம் எனக்கொளின் ஆகுந்தன் ஒன்னார் விழையுஞ் சிறப்பு,"If one accepts adversities as pleasures,
his adversaries too will acclaim him.","செயலுக்கு உரிய கருவியும், ஏற்றக் காலமும், செய்யும் வகையும் செய்யப்படும் அறியச் செயலும் சிறப்படையச் செய்ய வல்லவன் அமைச்சன்.","Who pain as pleasure takes, he shall acquire
The bliss to which his foes in vain aspire.
The elevation, which even his enemies will esteem, will be gained by him, who regards pain as pleasure.",Hopefulness in Trouble,இடுக்கண் அழியாமை,அரசியல்,Royalty,WEALTH,பொருட்பால்
631,கருவியும் காலமும் செய்கையும் செய்யும் அருவினையும் மாண்ட தமைச்சு,"A minister is one who can envisage rare deeds,
the resources and time entailed, and the means to execute.","அஞ்சாமையும், குடிபிறப்பும், காக்கும் திறனும், கற்றறிந்த அறிவும் முயற்சியும் ஆகிய இவ்வைந்தும் திருந்தப்பெற்றவன் அமைச்சன்.","A minister is he who grasps, with wisdom large,
Means, time, work's mode, and functions rare he must discharge.
The minister is one who can make an excellent choice of means, time, manner of execution, and the difficult undertaking (itself).",The Office of Minister of state,அமைச்சு,அமைச்சு இயல்,Ministers of State,WEALTH,பொருட்பால்
632,வன்கண் குடிகாத்தல் கற்றறிதல் ஆள்வினையோ டைந்துடன் மாண்ட தமைச்சு,"Resolve, protecting the citizens, learning and perseverance –
a minister is one who is capable in these too.","பகைவர்ககு துணையானவரைப் பிரித்தலும், தம்மிடம் உள்ளவரைக் காத்தலும், பிரிந்து கொண்டவரை மீண்டும் சேர்த்துக்கொள்ளலும் வல்லவன் அமைச்சன்.","A minister must greatness own of guardian power, determined mind,
Learn'd wisdom, manly effort with the former five combined.
The minister is one who in addition to the aforesaid five things excels in the possession of firmness, protection of subjects, clearness by learning, and perseverance.
",The Office of Minister of state,அமைச்சு,அமைச்சு இயல்,Ministers of State,WEALTH,பொருட்பால்
633,பிரித்தலும் பேணிக் கொளலும் பிரிந்தார்ப் பொருத்தலும் வல்ல தமைச்சு,"A minister is adept at these :
splitting the foes, binding the allies, and uniting the estranged.","(செய்யத்தக்க செயலை) ஆராய்தலும், அதற்குரிய வழிகளை ஆராய்ந்து செய்தலும், துணிவாகக் கருத்தைச் சொல்லுதலும் வல்லவன் அமைச்சன்.","A minister is he whose power can foes divide,
Attach more firmly friends, of severed ones can heal the breaches wide.
The minister is one who can effect discord (among foes), maintain the good-will of his friends and restore to friendship those who have seceded (from him).",The Office of Minister of state,அமைச்சு,அமைச்சு இயல்,Ministers of State,WEALTH,பொருட்பால்
634,தெரிதலுந் தேர்ந்து செயலும் ஒருதலையாச் சொல்லலும் வல்ல தமைச்சு,"A minister should be proficient in assessing,
executing and articulating unequivocally.","அறத்தை அறிந்தவனாய், அறிவு நிறைந்து அமைந்த சொல்லை உடையவனாய், எக்காலத்திலும் செயல்செய்யும் திறன் அறிந்தவனாய் உள்ளவன் ஆராய்ந்து கூறும் துணையாவான்.","A minister has power to see the methods help afford,
To ponder long, then utter calm conclusive word.
The minister is one who is able to comprehend (the whole nature of an undertaking), execute it in the best manner possible, and offer assuring advice (in time of necessity).
",The Office of Minister of state,அமைச்சு,அமைச்சு இயல்,Ministers of State,WEALTH,பொருட்பால்
635,அறனறிந் தான்றமைந்த சொல்லானெஞ் ஞான்றுந் திறனறிந்தான் தேர்ச்சித் துணை,"He knows righteousness; he can enunciate eruditely;
he is always adroit at execution : he is an apt counsellor.",இயற்கையான நுட்ப அறிவை நூலறிவோடு ஒருங்கே உடையவர்க்கு மிக்க நுட்பமான சூழ்ச்சிகளாய் முன் நிற்பவை எவை உள்ளன.,"The man who virtue knows, has use of wise and pleasant words.
With plans for every season apt, in counsel aid affords.
He is the best helper (of the king) who understanding the duties, of the latter, is by his special learning, able to tender the fullest advice, and at all times conversant with the best method (of
performing actions).",The Office of Minister of state,அமைச்சு,அமைச்சு இயல்,Ministers of State,WEALTH,பொருட்பால்
636,மதிநுட்ப நூலோ டுடையார்க் கதிநுட்பம் யாவுள முன்னிற் பவை,"For one who has an impressive intellect, and is well-read,
is there any task that can be extremely challenging?",நூலறிவால் செயலைச் செய்யும் வகைகளைச் அறிந்த போதிலும் உலகத்தின் இயற்கையை அறிந்து அதனோடு பொருந்துமாறு செய்யவேண்டும்.,"When native subtilty combines with sound scholastic lore,
'Tis subtilty surpassing all, which nothing stands before.
What (contrivances) are there so acute as to resist those who possess natural acuteness in addition to learning ?.",The Office of Minister of state,அமைச்சு,அமைச்சு இயல்,Ministers of State,WEALTH,பொருட்பால்
637,செயற்கை அறிந்தக் கடைத்து முலகத் தியற்கை அறிந்து செயல்,"Even if you know well how to do a task,
do it knowing the nature of your world.","அறிவுறுத்துவாரின் அறிவையையும் அழித்துத் தானும் அறியாதவனாக அரசன் இருந்தாலும், அமைச்சன் அவனுக்கு உறுதியானவற்றை எடுத்துக்கூறல் க‌டமையாகும்.","Though knowing all that books can teach, 'tis truest tact
To follow common sense of men in act.
Though you are acquainted with the (theoretical) methods (of performing an act), understand the ways of the world and act accordingly.",The Office of Minister of state,அமைச்சு,அமைச்சு இயல்,Ministers of State,WEALTH,பொருட்பால்
638,அறிகொன் றறியான் எனினும் உறுதி உழையிருந்தான் கூறல் கடன்,"Even when the king stubs out the wise counsel,
and knows not by himself, it is the duty of the minister to advise firmly.",தவறான வழிகளை எண்ணி கூறுகின்ற அமைச்சனை விட எழுபது கோடி பகைவர் பக்கத்தில் இருந்தாலும் நன்மையாகும்.,"Tis duty of the man in place aloud to say
The very truth, though unwise king may cast his words away.
Although the king be utterly ignorant, it is the duty of the minister to give (him) sound advice.",The Office of Minister of state,அமைச்சு,அமைச்சு இயல்,Ministers of State,WEALTH,பொருட்பால்
639,பழுதெண்ணும் மந்திரியிற் பக்கத்துள் தெவ்வோர் எழுபது கோடி உறும்,"It is better to face 700 million foes
than have a scheming minister.","(செயல்களைச் முடிக்கும்) திறன் இல்லாதவர், முன்னே எண்ணி வைத்திருந்தும் (செய்யும் போது) குறையானவைகளையேச் செய்வர்.","A minister who by king's side plots evil things
Worse woes than countless foemen brings.
Far better are seventy crores of enemies (for a king) than a minister at his side who intends (his) ruin.
",The Office of Minister of state,அமைச்சு,அமைச்சு இயல்,Ministers of State,WEALTH,பொருட்பால்
640,முறைப்படச் சூழ்ந்து முடிவிலவே செய்வர் திறப்பா டிலாஅ தவர்,"They plan meticulously but yet can’t take it to completion,
those who are poor at execution.","நாவன்மையாகிய நலம் ஒருவகைச் செல்வம் ஆகும், அந்த நாநலம் தனிச்சிறப்புடையது, ஆகையால் மற்ற எந்த நலங்களிலும் அடங்குவது அன்று.","For gain of end desired just counsel nought avails
To minister, when tact in execution fails.
Those ministers who are destitute of (executive) ability will fail to carry out their projects, although they may have contrived aright.",The Office of Minister of state,அமைச்சு,அமைச்சு இயல்,Ministers of State,WEALTH,பொருட்பால்
641,நாநல மென்னும் நலனுடைமை அந்நலம் யாநலத் துள்ளதூஉம் அன்று,"The benefits of a gifted tongue, outclass
the benefits of anything else.",ஆக்கமும் கேடும் சொல்லுகின்ற சொல்லால் வருவதால் ஒருவன் தன்னுடைய சொல்லிற்க்கு தவறு நேராமல் காத்துக்கொள்ள வேண்டும்,"A tongue that rightly speaks the right is greatest gain,
It stands alone midst goodly things that men obtain.
The possession of that goodness which is called the goodness of speech is (even to others) better than any other goodness.", Power in Speech,சொல்வன்மை,அமைச்சு இயல்,Ministers of State,WEALTH,பொருட்பால்
642,ஆக்கமுங் கேடும் அதனால் வருதலாற் காத்தோம்பல் சொல்லின்கட் சோர்வு,"It creates and destructs; hence
ensure there is never a blemish in your speech.","சொல்லும் போது கேட்டவரைத் தன் வயப்படுத்தும் பண்புகளுடன், கேட்காதவரும் கேட்க விரும்புமாறு கூறப்படுவது சொல்வன்மையாகும்.","Since gain and loss in life on speech depend,
From careless slip in speech thyself defend.
Since (both) wealth and evil result from (their) speech, ministers should most carefully guard themselves against faultiness therein.", Power in Speech,சொல்வன்மை,அமைச்சு இயல்,Ministers of State,WEALTH,பொருட்பால்
643,கேட்டார்ப் பிணிக்கும் தகையவாய்க் கேளாரும் வேட்ப மொழிவதாம் சொல்,"Speak with such quality that it binds those who lend their ears,
and casts a spell on even those who don’t.","சொல்லின் திறத்தை அறிந்து சொல்லை வழங்க வேண்டும், அத் தகைய சொல்வன்மையை விடச் சிறந்த அறமும் பொருளும் இல்லை.","Tis speech that spell-bound holds the listening ear,
While those who have not heard desire to hear.
The (minister's) speech is that which seeks (to express) elements as bind his friends (to himself) and is so delivered as to make even his enemies desire (his friendship).", Power in Speech,சொல்வன்மை,அமைச்சு இயல்,Ministers of State,WEALTH,பொருட்பால்
644,திறனறிந்து சொல்லுக சொல்லை அறனும் பொருளும் அதனினூஉங் கில்,"Speak words that befit the capabilities;
there is no greater virtue and wealth than that.",வேறோரு சொல் அந்தச் சொல்லை வெல்லும் சொல்லாக இல்லாதிருந்தால் அறிந்த பிறகே சொல்லக்கருதியதைச் சொல்லவேண்டும்.,"Speak words adapted well to various hearers' state;
No higher virtue lives, no gain more surely great.
Understand the qualities (of your hearers) and (then) make your speech; for superior to it, there is neither virtue nor wealth.", Power in Speech,சொல்வன்மை,அமைச்சு இயல்,Ministers of State,WEALTH,பொருட்பால்
645,சொல்லுக சொல்லைப் பிறிதோர்சொல் அச்சொல்லை வெல்லுஞ்சொல் இன்மை அறிந்து,"Say a word such that no other word
can surpass that word.",பிறர் விரும்பும் படியாகத் தாம் சொல்லின் பிறர் சொல்லும் போது அச் சொல்லின் பயனை ஆராய்ந்து கொள்ளுதல் மாசற்ற சிறப்புடையவரின் கொள்கையாகும்.,"Speak out your speech, when once 'tis past dispute
That none can utter speech that shall your speech refute.
Deliver your speech, after assuring yourself that no counter speech can defeat your own.", Power in Speech,சொல்வன்மை,அமைச்சு இயல்,Ministers of State,WEALTH,பொருட்பால்
646,வேட்பத்தாஞ் சொல்லிப் பிறர்சொற் பயன்கோடல் மாட்சியின் மாசற்றார் கோள்,"Speaking alluring words, and seeking to learn when others speak,
is the way of those with impeccable qualities.","தான் கருதியவற்றை நன்கு சொல்ல வல்லவனாய் சொல்லும் போது சோர்வு இல்லாதவனாய், அஞ்சாதவனாய் உள்ளவனை மாறுபாட்டால் வெல்வது யார்க்கும் முடியாது.","Charming each hearer's ear, of others' words to seize the sense,
Is method wise of men of spotless excellence.
It is the opinion of those who are free from defects in diplomacy that the minister should speak so as to make his hearers desire (to hear more) and grasp the meaning of what he hears himself.", Power in Speech,சொல்வன்மை,அமைச்சு இயல்,Ministers of State,WEALTH,பொருட்பால்
647,சொலல்வல்லன் சோர்விலன் அஞ்சா னவனை இகல்வெல்லல் யார்க்கும் அரிது,"If he is capable with words, tireless,and fearless;
it is impossible to confront and defeat him.","கருத்துக்களை ஒழுங்காகக் கோர்த்து இனியாக சொல்ல வல்லவரைப் பெற்றால், உலகம் விரைந்து அவருடைய ஏவலைக் கேட்டு நடக்கும்.","Mighty in word, of unforgetful mind, of fearless speech,
'Tis hard for hostile power such man to overreach.
It is impossible for any one to conquer him by intrique who possesses power of speech, and is neither faulty nor timid.", Power in Speech,சொல்வன்மை,அமைச்சு இயல்,Ministers of State,WEALTH,பொருட்பால்
648,விரைந்து தொழில்கேட்கும் ஞாலம் நிரந்தினிது சொல்லுதல் வல்லார்ப் பெறின்,"The world will instantly pay heed to those
who can speak coherently and pleasingly.","குற்றமற்றவையாகியச் சில சொற்களைச் சொல்லத் தெரியாதவர், உண்மையாகவே பலச் சொற்களைச் சொல்லிக்கொண்டிருக்க விரும்புவர்.","Swiftly the listening world will gather round,
When men of mighty speech the weighty theme propound.
If there be those who can speak on various subjects in their proper order and in a pleasing manner, the world would readily accept them.", Power in Speech,சொல்வன்மை,அமைச்சு இயல்,Ministers of State,WEALTH,பொருட்பால்
649,பலசொல்லக் காமுறுவர் மன்றமா சற்ற சிலசொல்லல் தேற்றா தவர்,"Those who know not how to converse clearly and flawlessly in a few words,
love to speak profusely.","தாம் கற்ற நூற்ப் பொருளைப் பிறர் உணருமாறு விரிந்துரைக்க முடியாதவர், கொத்தாக மலர்ந்திருந்த போதிலும் மணம் கமழாத மலரைப் போன்றவர்.","Who have not skill ten faultless words to utter plain,
Their tongues will itch with thousand words man's ears to pain.
They will desire to utter many words, who do not know how to speak a few faultless ones.", Power in Speech,சொல்வன்மை,அமைச்சு இயல்,Ministers of State,WEALTH,பொருட்பால்
650,இணரூழ்த்து நாறா மலரனையர் கற்ற துணர விரிந்துரையா தார்,"Those who cannot convey, and make others comprehend, what they have learnt,
are like a bunch of bloomed flowers that have no fragrance.","ஒருவனுக்கு வாய்த்த துணையின் நன்மை ஆக்கத்தைக் கொடுக்கும், செய்யும் வினையின் நன்மை அவன் விரும்பிய எல்லாவற்றையும் கொடுக்கும்.","Like scentless flower in blooming garland bound
Are men who can't their lore acquired to other's ears expound.
Those who are unable to set forth their acquirements (before others) are like flowers blossoming in a cluster and yet without fragrance.", Power in Speech,சொல்வன்மை,அமைச்சு இயல்,Ministers of State,WEALTH,பொருட்பால்
651,துணைநலம் ஆக்கந் தரூஉம் வினைநலம் வேண்டிய எல்லாந் தரும்,"Good companions lead to valuable gains,
and good deeds lead to everything needed.",புகழையும் அறத்தையும் தாராத (தூய்மை அற்ற) செயல்களை எக்காலத்திலும் ஒருவன் செய்யாமல் விட்டொழிக்க வேண்டும்.,"The good external help confers is worldly gain;
By action good men every needed gift obtain.
The efficacy of support will yield (only) wealth; (but) the efficacy of action will yield all that is desired.",Purity in Action,வினைத்தூய்மை,அமைச்சு இயல்,Ministers of State,WEALTH,பொருட்பால்
652,என்றும் ஒருவுதல் வேண்டும் புகழொடு நன்றி பயவா வினை,"They should be desisted from forever:
deeds not leading to the good and yielding fame.",மேன்மேலும் உயர்வோம் என்று விரும்பி முயல்கின்றவர் தம்முடைய புகழ் கெடுவதற்குக் காரணமான செயலைச் செய்யாமல் விட வேண்டும்.,"From action evermore thyself restrain
Of glory and of good that yields no gain.
Ministers should at all times avoid acts which, in addition to fame, yield no benefit (for the future).",Purity in Action,வினைத்தூய்மை,அமைச்சு இயல்,Ministers of State,WEALTH,பொருட்பால்
653,ஓஒதல் வேண்டும் ஒளிமாழ்குஞ் செய்வினை ஆஅது மென்னு மவர்,"They who seek greater heights
should shun deeds that dent their reputation.","அசைவற்ற ‌தெளிந்த அறிவினையுடையவர், துன்பத்தில் சிக்குண்டாலும் (அத் துன்பத்தைத் தீர்ப்பதற்க்காகவும்) இழிவானச் செயல்களைச் செய்யமாட்டார்.","Who tell themselves that nobler things shall yet be won
All deeds that dim the light of glory must they shun.
Those who say, ""we will become (better)"" should avoid the performance of acts that would destroy (their fame).",Purity in Action,வினைத்தூய்மை,அமைச்சு இயல்,Ministers of State,WEALTH,பொருட்பால்
654,இடுக்கண் படினும் இளிவந்த செய்யார் நடுக்கற்ற காட்சி யவர்,"Even in distress, they won’t do deplorable deeds,
those with unfaltering clarity and vision.","பிறகு நினைத்து வருந்துவதற்குக் காரணமானச் செயல்களைச் செய்யக் கூடாது, ஒரு கால் தவறிச் செய்தாலும் மீண்டும் அத் தன்மையானவற்றைச் செய்யாதிருத்தல் நல்லது.","Though troubles press, no shameful deed they do,
Whose eyes the ever-during vision view.
Those who have infallible judgement though threatened with peril will not do acts which have brought disgrace (on former ministers).",Purity in Action,வினைத்தூய்மை,அமைச்சு இயல்,Ministers of State,WEALTH,பொருட்பால்
655,எற்றென் றிரங்குவ செய்யற்க செய்வானேல் மற்றன்ன செய்யாமை நன்று,"‘What have I done?’ – do not do deeds leading to such regret;
even if you do, do not ever repeat them.","பெற்ற தாயின் பசியைக் கண்டு வருந்த நேர்ந்தாலும், சான்றோர் பழிப்பதற்குக் காரணமான இழிவுற்றச் செயல்களைச் செய்யக்கூடாது.","Do nought that soul repent ing must deplore,
If thou hast sinned, 'tis well if thou dost sin no more.
Let a minister never do acts of which he would have to grieve saying, ""what is this I have done""; (but) should he do (them), it were good that he grieved not.",Purity in Action,வினைத்தூய்மை,அமைச்சு இயல்,Ministers of State,WEALTH,பொருட்பால்
656,ஈன்றாள் பசிகாண்பான் ஆயினுஞ் செய்யற்க சான்றோர் பழிக்கும் வினை,"Even when you see your mother starving,
don’t do deeds deplored by those, noble and respected.",பழியை மேற்கொண்டு இழிதொழில் செய்து பெறும் செல்வத்தை விடச் சான்றோர் வினைத்தூய்மையோடிருந்து பெறும் பொல்லாத வறுமையே சிறந்தது.,"Though her that bore thee hung'ring thou behold, no deed
Do thou, that men of perfect soul have crime decreed.
Though a minister may see his mother starve; let him do not act which the wise would (treat with contempt).
",Purity in Action,வினைத்தூய்மை,அமைச்சு இயல்,Ministers of State,WEALTH,பொருட்பால்
657,பழிமலைந் தெய்திய ஆக்கத்திற் சான்றோர் கழிநல் குரவே தலை,"Far better than ill-gotten wealth is
the extreme poverty fallen on the noble and exemplary.","ஆகாதவை என விலக்கப்பட்ட செயல்களை விலக்கிவிடாமல் மேற்கொண்டு செய்தவர்க்கும், அச் செயல் நிறைவேறினாலும் துன்பமே கொடுக்கும்.","Than store of wealth guilt-laden souls obtain,
The sorest poverty of perfect soul is richer gain.
Far more excellent is the extreme poverty of the wise than wealth obtained by heaping up of sinful deeds.",Purity in Action,வினைத்தூய்மை,அமைச்சு இயல்,Ministers of State,WEALTH,பொருட்பால்
658,கடிந்த கடிந்தொரார் செய்தார்க் கவைதாம் முடிந்தாலும் பீழை தரும்,"Though successful, they yield nothing but pain,
when deplorable deeds are done rather than being shunned.","பிறர் வருந்துமாறு செய்து பெற்ற பொருள் எல்லாம் பெற்றவன் வருந்துமாறு செய்து போய்விடும், நல்வழியில் வந்தவை இழக்கப்பட்டாலும் பிறகு பயன் தரும்","To those who hate reproof and do forbidden thing.
What prospers now, in after days shall anguish bring.
The actions of those, who have not desisted from doing deeds forbidden (by the great), will, even if they succeed, cause them sorrow.",Purity in Action,வினைத்தூய்மை,அமைச்சு இயல்,Ministers of State,WEALTH,பொருட்பால்
659,அழக்கொண்ட எல்லாம் அழப்போம் இழப்பினும் பிற்பயக்கும் நற்பா லவை,"What is acquired with others’ tears, goes away with your tears;
good deeds, even if begun with losses, will yield fruits later on.","வஞ்சனையான வழியால் பொருளைச்சேர்த்துக் காப்பாற்றுதல், பச்சை மண்கலத்தில் நீரை விட்டு அதைக் காப்பாற்றி வைத்தாற் போன்றது.","What's gained through tears with tears shall go;
From loss good deeds entail harvests of blessings grow.
All that has been obtained with tears (to the victim) will depart with tears (to himself); but what has been by fair means; though with loss at first, will afterwards yield fruit.",Purity in Action,வினைத்தூய்மை,அமைச்சு இயல்,Ministers of State,WEALTH,பொருட்பால்
660,சலத்தாற் பொருள்செய்தே மார்த்தல் பசுமண் கலத்துணீர் பெய்திரீஇ யற்று,"Being content with ill-gotten wealth,
is like storing water in a fresh unbaked mud pot.","ஒரு தொழிலின் திட்பம் என்று சொல்லப்படுவது ஒருவனுடைய மனதின் திட்பமே (உறுதியே) ஆகும், மற்றவை எல்லாம் வேறானவை.","In pot of clay unburnt he water pours and would retain,
Who seeks by wrong the realm in wealth and safety to maintain.
(For a minister) to protect (his king) with wealth obtained by foul means is like preserving a vessel of wet clay by filling it with water.",Purity in Action,வினைத்தூய்மை,அமைச்சு இயல்,Ministers of State,WEALTH,பொருட்பால்
661,வினைத்திட்பம் என்ப தொருவன் மனத்திட்பம் மற்றைய எல்லாம் பிற,"Execution focus lies in the resolve of the mind;
all else is secondary.","இடையூறு வருவதற்கு முன்பே நீக்குதல், வந்த பின் தளராமை ஆகிய இந்த இரண்டினது வழியே வினைத்திட்பம் பற்றி ஆராய்ந்தவரின் கொள்கையாம்.","What men call 'power in action' know for 'power of mind'
Externe to man all other aids you find.
Firmness in action is (simply) one's firmness of mind; all other (abilities) are not of this nature.",Power in Action,வினைத்திட்பம்,அமைச்சு இயல்,Ministers of State,WEALTH,பொருட்பால்
662,ஊறொரால் உற்றபின் ஒல்காமை இவ்விரண்டின் ஆறென்பர் ஆய்ந்தவர் கோள்,"Doing flawlessly, and resolute in the event of a flaw,
are the paths shown by the learned.","செய்யும் செயலை முடிவில் வெளிப்படும் படியாக செய்யும் தகுதியே ஆண்மையாகும், இடையில் வெளிபட்டால் நீங்காத துன்பத்தைக் கொடுக்கும்.","Each hindrance shun', 'unyielding onward press, If obstacle be there,'
These two define your way, so those that search out truth declare.
Not to perform a ruinous act, and not to be discouraged by the ruinous termination of an act, are the two maxims which, the wise say, from the principles of those who have investigated the subject.
",Power in Action,வினைத்திட்பம்,அமைச்சு இயல்,Ministers of State,WEALTH,பொருட்பால்
663,கடைக்கொட்கச் செய்தக்க தாண்மை இடைக்கொட்கின் எற்றா விழுமந் தரும்,"Virility lies in taking a task to completion;
giving up midway causes endless misery.","இச் செயலை இவ்வாறு செய்து முடிக்கலாம் என்று சொல்லுதல் எவர்க்கும் எளியனவாம், சொல்லிய படி செய்து முடித்தல் அரியனவாம்.","Man's fitting work is known but by success achieved;
In midst the plan revealed brings ruin ne'er to be retrieved.
So to perform an act as to publish it (only) at its termination is (true) manliness; for to announce it beforehand, will cause irremediable sorrow.",Power in Action,வினைத்திட்பம்,அமைச்சு இயல்,Ministers of State,WEALTH,பொருட்பால்
664,சொல்லுதல் யார்க்கும் எளிய அரியவாம் சொல்லிய வண்ணம் செயல்,"Easy it is, to say; rare it is,
the ability to do what one says.",செயல் திறனால் பெருமைபெற்று உயர்ந்தவரின் வினைத் திட்பமானது நாட்டை ஆளும் அரசனிடத்திலும் எட்டி மதிக்கப்பட்டு விளங்கும்.,"Easy to every man the speech that shows the way;
Hard thing to shape one's life by words they say!
To say (how an act is to be performed) is (indeed) easy for any one; but far difficult it is to do according to what has been said.
",Power in Action,வினைத்திட்பம்,அமைச்சு இயல்,Ministers of State,WEALTH,பொருட்பால்
665,வீறெய்தி மாண்டார் வினைத்திட்பம் வேந்தன்கண் ஊறெய்தி உள்ளப் படும்,"Those who have gained great acclaim for their execution resolve,
bring good to their rulers, and are hence thought of highly.",எண்ணியவர் (எண்ணியபடியே செயல் ஆற்றுவதில்) உறுதியுடையவராக இருக்கப்பெற்றால் அவர் எண்ணியவற்றை எண்ணியவாறே அடைவர்.,"The power in act of men renowned and great,
With king acceptance finds and fame through all the state.
The firmness in action of those who have become great by the excellence (of their counsel) will, by attaining its fulfilment in the person of the king, be esteemed (by all).",Power in Action,வினைத்திட்பம்,அமைச்சு இயல்,Ministers of State,WEALTH,பொருட்பால்
666,எண்ணிய எண்ணியாங் கெய்துப எண்ணியார் திண்ணியர் ஆகப் பெறின்,"What they seek, they will achieve as they seek,
if those who seek are made of firm resolve.","உருளும் பெரிய தேர்க்கு அச்சில் இருந்து தாங்கும் சிறிய ஆணிப் போன்றவர்கள் உலகத்தில் உள்ளனர், அவர்களுடைய உருவின் சிறுமையைக்கண்டு இகழக் கூடாது.","Whate'er men think, ev'n as they think, may men obtain,
If those who think can steadfastness of will retain.
If those who have planned (an undertaking) possess firmness (in executing it) they will obtain what they have desired even as they have desired it.",Power in Action,வினைத்திட்பம்,அமைச்சு இயல்,Ministers of State,WEALTH,பொருட்பால்
667,உருவுகண் டெள்ளாமை வேண்டும் உருள்பெருந்தேர்க் கச்சாணி யன்னார் உடைத்து,"Deride not a person seeing their appearance;
there are those who are like a small lynchpin that make a large chariot roll.",மனம் தளராமல் ஆராய்ந்து துணிந்து ஏற்றத் தொழிலைச் சோர்வு கொள்ளாமல் காலந் தாழ்த்தாமல் செய்து முடிக்க வேண்டும்.,"Despise not men of modest bearing; Look not at form, but what men are:
For some there live, high functions sharing, Like linch-pin of the mighty car!
Let none be despised for (their) size; (for) the world has those who resemble the linch-pin of the big rolling car.",Power in Action,வினைத்திட்பம்,அமைச்சு இயல்,Ministers of State,WEALTH,பொருட்பால்
668,கலங்காது கண்ட வினைக்கண் துளங்காது தூக்கங் கடிந்து செயல்,"Do the task that you conceived with clarity of thought,
unwaveringly and without procrastination.",(முடிவில்) இன்பம் கொடுக்கும் தொழிலைச் செய்யும் போது துன்பம் மிக வந்த போதிலும் துணிவு மேற்கொண்டு செய்து முடிக்க வேண்டும்.,"What clearly eye discerns as right, with steadfast will,
And mind unslumbering, that should man fulfil.
An act that has been firmly resolved on must be as firmly carried out without delay.",Power in Action,வினைத்திட்பம்,அமைச்சு இயல்,Ministers of State,WEALTH,பொருட்பால்
669,துன்பம் உறவரினும் செய்க துணிவாற்றி இன்பம் பயக்கும் வினை,"Even if it causes distress while doing,
daringly do the task that brings joy.","வேறு எத்தகைய உறுதி உடையவராக இருந்தாலும், செய்யும் தொழிலில் உறுதி இல்லாதவரை உலகம் விரும்பிப் போற்றாது.","Though toil and trouble face thee, firm resolve hold fast,
And do the deeds that pleasure yield at last.
Though it should cause increasing sorrow (at the outset), do with firmness the act that yield bliss (in the end).",Power in Action,வினைத்திட்பம்,அமைச்சு இயல்,Ministers of State,WEALTH,பொருட்பால்
670,எனைத்திட்ப மெய்தியக் கண்ணும் வினைத்திட்பம் வேண்டாரை வேண்டா துலகு,"Whatever ability they may have acquired, the world desires them not,
when they desire not the resoluteness to execute.","ஆராய்ந்து எண்ணுவதற்கு எல்லை துணிவு கொள்வதே ஆகும், அவ்வாறு கொண்ட துணிவு காலந் தாழ்த்து நிற்பது குற்றமாகும்.","The world desires not men of every power possessed,
Who power in act desire not,- crown of all the rest.
The great will not esteem those who esteem not firmness of action, whatever other abilities the latter may possess.",Power in Action,வினைத்திட்பம்,அமைச்சு இயல்,Ministers of State,WEALTH,பொருட்பால்
671,சூழ்ச்சி முடிவு துணிவெய்தல் அத்துணிவு தாழ்ச்சியுள் தங்குதல் தீது,"The end of strategizing is gaining the confidence to execute;
it is wasteful to cede that confidence in delays.","காலந்தாழ்த்தி செய்யத் தக்கவற்றைக் காலந்தாழ்ந்தே செய்ய வேண்டும், காலந்தாழ்த்தாமல் விரைந்து செய்யவேண்டிய செயல்களைச் செய்ய காலந்தாழ்த்தக் கூடாது.","Resolve is counsel's end. If resolutions halt
In weak delays, still unfulfilled, ‘tis grievous fault.
Consultation ends in forming a resolution (to act); (but) delay in the execution of that resolve is an evil,”
",The Method of Acting,வினைசெயல்வகை,அமைச்சு இயல்,Ministers of State,WEALTH,பொருட்பால்
672,தூங்குக தூங்கிச் செயற்பால தூங்கற்க தூங்காது செய்யும் வினை,"Delay those tasks that better be delayed; delay not,
those tasks that cannot be delayed.","இயலுமிடத்தில் எல்லாம் செயலைச் செய்து முடித்தல் நல்லது, இயலாவில்லையானால் பயன்படும் இடம் நோக்கியாவது செய்ய வேண்டும்.","Slumber when sleepy work's in hand: beware
Thou slumber not when action calls for sleepless care;
Sleep over such (actions) as may be slept over; (but) never over such as may not be slept over.",The Method of Acting,வினைசெயல்வகை,அமைச்சு இயல்,Ministers of State,WEALTH,பொருட்பால்
673,ஒல்லும்வா யெல்லாம் வினைநன்றே ஒல்லாக்கால் செல்லும்வாய் நோக்கிச் செயல்,"Act whenever possible; when not possible,
do whatever is needed to make action possible.","செய்யத்தொடங்கியச் செயல், கொண்ட பகை என்று இவ்விரண்டின் குறை ஆராய்ந்து பார்த்தால், தீயின் குறைபோல் தெரியாமல் வளர்ந்து கெடுக்கும்.","When way is clear, prompt let your action be;
When not, watch till some open path you see.
Whenever it is possible to overcome your enemy the act {of fighting) is certainly good; if not, endeavour to employ some more ‘successful method,",The Method of Acting,வினைசெயல்வகை,அமைச்சு இயல்,Ministers of State,WEALTH,பொருட்பால்
674,வினைபகை யென்றிரண்டின் எச்சம் நினையுங்கால் தீயெச்சம் போலத் தெறும்,"The remnants of a task and an enmity, (left unfinished,)
when we think of it, can harm as much as the remains of a fire.","வேண்டிய பொருள், ஏற்றக்கருவி, தக்க காலம், மேற்கொண்ட தொழில், உரிய இடம் ஆகிய ஐந்தினையும் மயக்கம் தீர எண்ணிச் செய்ய வேண்டும்.","With work or foe, when you neglect some little thing,
If you reflect, like smouldering fire, ‘twill ruin bring.
When duly considered, the incomplete execution of an undertaking and hostility will grow and destroy one like the {unextinguished} remnant of a fire,",The Method of Acting,வினைசெயல்வகை,அமைச்சு இயல்,Ministers of State,WEALTH,பொருட்பால்
675,பொருள்கருவி காலம் வினையிடனொ டைந்தும் இருள்தீர எண்ணிச் செயல்,"Resources, tools, time, place and the task –
analyze these beyond doubt, and then act.","செயலை முடிக்கும் வகையும், வரக்கூடிய இடையூறும், முடிந்த போது கிடைக்கும் பெரும்பயனும் ஆகியவற்றை ஆராய்ந்து செய்ய வேண்டும்.","Treasure and instrument and time and deed and place of act:
These five, till every doubt remove, think o'ver with care exact.
Do an act alter a due consideration of the {following} five, viz., Money, means, time, execution and place.",The Method of Acting,வினைசெயல்வகை,அமைச்சு இயல்,Ministers of State,WEALTH,பொருட்பால்
676,முடிவும் இடையூறும் முற்றியாங் கெய்தும் படுபயனும் பார்த்துச் செயல்,"The means to the end, the obstacles and the fruits of the deed –
anticipate all these, and then act.","செயலைச் செய்கின்றவன் செய்ய வேண்டிய முறை, அச் செயலின் உண்மையான இயல்பை அறிந்தவனுடையக் கருத்தைத் தான் ஏற்றுக் கொள்ளவதாகும்","Accomplishment, the hindrances, large profits won
By effort: these compare, then let the work be done!
An act is to be performed after considering the exertion required, the obstacles to be encountered, and the great to be gained {on its completion).",The Method of Acting,வினைசெயல்வகை,அமைச்சு இயல்,Ministers of State,WEALTH,பொருட்பால்
677,செய்வினை செய்வான் செயன்முறை அவ்வினை உள்ளறிவான் உள்ளங் கொளல்,"One who is excellent at execution, executes after
grasping the subtleties of all tasks from the experts.","ஒரு செயலைச் செய்யும் போது அச் செயலால் மற்றொரு செயலையும் செய்து முடித்துக் கொள்ளல், ஒரு யானையால் மற்றொரு யானையைப் பிடித்தலைப் போன்றது.","Who would succeed must thus begin: first let hin ask
The thoughts of them who throughly know the task.
The method of performance for one who has begun an act is to ascertain the mind of him who knows the secret thereof,
",The Method of Acting,வினைசெயல்வகை,அமைச்சு இயல்,Ministers of State,WEALTH,பொருட்பால்
678,வினையான் வினையாக்கிக் கோடல் நனைகவுள் யானையால் யானையாத் தற்று,"Using one task to accomplish another task,
is like tethering a musth elephant using another","பகைவராக உள்ளவரைப் பொருந்துமாறு சேர்த்துக் கொள்ளல், நண்பர்க்கு உதவியானவற்றை செய்தலைவிட விரைந்து செய்யத்தக்கதாகும்.","By one thing done you reach a second work's accomplishment;
So furious elephant to snare its fellow brute is sent.
To make one undertaking the means of accomplishing another (similar to it) is like making one rutting elephant the means of capturing arother.
",The Method of Acting,வினைசெயல்வகை,அமைச்சு இயல்,Ministers of State,WEALTH,பொருட்பால்
679,நட்டார்க்கு நல்ல செயலின் விரைந்ததே ஒட்டாரை ஒட்டிக் கொளல்,"More pressing than doing favors to friends,
is befriending foes.","வலிமை குறைந்தவர், தம்மை சார்ந்துள்ளவர் நடுங்குவதற்காக தாம் அஞ்சி, வேண்டியது கிடைக்ககுமானால் வலிமைமிக்கவரைப் பணிந்தும் ஏற்றுக் கொள்வர்.","Than kindly acts to friends more urgent thing to do,
Is making foes to cling as friends attached to you.
One should rather hasten to secure the alliance of the foes (of one's foes} rather than perform good offices to one’s friends,",The Method of Acting,வினைசெயல்வகை,அமைச்சு இயல்,Ministers of State,WEALTH,பொருட்பால்
680,உறைசிறியார் உண்ணடுங்கல் அஞ்சிக் குறைபெறிற் கொள்வர் பெரியார்ப் பணிந்து,"The smaller state, fearing internal panic,
will submit to a superior power, if their concerns are addressed.","அன்புடையவனாதல், தகுதியானக் குடிப்பிறப்பு உடையவனாதல் அரசர் விரும்பும் சிறந்த பண்பு உடையவனாதல், ஆகிய இவை தூது உரைப்பவனுடையத் தகுதிகள்.","The men of lesser realm, fearing the people's inward dread,
Accepting granted terms, to mightier ruler bow the head.
Ministers of smali states, afraid of their people being frightened will yield to and acknowledge thelr superior foes, it the latter offer them a chance of reconciliation",The Method of Acting,வினைசெயல்வகை,அமைச்சு இயல்,Ministers of State,WEALTH,பொருட்பால்
681,அன்புடைமை ஆன்ற குடிப்பிறத்தல் வேந்தவாம் பண்புடைமை தூதுரைப்பான் பண்பு,"Love, birth in a suitable family, affable nature
attractive to any king are qualities of an emissary.","அன்பு, அறிவு, ஆராய்ந்து சொல்கின்ற சொல் வன்மை ஆகிய இவை மூன்றும் தூது உரைப்பவர்க்கு இன்றியமையாத மூன்று பண்புகளாகும்.","Benevolence high birth, the courtesy kings love:-
These qualities the envoy of a king approve.
The qualification of an ambassador are affection (for his relations) a fitting birth, and the possession of attributes pleasing to royalty.",The Envoy,தூது,அமைச்சு இயல்,Ministers of State,WEALTH,பொருட்பால்
682,அன்பறி வாராய்ந்த சொல்வன்மை தூதுரைப்பார்க் கின்றி யமையாத மூன்று,"Love, wisdom and sagacious speech are
three qualities essential for an envoy.",அரசனிடம் சென்று தன் அரசனுடைய வெற்றிக்கு காரணமானச் செயலைப் பற்றித் தூது உரைப்பவன் திறம் நூலறிந்தவருள் நூல் வல்லவனாக விளங்குதல் ஆகும்.,"Love, knowledge, power of chosen words, three things,
Should he possess who speaks the words of kings.
Love (to his sovereign), knowledge (of his affairs), and a discriminating power of speech (before other sovereigns) are the three sine qua non qualifications of an ambassador.",The Envoy,தூது,அமைச்சு இயல்,Ministers of State,WEALTH,பொருட்பால்
683,நூலாருள் நூல்வல்லன் ஆகுதல் வேலாருள் வென்றி வினையுரைப்பான் பண்பு,"An emissary on a mission, seeking a diplomatic win over other rulers,
should be erudite enough to excel amongst the erudite.","இயற்கை அறிவு, விரும்பத்தக்கத் தோற்றம், ஆராய்ச்சி உடையக் கல்வி ஆகிய இம் மூன்றின் பொருத்தம் உடையவன் தூது உரைக்கும் தொழிலுக்குச் செல்லலாம்.","Mighty in lore amongst the learned must he be,
Midst jav'lin-bearing kings who speaks the words of victory.
To be powerful in politics among those who are learned (in ethics) is the character of him who speaks to lance-bearing kings on matters of triumph (to his own sovereign).
",The Envoy,தூது,அமைச்சு இயல்,Ministers of State,WEALTH,பொருட்பால்
684,அறிவுரு வாராய்ந்த கல்வியிம் மூன்றன் செறிவுடையான் செல்க வினைக்கு,"Wisdom, physical presence and thorough learning – he who has these three in abundance,
let him be the one to go on a diplomatic mission.","பலவற்றைத் தொகுத்து சொல்லியும், அவற்றுள் பயனற்றவைகளை நீக்கியும், மகிழுமாறு சொல்லியும் தன் தலைவனுக்கு நன்மை உண்டாக்குகின்றவன் தூதன்.","Sense, goodly grace, and knowledge exquisite.
Who hath these three for envoy's task is fit.
He may go on a mission (to foreign rulers) who has combined in him all these three. viz., (natural) sense, an attractive bearing and well-tried learning.",The Envoy,தூது,அமைச்சு இயல்,Ministers of State,WEALTH,பொருட்பால்
685,தொகச்சொல்லித் தூவாத நீக்கி நகச்சொல்லி நன்றி பயப்பதாந் தூது,"Being coherent, avoiding objectionable words, and evoking smiles
are the ways of an envoy to get desired results.","கற்பன கற்று, பிறருடைய பகையான பார்வைக்கு அஞ்சாமல் கேட்பவர் உள்ளத்தில் பதியுமாறு சொல்லி, காலத்திற்க்குப் பொருத்தமானதை அறிகின்றவனே தூதன்.","In terms concise, avoiding wrathful speech, who utters pleasant word,
An envoy he who gains advantage for his lord.
He is an ambassador who (in the presence of foreign rulers) speaks briefly, avoids harshness, talks so as to make them smile, and thus brings good (to his own sovereign).",The Envoy,தூது,அமைச்சு இயல்,Ministers of State,WEALTH,பொருட்பால்
686,கற்றுக்கண் அஞ்சான் செலச்சொல்லிக் காலத்தால் தக்க தறிவதாந் தூது,"A good envoy is well learned, can look anyone in the eye,
has compelling speech and comes up with timely strategies.","தன் கடமை இன்னதென்று தெளிவாக அறிந்து , அதை செய்வதற்கு ஏற்றக்காலத்தை எதிர்நோக்கி தக்க இடத்தையும் ஆராய்ந்து சொல்கின்றவனே தூதன்.","An envoy meet is he, well-learned, of fearless eye
Who speaks right home, prepared for each emergency.
He is an ambassador who having studied (politics) talks impressively, is not afraid of angry looks, and knows (to employ) the art suited to the time.",The Envoy,தூது,அமைச்சு இயல்,Ministers of State,WEALTH,பொருட்பால்
687,கடனறிந்து காலங் கருதி இடனறிந் தெண்ணி உரைப்பான் தலை,"Foremost among envoys is one who knows the task,
weighs the time and place, and speaks with sagacity.","தூய ஒழுக்கம் உடையவனாதல், துணை உடையவனாதல், துணிவு உடையவனாதல் இந்த மூன்றும் வாய்த்திருத்தலே தூது உரைப்பவனுடைய தகுதியாகும்.","He is the best who knows what's due, the time considered well,
The place selects, then ponders long ere he his errand tell.
He is chief (among ambassadors) who understands the proper decorum (before foreign princes), seeks the (proper) occasion, knows the (most suitable) place, and delivers his message after (due) consideration.
",The Envoy,தூது,அமைச்சு இயல்,Ministers of State,WEALTH,பொருட்பால்
688,தூய்மை துணைமை துணிவுடைமை இம்மூன்றின் வாய்மை வழியுரைப்பான் பண்பு,"Principled, endearing and courageous – these three
are qualities of an envoy conveying a message truthfully.",குற்றமானச் சொற்களை வாய் சோர்ந்தும் சொல்லாத உறுதி உடையவனே அரசன் சொல்லியனுப்பிய சொற்களை மற்ற வேந்தர்க்கு உரைக்கும் தகுதியுடையவன்.,"Integrity, resources, soul determined, truthfulness.
Who rightly speaks his message must these marks possess.
The qualifications of him who faithfully delivers his (sovereign's) message are purity, the support (of foreign ministers), and boldness, with truthfulness in addition to the (aforesaid) three.",The Envoy,தூது,அமைச்சு இயல்,Ministers of State,WEALTH,பொருட்பால்
689,விடுமாற்றம் வேந்தர்க் குரைப்பான் வடுமாற்றம் வாய்சோரா வன்க ணவன்,"An emissary conveying his ruler’s message to another,
should be firm enough never to denigrate him even by slip of tongue.","தனக்கு அழிவே தருவதாக இருந்தாலும் அதற்காக அஞ்சி விட்டுவிடாமல், தன் அரசனுக்கு நன்மை உண்டாகுமாறு செய்கின்றவனே தூதன்.","His faltering lips must utter no unworthy thing,
Who stands, with steady eye, to speak the mandates of his king.
He alone is fit to communicate (his sovereign's) reply, who possesses the firmness not to utter even inadvertently what may reflect discredit (on the latter).",The Envoy,தூது,அமைச்சு இயல்,Ministers of State,WEALTH,பொருட்பால்
690,இறுதி பயப்பினும் எஞ்சா திறைவற் குறுதி பயப்பதாம் தூது,"Even if it means meeting his own end,
an emissary ought to further his leader’s ends.","அரசரைச் சார்ந்து வாழ்கின்றவர், அவரை மிக நீங்காமலும், மிக அணுகாமலும் நெருப்பில் குளிர் காய்கின்றவர் போல இருக்க வேண்டும்.","Death to the faithful one his embassy may bring;
To envoy gains assured advantage for his king.
He is the ambassador who fearlessly seeks his sovereign's good though it should cost him his life (to deliver his message).",The Envoy,தூது,அமைச்சு இயல்,Ministers of State,WEALTH,பொருட்பால்
691,அகலா தணுகாது தீக்காய்வார் போல்க இகல்வேந்தர்ச் சேர்ந்தொழுகு வார்,"Not too far, not too near – while being with an irritable ruler,
resemble those warming before a fire.",அரசர் விரும்புகின்றவர்களைத் தாம் விரும்பாமலிருத்தல் (அரசரைச் சார்ந்திருப்பவர்க்கு) அரசரால் நிலையான ஆக்கத்தைப் பெற்றுத் தரும்.,"Who warm them at the fire draw not too near, nor keep too much aloof;
Thus let them act who dwell beneath of warlike kings the palace-roof.
Ministers who serve under fickle-minded monarchs should, like those who warm themselves at the fire, be neither (too) far, nor (too) near.", Conduct in the Presence of the King,மன்னரைச் சேர்ந்தொழுகல்,அமைச்சு இயல்,Ministers of State,WEALTH,பொருட்பால்
692,மன்னர் விழைப விழையாமை மன்னரான் மன்னிய ஆக்கந் தரும்,"Desiring not the objects of desire for the king,
gives lasting riches through the king.",".( அரசரைச் சார்ந்தவர்) தம்மைக் காத்துக் கொள்ள விரும்பினால் அரியத் தவறுகள் நேராமல் காத்துக்கொள்ள வேண்டும், ஐயுற்றபின் அரசரைத் தெளிவித்தல் எவர்க்கும் முடியாது.","To those who prize not state that kings are wont to prize,
The king himself abundant wealth supplies.For ministers not to cover the things desired by their kings will through the kings themselves yield them everlasting wealth.
", Conduct in the Presence of the King,மன்னரைச் சேர்ந்தொழுகல்,அமைச்சு இயல்,Ministers of State,WEALTH,பொருட்பால்
693,போற்றின் அரியவை போற்றல் கடுத்தபின் தேற்றுதல் யார்க்கும் அரிது,"If you deem it imperative, maintain impeccable decorum;
it maybe tough to placate anyone, once they turn bitter.",வல்லமை அமைந்த பெரியாரிடத்தில் (மற்றொருவன்) செவியை நெருங்கிச் சொல்லுதல் உடன் சேர்ந்து நகைத்தலும் செய்யாமல் ஒழுகவேண்டும்.,"Who would walk warily, let him of greater faults beware;
To clear suspicions once aroused is an achievement rare.
Ministers who would save themselves should avoid (the commission of) serious errors for if the king's suspicion is once roused, no one can remove it.", Conduct in the Presence of the King,மன்னரைச் சேர்ந்தொழுகல்,அமைச்சு இயல்,Ministers of State,WEALTH,பொருட்பால்
694,செவிச்சொல்லுஞ் சேர்ந்த நகையும் அவித்தொழுகல் ஆன்ற பெரியா ரகத்து,"Whisper not in others’ ears nor giggle with them
in the presence of dignified elders.",(அரசர் மறைபொருள் பேசும் போது) எப்பொருளையும் உற்றுக் கேட்காமல் தொடர்ந்து வினவாமல் அப்பொருளை அவரே விட்டுச் சொன்னபோது கேட்டறிய வேண்டும்.,"All whispered words and interchange of smiles repress,
In presence of the men who kingly power possess.
While in the presence of the sovereign, ministers should neither whisper to nor smile at others.", Conduct in the Presence of the King,மன்னரைச் சேர்ந்தொழுகல்,அமைச்சு இயல்,Ministers of State,WEALTH,பொருட்பால்
695,எப்பொருளும் ஓரார் தொடரார்மற் றப்பொருளை விட்டக்காற் கேட்க மறை,"Don’t eavesdrop on or badger about any confidential matter;
hear it only when it is revealed.","அரசருடையக் குறிப்பை அறிந்து தக்கக் காலத்தை எதிர்நோக்கி, வெறுப்பில்லாதவற்றையும் விருப்பமானவற்றையும் அவர் விரும்புமாறுச் சொல்ல வேண்டும்.","Seek not, ask not, the secret of the king to hear;
But if he lets the matter forth, give ear!
(When the king is engaged) in secret counsel (with others), ministers should neither over-hear anything whatever nor pry into it with inquisitive questions, but (wait to) listen when it is divulged (by the king himself).", Conduct in the Presence of the King,மன்னரைச் சேர்ந்தொழுகல்,அமைச்சு இயல்,Ministers of State,WEALTH,பொருட்பால்
696,குறிப்பறிந்து காலங் கருதி வெறுப்பில வேண்டுப வேட்பச் சொலல்,"Gauge the mood; await the ripe time; avoid what he abhors;
and speak what is essential, such that it charms him.",அரசர் விரும்புகின்றவற்றை மட்டும் சொல்லிப் பயனில்லாதவற்றை அவரே கேட்ட போதிலும் சொல்லாமல் விட வேண்டும்.,"Knowing the signs, waiting for fitting time, with courteous care,
Things not displeasing, needful things, declare.
Knowing the (king's disposition and seeking the right time, (the minister) should in a pleasing manner suggest things such as are desirable and not disagreeable.", Conduct in the Presence of the King,மன்னரைச் சேர்ந்தொழுகல்,அமைச்சு இயல்,Ministers of State,WEALTH,பொருட்பால்
697,வேட்பன சொல்லி வினையில எஞ்ஞான்றும் கேட்பினும் சொல்லா விடல்,"Tell him what will enthrall him; but indulge not
in useless small talk, even if he desires so.","(அரசரை) எமக்கு இளையவர், எமக்கு இன்ன முறை உடையவர் என்று இகழாமல் அவருடைய நிலைக்கு ஏற்றவாறு அமைந்த புகழுடன் பொருந்த நடக்க வேண்டும்.","Speak pleasant things, but never utter idle word;
Not though by monarch's ears with pleasure heard.
Ministers should (always) give agreeable advice but on no occasion recommend useless actions, though requested (to do so).", Conduct in the Presence of the King,மன்னரைச் சேர்ந்தொழுகல்,அமைச்சு இயல்,Ministers of State,WEALTH,பொருட்பால்
698,இளையர் இனமுறையர் என்றிகழார் நின்ற ஒளியோ டொழுகப் படும்,"Scorn him not because he is younger or is related;
respect him for his position and reputation.",அசைவற்ற தெளிந்த அறிவினை உடையவர் யாம் அரசரால் விரும்பப்பட்டோம் என்று எண்ணி அவர் விரும்பாதவற்றைச் செய்யமாட்டார்.,"Say not, 'He's young, my kinsman,' despising thus your king;
But reverence the glory kingly state doth bring.
Ministers should behave in accordance with the (Divine) light in the person of kings and not despise them saying, ""He is our junior (in age) and connected with our family!"".", Conduct in the Presence of the King,மன்னரைச் சேர்ந்தொழுகல்,அமைச்சு இயல்,Ministers of State,WEALTH,பொருட்பால்
699,கொளப்பட்டேம் என்றெண்ணிக் கொள்ளாத செய்யார் துளக்கற்ற காட்சி யவர்,"Those with a clarity of purpose will refrain from
acting repulsively thinking they command respect.",யாம் அரசர்க்கு பழைமையானவராய் உள்ளோம் எனக்கருதித் தகுதி அல்லாதவற்றைச் செய்யும் உரிமை கேட்டைத்தரும்.,"We've gained his grace, boots nought what graceless acts we do',
So deem not sages who the changeless vision view.
Those whose judgement is firm will not do what is disagreeable (to the sovereign) saying (within themselves) ""We are esteemed by the king"".
", Conduct in the Presence of the King,மன்னரைச் சேர்ந்தொழுகல்,அமைச்சு இயல்,Ministers of State,WEALTH,பொருட்பால்
700,பழையம் எனக்கருதிப் பண்பல்ல செய்யும் கெழுதகைமை கேடு தரும்,"Taking advantage of proximity to the top
and acting out of character brings ruin.",ஓருவர் சொல்லாமலே அவறுடைய முகத்தை நோக்கி அவர் கருதிய குறிப்பை அறிகின்றவன் எப்போதும் உலகத்திற்க்கு ஓர் அணிகலன் ஆவான்.,"Who think 'We're ancient friends' and do unseemly things;
To these familiarity sure ruin brings.
The (foolish) claim with which a minister does unbecoming acts because of his (long) familiarity (with the king) will ensure his ruin.", Conduct in the Presence of the King,மன்னரைச் சேர்ந்தொழுகல்,அமைச்சு இயல்,Ministers of State,WEALTH,பொருட்பால்
701,கூறாமை நோக்கிக் குறிப்பறிவான் எஞ்ஞான்றும் மாறாநீர் வையக் கணி,"He who reads minds by observing, with no words spoken,
is ever an adornment for the world with unchanging oceans.",ஐயப்படாமல் மனத்தில் உள்ளதை உணரவல்லவனை (அவன் மனிதனே ஆனாலும்) தெய்வத் தோடு ஒப்பாக கொள்ள வேண்டும்.,"Who knows the sign, and reads unuttered thought, the gem is he,
Of earth round traversed by the changeless sea.
The minister who by looking (at the king) understands his mind without being told (of it), will be a perpetual ornament to the world which is surrounded by a never-drying sea.",The Knowledge of Indications,குறிப்றிதல்,அமைச்சு இயல்,Ministers of State,WEALTH,பொருட்பால்
702,ஐயப் படாஅ தகத்த துணர்வானைத் தெய்வத்தோ டொப்பக் கொளல்,"Rate him amongst gods, he who can
read minds with indubitable certainty.",(முகம் கண் இவற்றின்) குறிப்புக்களால் உள்ள குறிப்பை உணர வல்லவரை நாட்டின் உறுப்புக்களுள் எதைக் கொடுத்தாவது துணையாக பெற்றுக்கொள்ள வேண்டும்.,"Undoubting, who the minds of men can scan,
As deity regard that gifted man.
He is to be esteemed a god who is able to ascertain without a doubt what is within (one's mind).",The Knowledge of Indications,குறிப்றிதல்,அமைச்சு இயல்,Ministers of State,WEALTH,பொருட்பால்
703,குறிப்பிற் குறிப்புணர் வாரை உறுப்பினுள் யாது கொடுத்துங் கொளல்,"Those who can read others’ minds by observing their own minds-
if need be, give any of your organs to have them with you.",ஒருவன் மனதில் கருதியதை அவன் கூறாமலே அறிந்து கொள்ள வல்லவரோடு மற்றவர் உறுப்பால் ஒத்தவராக இருந்தாலும் அறிவால் வேறுபட்டவர் ஆவார்.,"Who by the sign the signs interprets plain,
Give any member up his aid to gain.
The king should ever give whatever (is asked) of his belongings and secure him who, by the indications (of his own mind) is able to read those of another.",The Knowledge of Indications,குறிப்றிதல்,அமைச்சு இயல்,Ministers of State,WEALTH,பொருட்பால்
704,குறித்தது கூறாமைக் கொள்வாரோ டேனை உறுப்போ ரனையரால் வேறு,"Who can sense thoughts without being told,
they are distinct, resembling others only in their human forms.","(முகம் கண் இவற்றின்) குறிப்புக்களால் உள்ளக்குறிப்பை உணராவிட்டால், ஒருவனுடைய உறுப்புகளுள் கண்கள் என்னப் பயன்படும்.","Who reads what's shown by signs, though words unspoken be,
In form may seem as other men, in function nobler far is he.
Those who understand one's thoughts without being informed (thereof) and those who do not, may (indeed) resemble one another bodily; still are they different (mentally).",The Knowledge of Indications,குறிப்றிதல்,அமைச்சு இயல்,Ministers of State,WEALTH,பொருட்பால்
705,குறிப்பிற் குறிப்புணரா வாயின் உறுப்பினுள் என்ன பயத்தவோ கண்,"If one can’t observe and interpret body language,
what purpose do eyes serve amongst the organs?","தன்னை அடுத்தப் பொருளைத் தன்னிடம் காட்டும் பளிங்கு போல், ஒருவனுடைய நெஞ்சில் மிகுந்துள்ளதை அவனுடைய முகம் காட்டும்.","By sign who knows not sings to comprehend, what gain,
'Mid all his members, from his eyes does he obtain?
Of what use are the eyes amongst one's members, if they cannot by their own indications dive those of another ?.",The Knowledge of Indications,குறிப்றிதல்,அமைச்சு இயல்,Ministers of State,WEALTH,பொருட்பால்
706,அடுத்தது காட்டும் பளிங்குபோல் நெஞ்சம் கடுத்தது காட்டும் முகம்,"The face, like a crystal that shows the hues of objects around,
betrays the mood of the mind.","ஒருவன் விருப்பம் கொண்டாலும், வெறுப்புக் கொண்டாலும் அவனுடைய முகம் முற்ப்பட்டு அதைத் தெரிவிக்கும், அம் முகத்தைவிட அறிவு மிக்கது உண்டோ.","As forms around in crystal mirrored clear we find,
The face will show what's throbbing in the mind.
As the mirror reflects what is near so does the face show what is uppermost in the mind.",The Knowledge of Indications,குறிப்றிதல்,அமைச்சு இயல்,Ministers of State,WEALTH,பொருட்பால்
707,முகத்தின் முதுக்குறைந்த துண்டோ உவப்பினும் காயினும் தான்முந் துறும்,"What can be smarter than the face?
It is quick to sense and show if the heart is pleased or peeved.	","உள்ளக் குறிப்பை நோக்கி உற்றதை உணரவல்லவரைப் பெற்றால், (அவரிடம் எதையும் கூறாமல்) அவறுடைய முகத்தை நோக்கி நின்றால் போதும்.","Than speaking countenance hath aught more prescient skill?
Rejoice or burn with rage, 'tis the first herald still!
Is there anything so full of knowledge as the face ? (No.) it precedes the mind, whether (the latter is) pleased or vexed.",The Knowledge of Indications,குறிப்றிதல்,அமைச்சு இயல்,Ministers of State,WEALTH,பொருட்பால்
708,முகநோக்கி நிற்க அமையும் அகநோக்கி உற்ற துணர்வார்ப் பெறின்,"When those who can look into your heart and know your intentions,
be with you, tasks will be accomplished if you just face them.",கண்பார்வையின் வேறுபாடுகளை உணரவல்லவரைப் பெற்றால்( ஒருவனுடைய மனதில் உள்ள) கையையும் நட்பையும் அவனுடைய கண்களே சொல்லி விடும்.,"To see the face is quite enough, in presence brought,
When men can look within and know the lurking thought.
If the king gets those who by looking into his mind can understand (and remove) what has occurred (to him) it is enough that he stand looking at their face.",The Knowledge of Indications,குறிப்றிதல்,அமைச்சு இயல்,Ministers of State,WEALTH,பொருட்பால்
709,பகைமையும் கேண்மையும் கண்ணுரைக்கும் கண்ணின் வகைமை உணர்வார்ப் பெறின்,"The eyes will convey the animosity or affinity to those
who can decipher the subtleties of the eyes.","யாம் நுட்பமான அறிவுடையேம் என்று பிறர் கருத்தை அறிபவரின் அளக்குங்கோல், ஆராய்ந்து பார்த்தால் அவனுடையக் கண்களே அல்லாமல் வேறு இல்லை.","The eye speaks out the hate or friendly soul of man;
To those who know the eye's swift varying moods to scan.
If a king gets ministers who can read the movements of the eye, the eyes (of foreign kings) will (themselves) reveal (to him) their hatred or friendship.",The Knowledge of Indications,குறிப்றிதல்,அமைச்சு இயல்,Ministers of State,WEALTH,பொருட்பால்
710,நுண்ணியம் என்பார் அளக்குங்கோல் காணுங்காற் கண்ணல்ல தில்லை பிற,"The scale used by the astute to gauge the emotions,
if you think of it, is nothing but the eyes.","சொற்களின் தொகுதி அறிந்த தூய்மை உடையவர், அவைக்களத்தின் தன்மை அறிந்து ஏற்றச் சொற்களை ஆராய்ந்து சொல்ல வேண்டும்.","The men of keen discerning soul no other test apply
(When you their secret ask) than man's revealing eye.
The measuring-rod of those (ministers) who say ""we are acute"" will on inquiry be found to be their (own) eyes and nothing else.",The Knowledge of Indications,குறிப்றிதல்,அமைச்சு இயல்,Ministers of State,WEALTH,பொருட்பால்
711,அவையறிந் தாராய்ந்து சொல்லுக சொல்லின் தொகையறிந்த தூய்மை யவர்,"Those who are well versed with the various ways of speech,
know and assess the audience before speaking.","சொற்களின் தன்மையை ஆராய்ந்த நன்மை உடையவர், அவையின் செவ்வியை ஆராய்ந்து நன்றாக உணர்ந்து சொல்ல வேண்டும்.","Men pure in heart, who know of words the varied force,
Should to their audience known adapt their well-arranged discourse.
Let the pure who know the arrangement of words speak with deliberation after ascertaining (the nature of) the court (then assembled).",The Knowledge of the Council Chamber,அவையநிதல்,அமைச்சு இயல்,Ministers of State,WEALTH,பொருட்பால்
712,இடைதெரிந்து நன்குணர்ந்து சொல்லுக சொல்லின் நடைதெரிந்த நன்மை யவர்,"Before speaking,anticipate the reaction of the audience and master the subject,
if you are conversant with the modes of expression.","அவையின் தன்மை அறியாமல் சொல்லுதலை மேற்கொள்கின்றவர், சொற்களின் வகை அறியாதவரே, அவர் சொல்லவல்லதும் இல்லை.","Good men to whom the arts of eloquence are known,
Should seek occasion meet, and say what well they've made their own.
Let the good who know the uses of words speak with a clear knowledge after ascertaining the time (suited to the court).
",The Knowledge of the Council Chamber,அவையநிதல்,அமைச்சு இயல்,Ministers of State,WEALTH,பொருட்பால்
713,அவையறியார் சொல்லல்மேற் கொள்பவர் சொல்லின் வகையறியார் வல்லதூஉம் இல்,"Those who know not their audience and yet endeavor to speak,
know not the styles of speech and their reach, nor can they be competent.","அறிவிற் சிறந்தவரின் முன் தானும் அறிவிற் சிறந்தவராக நடந்து கொள்ள வேண்டும், அறிவில்லாதவர் முன் தாமும் வெண் கண்ணம் போல் அறிவில்லாதவராய் இருக்க வேண்டும்.","Unversed in councils, who essays to speak.
Knows not the way of suasive words,- and all is weak.
Those who undertake to speak without knowing the (nature of the) court are ignorant of the quality of words as well as devoid of the power (of learning).",The Knowledge of the Council Chamber,அவையநிதல்,அமைச்சு இயல்,Ministers of State,WEALTH,பொருட்பால்
714,ஒளியார்முன் ஒள்ளிய ராதல் வெளியார்முன் வான்சுதை வண்ணங் கொளல்,"Be brilliant before the bright, and amidst the ignorant
turn blank as a wall plastered white.",அறிவு மிகுந்தவரிடையே முந்திச் சென்று பேசாத அடக்கம் ஒருவனுக்கு நன்மை என்று சொல்லப்பட்டவை எல்லாவற்றிலும நல்லது.,"Before the bright ones shine as doth the light!
Before the dull ones be as purest stucco white!
Ministers should be lights in the assembly of the enlightned, but assume the pure whiteness of mortar (ignorance) in that of fools.",The Knowledge of the Council Chamber,அவையநிதல்,அமைச்சு இயல்,Ministers of State,WEALTH,பொருட்பால்
715,நன்றென் றவற்றுள்ளும் நன்றே முதுவருள் முந்து கிளவாச் செறிவு,"It is the best among all the good deeds to have the restraint
to not speak out of turn, in a forum of learned elders.","விரிவான அறிவுத்துறைகளை அறிந்து உணர்கின்றவரின் முன்னே குற்றப்படுதல், ஒழுக்கநெறியிலிருந்து நிலைத் தளர்ந்து கெடுவதைப் போன்றதாகும்.","Midst all good things the best is modest grace,
That speaks not first before the elders' face.
The modesty by which one does not rush forward and speak in (an assembly of) superiors is the best among all (one's) good qualities.",The Knowledge of the Council Chamber,அவையநிதல்,அமைச்சு இயல்,Ministers of State,WEALTH,பொருட்பால்
716,ஆற்றின் நிலைதளர்ந் தற்றே வியன்புலம் ஏற்றுணர்வார் முன்னர் இழுக்கு,"It will tantamount to swerving from the righteous path,
being disgraced before an audience, widely-read but highly-receptive.",குற்றமறச்சொற்களை ஆராயவதில் வ ல்ல அறிஞர்களிடத்தில் பல நூல்களைக் கற்றறிந்தவரின் கல்வியானது நன்றாக விளங்கித் தொன்றும்.,"As in the way one tottering falls, is slip before
The men whose minds are filled with varied lore.
(For a minister) to blunder in the presence of those who have acquired a vast store of learning and know (the value thereof) is like a good man stumbling (and falling away) from the path (of virtue).
",The Knowledge of the Council Chamber,அவையநிதல்,அமைச்சு இயல்,Ministers of State,WEALTH,பொருட்பால்
717,கற்றறிந்தார் கல்வி விளங்கும் கசடறச் சொற்றெரிதல் முன்னர் இழுக்கு,"The expertise of the erudite gets enhanced
by addressing an audience capable of flawlessly grasping those words.","தாமே உணர்கின்ற தன்மை உடையவரின் முன் கற்றவர் பேசுதல், தானே வளரும் பயிருள்ள பாத்தியில் நீரைச் சொரிந்தாற் போன்றது.","The learning of the learned sage shines bright
To those whose faultless skill can value it aright.
The learning of those who have read and understood (much) will shine in the assembly of those who faultlessly examine (the nature of) words.",The Knowledge of the Council Chamber,அவையநிதல்,அமைச்சு இயல்,Ministers of State,WEALTH,பொருட்பால்
718,உணர்வ துடையார்முன் சொல்லல் வளர்வதன் பாத்தியுள் நீர்சொரிந் தற்று,"To speak before an audience who possess clear understanding
is like watering a sapling, growing by itself in a nursery.","நல்ல அறிஞரின் அவையில் நல்ல பொருளைப் மனதில் பதியுமாறு சொல்லவல்லவர், அறிவில்லாதவரின் கூட்டத்தில் மறந்தும் பேசக் கூடாது.","To speak where understanding hearers you obtain,
Is sprinkling water on the fields of growing grain!
Lecturing to those who have the ability to understand (for themselves) is like watering a bed of plants that are growing (of themselves).
",The Knowledge of the Council Chamber,அவையநிதல்,அமைச்சு இயல்,Ministers of State,WEALTH,பொருட்பால்
719,புல்லவையுள் பொச்சாந்தும் சொல்லற்க நல்லவையுள் நன்கு செலச்சொல்லு வார்,"Those who can speak lucidly in a learned forum
should refrain from even forgetfully speaking the same in an unworthy forum.  ","தன் இனத்தார் அல்லாதவரின் கூட்டத்தில் முன் ஒரு பொருளைப்பற்றி பேசுதல், தூய்மையில்லாத முற்றத்தில் சிந்திய அமிழ்தம் போன்றது.","In councils of the good, who speak good things with penetrating power,
In councils of the mean, let them say nought, e'en in oblivious hour.
Those who are able to speak good things impressively in an assembly of the good should not even forgetfully speak them in that of the low",The Knowledge of the Council Chamber,அவையநிதல்,அமைச்சு இயல்,Ministers of State,WEALTH,பொருட்பால்
720,அங்கணத்துள் உக்க அமிழ்தற்றால் தங்கணத்தர் அல்லார்முன் கோட்டி கொளல்,"Speaking before an audience who are no match for you, is
like throwing away the elixir of life into the drains.","சொற்களின் தூய்மை தொகுதி அறிந்த தூய்மை உடையவர், அவைக்களத்தின் வகையினை அறிந்து, வல்லவறின் அவையில் வாய்ச் சோர்ந்து பிழை சொல்லமாட்டார்.","Ambrosia in the sewer spilt, is word
Spoken in presence of the alien herd.
To utter (a good word) in the assembly of those who are of inferior rank is like dropping nectar on the ground",The Knowledge of the Council Chamber,அவையநிதல்,அமைச்சு இயல்,Ministers of State,WEALTH,பொருட்பால்
721,வகையறிந்து வல்லவை வாய்சோரார் சொல்லின் தொகையறிந்த தூய்மை யவர்,"Those who are well versed with the various ways of speech,
will choose the right style for a forum, and won’t blunder out of fear.","கற்றவரின் முன் தாம் கற்றவைகளைச் அவருடைய மனதில் பதியுமாறுச் சொல்லவல்லவர், கற்றவர் எல்லாரிலும் கற்றவராக மதித்துச் சொல்லப்படுவார்.","Men, pure in heart, who know of words the varied force,
The mighty council's moods discern, nor fail in their discourse.
The pure who know the classification of words having first ascertained the nature (of the court) will not (through fear) falter in their speech before the powerful body.
",Not to dread the Council,அவையஞ்சாமை,அமைச்சு இயல்,Ministers of State,WEALTH,பொருட்பால்
722,கற்றாருள் கற்றார் எனப்படுவர் கற்றார்முன் கற்ற செலச்சொல்லு வார்,"They are known the most learned amongst the learned,
those who can express their learnings persuasively before a learned audience.","பகைவர் உள்ள போர்க்களத்தில் (அஞ்சாமல் சென்று) சாகத் துணிந்தவர் உலகத்தில் பலர், கற்றவரின் அவைக்களத்தில் பேச வல்லவர் சிலரே.","Who what they've learned, in penetrating words heve learned to say,
Before the learn'd among the learn'd most learn'd are they.
Those who can agreeably set forth their acquirements before the learned will be regarded as the most learned among the learned.",Not to dread the Council,அவையஞ்சாமை,அமைச்சு இயல்,Ministers of State,WEALTH,பொருட்பால்
723,பகையகத்துச் சாவார் எளியர் அரியர் அவையகத் தஞ்சா தவர்,"Simple people, ready to die at the warfront, abound;
those who fearlessly address an audience are a rare breed.","கற்றவரின் முன் தான் கற்றவைகளை அவருடைய மனதில் பதியுமாறு சொல்லி, மிகுதியாகக் கற்றவரிடம் அம்மிகுதியான கல்வியைக் அறிந்து கொள்ள வேண்டும்.","Many encountering death in face of foe will hold their ground;
Who speak undaunted in the council hall are rarely found.
Many indeed may (fearlessly) die in the presence of (their) foes; (but) few are those who are fearless in the assembly (of the learned).",Not to dread the Council,அவையஞ்சாமை,அமைச்சு இயல்,Ministers of State,WEALTH,பொருட்பால்
724,கற்றார்முன் கற்ற செலச்சொல்லித் தாங்கற்ற மிக்காருள் மிக்க கொளல்,"Speak persuasively before the learned, what you have learnt,
and absorb more from those who are more learned than you.",அவையில் (ஒன்றைக் கேட்டவர்க்கு) அஞ்சாது விடைகூறும் பொருட்டாக நூல்களைக் கற்க்கும் நெறியில் அளவை நூல் அறிந்து கற்க வேண்டும்.,"What you have learned, in penetrating words speak out before
The learn'd; but learn what men more learn'd can teach you more.
(Ministers) should agreeably set forth their acquirements before the learned and acquire more (knowledge) from their superiors (in learning).",Not to dread the Council,அவையஞ்சாமை,அமைச்சு இயல்,Ministers of State,WEALTH,பொருட்பால்
725,ஆற்றின் அளவறிந்து கற்க அவையஞ்சா மாற்றங் கொடுத்தற் பொருட்டு,"Choose the right works and learn, knowing the limitations,
so that you can debate fearlessly with any audience.","அஞ்சாத வீரர் அல்லாத மற்றவர்க்கு வாளோடு என்ன தொடர்பு உண்டு, நுண்ணறிவுடையவரின் அவைக்கு அஞ்சுகின்றவர்க்கு நூலோடு என்ன தொடர்பு உண்டு.","By rule, to dialectic art your mind apply,
That in the council fearless you may make an apt reply.
In order to reply fearlessly before a foreign court, (ministers) should learn logic according to the rules (of grammar).
",Not to dread the Council,அவையஞ்சாமை,அமைச்சு இயல்,Ministers of State,WEALTH,பொருட்பால்
726,வாளொடென் வன்கண்ண ரல்லார்க்கு நூலொடென் நுண்ணவை அஞ்சு பவர்க்கு,"What use is the sword to cowards?
Of what use are books to those who fear a learned audience?","அவையினிடத்தில் அஞ்சுகின்றவன் கற்ற நூல், பகைவரின் போர்க்களத்தில் அஞ்சுகின்ற பேடியின் கையில் உள்ள கூர்மையான வாள் போன்றது.","To those who lack the hero's eye what can the sword avail?
Or science what, to those before the council keen who quail?
What have they to do with a sword who are not valiant, or they with learning who are afraid of an intelligent assembly ?",Not to dread the Council,அவையஞ்சாமை,அமைச்சு இயல்,Ministers of State,WEALTH,பொருட்பால்
727,பகையகத்துப் பேடிகை ஒள்வாள் அவையகத் தஞ்சு மவன்கற்ற நூல்,"A sharp sword in the hands of a coward before foes,
is the scholarship of him who fears a forum.","நல்ல அறிஞரின் அவையில் நல்லப் பொருளைக் கேட்பவர் மனதில் பதியுமாறு சொல்ல முடியாதவர், பல நூல்களைக் கற்றாலும் பயன் இல்லாதவரே.","As shining sword before the foe which 'sexless being' bears,
Is science learned by him the council's face who fears.
The learning of him who is diffident before an assembly is like the shining sword of an hermaphrodite in the presence of his foes.",Not to dread the Council,அவையஞ்சாமை,அமைச்சு இயல்,Ministers of State,WEALTH,பொருட்பால்
728,பல்லவை கற்றும் பயமிலரே நல்லவையுள் நன்கு செலச்சொல்லா தார்,"They may be of great learning but can serve no purpose
if they shy away from speaking compellingly to a good audience.","நூல்களைக் கற்றிந்த போதிலும் நல்ல அறிஞரின் அவைக்கு அஞ்சுகின்றவர், கல்லாதவரை விடக் கடைப்பட்டவர் என்று கூறுவர்.","Though many things they've learned, yet useless are they all,
To man who cannot well and strongly speak in council hall.
Those who cannot agreeably speak good things before a good assembly are indeed unprofitable persons inspite of all their various acquirements.",Not to dread the Council,அவையஞ்சாமை,அமைச்சு இயல்,Ministers of State,WEALTH,பொருட்பால்
729,கல்லா தவரிற் கடையென்ப கற்றறிந்தும் நல்லா ரவையஞ்சு வார்,"Though well learned, they’re considered worse than the ignorant,
those who fear an assembly of good people.","அவைக்களத்திற்கு அஞ்சித் தாம் கற்றவைகளைக் (கேட்பவர் மனத்தில்) பதியுமாறு சொல்ல முடியாதவர், உயிரோடு வாழ்ந்தலும் இறந்தவர்க்கு ஒப்பாவர்.","Who, though they've learned, before the council of the good men quake,
Than men unlearn'd a lower place must take.
They who, though they have learned and understood, are yet afraid of the assembly of the good, are said to be inferior (even) to the illiterate.",Not to dread the Council,அவையஞ்சாமை,அமைச்சு இயல்,Ministers of State,WEALTH,பொருட்பால்
730,உளரெனினும் இல்லாரொ டொப்பர் களனஞ்சிக் கற்ற செலச்சொல்லா தார்,"Out of stage-fright, those who can’t articulate
their learnings well, maybe alive but are as good as lifeless.",குறையாத விளைபொருளும் தக்க அறிஞரும் கேடில்லாத செல்வம் உடையவரும் கூடிப் பொருந்தியுள்ள நாடே நாடாகும்.,"Who what they've learned, in penetrating words know not to say,
The council fearing, though they live, as dead are they.
Those who through fear of the assembly are unable to set forth their learning in an interesting manner, though alive, are yet like the dead.",Not to dread the Council,அவையஞ்சாமை,அமைச்சு இயல்,Ministers of State,WEALTH,பொருட்பால்
731,தள்ளா விளையுளும் தக்காரும் தாழ்விலாச் செல்வருஞ் சேர்வது நாடு,"Unfailing crops, exemplary people, and the wealthy
with untarnished and undiminishing wealth, constitute a country.","மிக்க பொருள் வளம் உடையதாய், எல்லோரும் விரும்பத்தக்கதாய் கேடு இல்லாததாய், மிகுதியாக விளைபொருள் தருவதே நாடாகும்.","Where spreads fertility unfailing, where resides a band,
Of virtuous men, and those of ample wealth, call that a 'land'
A kingdom is that in which (those who carry on) a complete cultivation, virtuous persons, and merchants with inexhaustible wealth, dwell together.",The Land,நாடு,அமைச்சு இயல்,The Essentials of a State,WEALTH,பொருட்பால்
732,பெரும்பொருளாற் பெட்டக்க தாகி அருங்கேட்டால் ஆற்ற விளைவது நாடு,"Desirable due to its huge wealth; devoid of detriments
for high yields: such should a country be.","(மற்ற நாட்டு மக்கள் குடியேறுவதால்) சுமை ஒரு சேரத் தன் மேல் வரும் போது தாங்கி, அரசனுக்கு இறைபொருள் முழுதும் தர வல்லது நாடாகும்.","That is a 'land' which men desire for wealth's abundant share,
Yielding rich increase, where calamities are rare.
A kingdom is that which is desire for its immense wealth, and which grows greatly in prosperity, being free from destructive causes.",The Land,நாடு,அமைச்சு இயல்,The Essentials of a State,WEALTH,பொருட்பால்
733,பொறையொருங்கு மேல்வருங்கால் தாங்கி இறைவற் கிறையொருங்கு நேர்வது நாடு,"In an ideal country, its citizens bear any new burdens
which, all at once,afflict them, and continue to willingly pay taxes.","மிக்க பசியும், ஓயாத நோயும் (வெளியே வந்து தாக்கி) அழிவு செய்யும் பகையும் தன்னிடம் சேராமல் நல்ல வகையில் நடைபெறுவதே நாடாகும்.","When burthens press, it bears; Yet, With unfailing hand
To king due tribute pays: that is the 'land'
A kingdom is that which can bear any burden that may be pressed on it (from adjoining kingdoms) and (yet) pay the full tribute to its sovereign.",The Land,நாடு,அமைச்சு இயல்,The Essentials of a State,WEALTH,பொருட்பால்
734,உறுபசியும் ஓவாப் பிணியும் செறுபகையும் சேரா தியல்வது நாடு,"Acute hunger, debilitating diseases and warring foes
are absent in a good state.","பல வகை மாறுபடும் கூட்டங்களும், உடனிருந்தே அழிவு செய்யும் பகையும், அரசனை வருத்துகின்ற கொலைத் தொழில் பொருந்திய குறுநில மன்னரும் இல்லாதது நாடு.","That is a 'land' whose peaceful anna ls know,
Nor famine fierce, nor wasting plague, nor ravage of the foe.
A kingdom is that which continues to be free from excessive starvation, irremediable epidemics, and destructive foes.",The Land,நாடு,அமைச்சு இயல்,The Essentials of a State,WEALTH,பொருட்பால்
735,பல்குழுவும் பாழ்செய்யும் உட்பகையும் வேந்தலைக்கும் கொல்குறும்பும் இல்லது நாடு,"Multiple factions, destructive dissent, and murderous
criminals who torment the rulers are not found in a good state.","பகைவரால் கெடுக்கப் படாததாய், கெட்டுவிட்ட காலத்திலும் வளம் குன்றாததாய் உள்ள நாடே நாடுகள் எல்லாவற்றிலும் தலைமையானது என்று கூறுவர்.","From factions free, and desolating civil strife, and band
Of lurking murderers that king afflict, that is the 'land'.
A kingdom is that which is without various (irregular) associations, destructive internal enemies, and murderous savages who (sometimes) harass the sovereign.
",The Land,நாடு,அமைச்சு இயல்,The Essentials of a State,WEALTH,பொருட்பால்
736,கேடறியாக் கெட்ட இடத்தும் வளங்குன்றா நாடென்ப நாட்டின் தலை,"It faces no calamities; even if it does, its resources are undiminished:
such a nation is the foremost amongst nations.","ஊற்றும் மழையும் மாகிய இருவகை நீர்வளமும், தக்கவாறு அமைந்த மலையும் அந்த மலையிலிருந்து ஆறாக வரும் நீர் வளமும் வலிய அரணும் நாட்டிற்கு உறுப்புகளாகும்.","Chief of all lands is that, where nought disturbs its peace;
Or, if invaders come, still yields its rich increase.
The learned say that the best kingdom is that which knows no evil (from its foes), and, if injured (at all), suffers no diminution in its fruitfulness.",The Land,நாடு,அமைச்சு இயல்,The Essentials of a State,WEALTH,பொருட்பால்
737,இருபுனலும் வாய்ந்த மலையும் வருபுனலும் வல்லரணும் நாட்டிற் குறுப்பு,"Lakes above and wells below, mountains well-located, rivers and streams flowing from them,
and strong fortresses constitute a country.","நோயில்லாதிருத்தல், செல்வம், விளை பொருள், வளம், இன்பவாழ்வு, நல்ல காவல் இந்த ஐந்தும் நாட்டிற்கு அழகு என்று கூறுவர்.","Waters from rains and springs, a mountain near, and waters thence;
These make a land, with fortress' sure defence.
The constituents of a kingdom are the two waters (from above and below), well situated hills and an undestructible fort.",The Land,நாடு,அமைச்சு இயல்,The Essentials of a State,WEALTH,பொருட்பால்
738,பிணியின்மை செல்வம் விளைவின்பம் ஏமம் அணியென்ப நாட்டிற்கிவ் வைந்து,"Health, wealth, high yields, happiness and strong defence –
these five adorn a state.","முயற்சி செய்து தேடாமலேயே தரும் வளத்தை உடைய நாடுகளைச் சிறந்த நாடுகள் என்று கூறுவர், தேடிமுயன்றால் வளம் தரும் நாடுகள் சிறந்த நாடுகள் அல்ல.","A country's jewels are these five: unfailing health,
Fertility, and joy, a sure defence, and wealth.
Freedom from epidemics, wealth, produce, happiness and protection (to subjects); these five, the learned, say, are the ornaments of a kingdom.",The Land,நாடு,அமைச்சு இயல்,The Essentials of a State,WEALTH,பொருட்பால்
739,நாடென்ப நாடா வளத்தன நாடல்ல நாட வளந்தரு நாடு,"A good state is one which is self-sufficient;
it is not one, if it is dependent on external resources.","நல்ல அரசன் பொருந்தாத நாடு, மேற்சொன்ன நன்மைகள் எல்லாம் அமைதிருந்த போதிலும் அவற்றால் பயன் இல்லாமல் போகும்.","That is a land that yields increase unsought,
That is no land whose gifts with toil are bought.
The learned say that those are kingdom whose wealth is not laboured for, and those not, whose wealth is only obtained through labour.",The Land,நாடு,அமைச்சு இயல்,The Essentials of a State,WEALTH,பொருட்பால்
740,ஆங்கமை வெய்தியக் கண்ணும் பயமின்றே வேந்தமை வில்லாத நாடு,"A state might have everything; but they are of no use,
if it doesn’t have the right ruler.","(படையெடுத்தும்) போர் செய்யச் செல்பவர்க்கும் அரண் சிறந்ததாகும், (படையெடுத்தவர்க்கு) அஞ்சித் தன்னை புகழிடமாக அடைந்தவர்க்கும் அது சிறந்ததாகும்.","Though blest with all these varied gifts' increase,
A land gains nought that is not with its king at peace.
Although in possession of all the above mentioned excellences, these are indeed of no use to a country, in the absence of harmony between the sovereign and the sujects.",The Land,நாடு,அமைச்சு இயல்,The Essentials of a State,WEALTH,பொருட்பால்
741,ஆற்று பவர்க்கும் அரண்பொருள் அஞ்சித்தற் போற்று பவர்க்கும் பொருள்,"A fortress is critical for those on the offensive;
so is it, for those on the defensive to protect themselves.","மணிபோல் தெளிந்த நீரும், வெட்ட வெளியான நிலமும், மலையும், அழகிய நிழல் உடைய காடும் ஆகிய இவை நான்கும் உள்ளதே அரண் ஆகும்.","A fort is wealth to those who act against their foes;
Is wealth to them who, fearing, guard themselves from woes.
A fort is an object of importance to those who march (against their foes) as well as to those who through fear (of pursuers) would seek it for shelter.",The Fortification,அரண்,அமைச்சு இயல்,The Essentials of a State,WEALTH,பொருட்பால்
742,மணிநீரும் மண்ணும் மலையும் அணிநிழற் காடும் உடைய தரண்,"Pearl-like perennial water, sand, mountains and shaded woods –
a strong fortress contains all these.","உயரம், அகலம், உறுதி, பகைவரால் அழிக்க முடியாத அருமை ஆகிய இந்த நான்கும் அமைந்திப்பதே அரண் என்று நூலோர் கூறுவர்.","A fort is that which owns fount of waters crystal clear,
An open space, a hill, and shade of beauteous forest near.
A fort is that which has everlasting water, plains, mountains and cool shady forests.",The Fortification,அரண்,அமைச்சு இயல்,The Essentials of a State,WEALTH,பொருட்பால்
743,உயர்வகலந் திண்மை அருமையிந் நான்கின் அமைவரண் என்றுரைக்கும் நூல்,"Tall, vast, impregnable and unapproachable –
experts prescribe these four measures for forts.","காக்க வேண்டிய இடம் சிறியதாய், மற்ற இடம் பெரிய பரப்புள்ளதாய், தன்னை எதிர்த்துவந்த பகைவரிருடைய ஊக்கத்தை அழிக்க வல்லது அரண் ஆகும்.","Height, breadth, strength, difficult access:
Science declares a fort must these possess.
The learned say that a fortress is an enclosure having these four (qualities) viz., height, breadth, strength and inaccessibility.",The Fortification,அரண்,அமைச்சு இயல்,The Essentials of a State,WEALTH,பொருட்பால்
744,சிறுகாப்பிற் பேரிடத்த தாகி உறுபகை ஊக்கம் அழிப்ப தரண்,"Boundaries, vulnerable and needing protection, are minimal but area enclosed is vast –
such a fortress destroys the confidence of advancing foes.","பகைவரால் கைப்பற்ற முடியாததாய், தன்னிடம் உணவுபொருள் கொண்டதாய், உள்ளிருப்போர் நிலைத்திருப்பதர்க்கு எளிதாகிய தன்மை உடையது அரண்.","A fort must need but slight defence, yet ample be,
Defying all the foeman's energy.
A fort is that which has an extensive space within, but only small places to be guarded, and such as can destroy the courage of besieging foes.",The Fortification,அரண்,அமைச்சு இயல்,The Essentials of a State,WEALTH,பொருட்பால்
745,கொளற்கரிதாய்க் கொண்டகூழ்த் தாகி அகத்தார் நிலைக்கெளிதாம் நீர தரண்,"A good fortress is unassailable, contains sufficient food
and makes life easy for the residents.","தன்னிடம் (உள்ளவர்க்கு) எல்லாப் பொருளும் உடையதாய், போர் நெருக்கடியானவிடத்தில் உதவ வல்ல நல்ல விரர்களை உடையது அரண் ஆகும்.","Impregnable, containing ample stores of food,
A fort for those within, must be a warlike station good.
A fort is that which cannot be captured, which abounds in suitable provisions, and affords a position of easy defence to its inmates.",The Fortification,அரண்,அமைச்சு இயல்,The Essentials of a State,WEALTH,பொருட்பால்
746,எல்லாப் பொருளும் உடைத்தா யிடத்துதவும் நல்லா ளுடைய தரண்,"A strong fortress contains all required resources
and valiant warriors who will support during a siege.","முற்றுகையிட்டும் முற்றுகையிடாமல் போர் செய்தும், வஞ்சனை செய்தும் எப்படியும் பகைவரால் கைப்பற்ற முடியாத அருமை உடையது அரண் ஆகும்.","A fort, with all munitions amply stored,
In time of need should good reserves afford.
A fort is that which has all (needful) things, and excellent heroes that can help it against destruction (by foes).",The Fortification,அரண்,அமைச்சு இயல்,The Essentials of a State,WEALTH,பொருட்பால்
747,முற்றியும் முற்றா தெறிந்தும் அறைப்படுத்தும் பற்றற் கரிய தரண்,"Neither siege, nor an all-out attack, nor sowing dissent
will befell a strong fortress.","முற்றுகையிடுவதில் வல்லமை கொண்டு முற்றுகை இட்டவரையும், (உள்ளிருந்தவர் பற்றிய) பற்றை விடாமலிருந்து வெல்வதற்கு உரியது அரண் ஆகும்.","A fort should be impregnable to foes who gird it round,
Or aim there darts from far, or mine beneath the ground.
A fort is that which cannot be captured by blockading, assaulting, or undermining it.",The Fortification,அரண்,அமைச்சு இயல்,The Essentials of a State,WEALTH,பொருட்பால்
748,முற்றாற்றி முற்றி யவரையும் பற்றாற்றிப் பற்றியார் வெல்வ தரண்,"A strong fortress aids those devoted to stay and defend it,
to defeat the formidable foes who have besieged it.",போர் முனையில் பகைவர் அழியும் படியாக (உள்ளிருந்தவர்செய்யும்) போர்ச் செயல்வகையால் பெருமைப் பெற்றுச் சிறப்புடையதாய் விளங்குவது அரண் ஆகும்.,"Howe'er the circling foe may strive access to win,
A fort should give the victory to those who guard within.
That is a fort whose inmates are able to overcome without losing their ground, even abler men who have besieged it.
",The Fortification,அரண்,அமைச்சு இயல்,The Essentials of a State,WEALTH,பொருட்பால்
749,முனைமுகத்து மாற்றலர் சாய வினைமுகத்து வீறெய்தி மாண்ட தரண்,"A fortress attains glory through the glory attained by its residents,
who, through their daring deeds, swiftly subdue the foes on the warfront.","எத்தகைய பெருமையை உடையதாக இருந்த போதிலும், செயல்வகையால் சிறப்பு இல்லாதவரரிடத்தில் அரண் பயனில்லாததாகும். பொருள் செயல்வகை","At outset of the strife a fort should foes dismay;
And greatness gain by deeds in every glorious day.
A fort is that which derives excellence from the stratagems made (by its inmates) to defeat their enemies in the battlefield.
",The Fortification,அரண்,அமைச்சு இயல்,The Essentials of a State,WEALTH,பொருட்பால்
750,எனைமாட்சித் தாகியக் கண்ணும் வினைமாட்சி இல்லார்கண் இல்ல தரண்,"However formidable it maybe, a fortress is futile
for those not formidable in their deeds.","ஒரு பொருளாக மதிக்கத் தகாதவரையும், மதிப்புடையவராகச் செய்வதாகிய பொருள் அல்லாமல் சிறப்புடைய பொருள் வேறு இல்லை.","Howe'er majestic castled walls may rise,
To craven souls no fortress strength supplies.
Although a fort may possess all (the above-said) excellence, it is, as it were without these, if its inmates possess not the excellence of action.",The Fortification,அரண்,அமைச்சு இயல்,The Essentials of a State,WEALTH,பொருட்பால்
751,பொருளல் லவரைப் பொருளாகச் செய்யும் பொருளல்ல தில்லை பொருள்,"Wealth makes them, who were deemed worthless, worthy;
if not, it is not wealth.","பொருள் இல்லாதவரை (வேறு நன்மை உடையவராக இருந்தாலும்) எல்லாரும் இகழ்வார், செல்வரை (வேறு நன்மை இல்லாவிட்டாலும்) எல்லாரும் சிறப்பு செய்வர்.","Nothing exists save wealth, that can
Change man of nought to worthy man.
Besides wealth there is nothing that can change people of no importance into those of (some) importance.",Way of Accumulating Wealth,பொருள்செயல்வகை,அமைச்சு இயல்,The Essentials of a State,WEALTH,பொருட்பால்
752,இல்லாரை எல்லாரும் எள்ளுவர் செல்வரை எல்லாரும் செய்வர் சிறப்பு,"The poor are ridiculed by all, and
the rich esteemed by all.","பொருள் என்று சொல்லப்படுகின்ற நந்தா விளக்கு, நினைத்த இடத்திற்குச் சென்று உள்ள இடையூற்றைக் கெடுக்கும்","Those who have nought all will despise;
All raise the wealthy to the skies.
All despise the poor; (but) all praise the rich.",Way of Accumulating Wealth,பொருள்செயல்வகை,அமைச்சு இயல்,The Essentials of a State,WEALTH,பொருட்பால்
753,பொருளென்னும் பொய்யா விளக்கம் இருளறுக்கும் எண்ணிய தேயத்துச் சென்று,"The unfailing lamp called wealth will dislodge darkness
by throwing light anywhere it wants to.","சேர்க்கும் திறம் அறிந்து தீமை ஒன்றும் இல்லாமல், சேர்க்கப் பட்டுவந்த பொருள் ஒருவனுக்கு அறத்தையும் கொடுக்கும் இன்பத்தையும் கொடுக்கும்.","Wealth, the lamp unfailing, speeds to every land,
Dispersing darkness at its lord's command.
The imperishable light of wealth goes into regions desired (by its owner) and destroys the darkness (of enmity therein).",Way of Accumulating Wealth,பொருள்செயல்வகை,அமைச்சு இயல்,The Essentials of a State,WEALTH,பொருட்பால்
754,அறனீனும் இன்பமும் ஈனும் திறனறிந்து தீதின்றி வந்த பொருள்,"It yields righteousness and joy, the wealth
acquired capably without causing any harm.","அருளோடும், அன்போடும் பொருந்தாத வழிகளில் வந்த செல்வத்தின் ஆக்கத்தைப் பெற்று மகிழாமல் அதைத் தீமையானது என்று நீக்கிவிட வேண்டும்.","Their wealth, who blameless means can use aright,
Is source of virtue and of choice delight.
The wealth acquired with a knowledge of the proper means and without foul practices will yield virtue and happiness.",Way of Accumulating Wealth,பொருள்செயல்வகை,அமைச்சு இயல்,The Essentials of a State,WEALTH,பொருட்பால்
755,அருளொடும் அன்பொடும் வாராப் பொருளாக்கம் புல்லார் புரள விடல்,"Consider it unworthy of acquiring – wealth
that is not generated with compassion and love.","இறையாக வந்து சேரும் பொருளும், சுங்கமாகக் கொள்ளும் பொருளும், தன் பகைவரை வென்று திறமையாகக் கொள்ளும் பொருளும் அரசனுடைய பொருள்களாகும்.","Wealth gained by loss of love and grace,
Let man cast off from his embrace.
(Kings) should rather avoid than seek the accumulation of wealth which does not flow in with mercy and love.",Way of Accumulating Wealth,பொருள்செயல்வகை,அமைச்சு இயல்,The Essentials of a State,WEALTH,பொருட்பால்
756,உறுபொருளும் உல்கு பொருளுந்தன் ஒன்னார்த் தெறுபொருளும் வேந்தன் பொருள்,"Funds generated in the normal course, internal taxes and
acquisitions from enemies are sources of wealth for the king.","அன்பினால் பெறப்பட்ட அருள் என்றுக் கூறப்படும் குழந்தை, பொருள் என்றுக் கூறப்படும் செல்வமுள்ள செவிலித் தாயால் வளர்வதாகும்.","Wealth that falls to him as heir, wealth from the kingdom's dues,
The spoils of slaughtered foes; these are the royal revenues.
Unclaimed wealth, wealth acquired by taxes, and wealth (got) by conquest of foes are (all) the wealth of the king.
",Way of Accumulating Wealth,பொருள்செயல்வகை,அமைச்சு இயல்,The Essentials of a State,WEALTH,பொருட்பால்
757,அருளென்னும் அன்பீன் குழவி பொருளென்னும் செல்வச் செவிலியால் உண்டு,"The infant called compassion, birthed by love,
is nurtured by the rich custodian called wealth.","தன் கைப்பொருள் ஒன்று தன்னிடம் இருக்க அதைக் கொண்டு ஒருவன் செயல் செய்தால், மலையின் மேல் ஏறி யானைப் போரைக் கண்டாற் போன்றது.","Tis love that kindliness as offspring bears:
And wealth as bounteous nurse the infant rears.
The child mercy which is borne by love grows under the care of the rich nurse of wealth.",Way of Accumulating Wealth,பொருள்செயல்வகை,அமைச்சு இயல்,The Essentials of a State,WEALTH,பொருட்பால்
758,குன்றேறி யானைப்போர் கண்டற்றால் தன்கைத்தொன் றுண்டாகச் செய்வான் வினை,"Doing a deed with some wealth on hand
is like climbing a hilltop and watching tuskers tussle.","ஒருவன் பொருளை ஈட்டவேண்டும், அவனுடைய பகைவரின் செருக்கைக் கெடுக்க வல்ல வாள் அதைவிடக் கூர்மையானது வேறு இல்லை.","As one to view the strife of elephants who takes his stand,
On hill he's climbed, is he who works with money in his hand.
An undertaking of one who has wealth in one's hands is like viewing an elephant-fight from a hill-top.",Way of Accumulating Wealth,பொருள்செயல்வகை,அமைச்சு இயல்,The Essentials of a State,WEALTH,பொருட்பால்
759,செய்க பொருளைச் செறுநர் செருக்கறுக்கும் எஃதனிற் கூரிய தில்,"Make money – there is no weapon sharper than it
to sever the pride of your foes.","சிறந்ததாகிய பொருளை மிகுதியாக ஈட்டியவர்க்கு, மற்ற அறமும் இன்பமுமாகிய இரண்டும் ஒரு சேரக்கைகூடும் எளிய பொருளாகும்.","Make money! Foeman's insolence o'ergrown
To lop away no keener steel is known.
Accumulate wealth; it will destroy the arrogance of (your) foes; there is no weapon sharper than it.
",Way of Accumulating Wealth,பொருள்செயல்வகை,அமைச்சு இயல்,The Essentials of a State,WEALTH,பொருட்பால்
760,ஒண்பொருள் காழ்ப்ப இயற்றியார்க் கெண்பொருள் ஏனை இரண்டும் ஒருங்கு,"For those who have made abundant wealth through fair means,
the remaining two (righteousness and love) are easy to achieve.","எல்லா உறுப்புக்களும் நிறைந்ததாய் இடையூறுகளுக்கு அஞ்சாததாய் உள்ள வெற்றி தரும் படை, அரசனுடைய செல்வங்கள் எல்லாவற்றிலும் சிறந்ததாகும்.","Who plenteous store of glorious wealth have gained,
By them the other two are easily obtained.
To those who have honestly acquired an abundance of riches, the other two, (virtue and pleasure) are things easy (of acquisition).",Way of Accumulating Wealth,பொருள்செயல்வகை,அமைச்சு இயல்,The Essentials of a State,WEALTH,பொருட்பால்
761,உறுப்பமைந் தூறஞ்சா வெல்படை வேந்தன் வெறுக்கையுள் எல்லாம் தலை,"A well-structured, indomitable military, never daunted by dire prospects,
is primary amongst all possessions of the king.","போரில் அழிவு வந்தவிடத்தில் வலிமைக் குன்றினாலும், இடையூறுகளுக்கு அஞ்சாத அஞ்சாமை தொன்றுதொட்டுப் பெருமை உடையபடைக்கு அல்லாமல் முடியாது.","A conquering host, complete in all its limbs, that fears no wound,
Mid treasures of the king is chiefest found.
The army which is complete in (its) parts and conquers without fear of wounds is the chief wealth of the king.",The Excellence of an Army,படைமாட்சி,அமைச்சு இயல்,The Essentials of a State,WEALTH,பொருட்பால்
762,உலைவிடத் தூறஞ்சா வன்கண் தொலைவிடத்துத் தொல்படைக் கல்லால் அரிது,"The undaunted valour in dire situations, with no fear of consequences,
is rarely seen outside of a seasoned army.","எலியாகிய பகைக்கூடி கடல் போல் ஒலித்தாலும் என்ன தீங்கு ஏற்ப்படும், பாம்பு மூச்சு விட்ட அளவில் அவைக் கெட்டழியும்.","In adverse hour, to face undaunted might of conquering foe,
Is bravery that only veteran host can show.
Ancient army can alone have the valour which makes it stand by its king at the time of defeat, fearless of wounds and unmindful of its reduced strength.",The Excellence of an Army,படைமாட்சி,அமைச்சு இயல்,The Essentials of a State,WEALTH,பொருட்பால்
763,ஒலித்தக்கால் என்னாம் உவரி எலிப்பகை நாகம் உயிர்ப்பக் கெடும்,"What if a rival army of rats comes roaring like an ocean,
they will dissipate when the snake hisses.","(போர் முனையில்) அழிவு இல்லாததாய்(பகைவருடைய) வஞ்சனைக்கு இரையாகாததாய், தொன்று தொட்டுவந்த அஞ்சாமை உடையதே படையாகும்.","Though, like the sea, the angry mice send forth their battle cry;
What then? The dragon breathes upon them, and they die!
What if (a host of) hostile rats roar like the sea ? They will perish at the mere breath of the cobra.",The Excellence of an Army,படைமாட்சி,அமைச்சு இயல்,The Essentials of a State,WEALTH,பொருட்பால்
764,அழிவின் றறைபோகா தாகி வழிவந்த வன்க ணதுவே படை,"A real army is one that displays the innate valour
of never getting vanquished by any disaster.",எமனே சினங்கொண்டு தன் மேல் எதிர்த்து வந்தாலும் ஒன்றாகத் திரண்டு எதிர்த்து நிற்க்கும் ஆற்றல் உடையதே படையாகும்.,"That is a host, by no defeats, by no desertions shamed,
For old hereditary courage famed.
That indeed is an army which has stood firm of old without suffering destruction or deserting (to the enemy).",The Excellence of an Army,படைமாட்சி,அமைச்சு இயல்,The Essentials of a State,WEALTH,பொருட்பால்
765,கூற்றுடன்று மேல்வரினும் கூடி எதிர்நிற்கும் ஆற்ற லதுவே படை,"An army is one which has the courage to battle united,
even if the Lord of Death descends on them.","வீரம், மானம், சிறந்த வழியில் நடக்கும் நடக்கை, தலைவரால் நம்பித் தெளியப்படுதல் ஆகிய இந்த நான்கு பண்புகளும் படைக்கு சிறந்தவையாகும்.","That is a 'host' that joins its ranks, and mightily withstands,
Though death with sudden wrath should fall upon its bands.
That indeed is an army which is capable of offering a united resistance, even if Yama advances against it with fury.",The Excellence of an Army,படைமாட்சி,அமைச்சு இயல்,The Essentials of a State,WEALTH,பொருட்பால்
766,மறமானம் மாண்ட வழிச்செலவு தேற்றம் எனநான்கே ஏமம் படைக்கு,"Courage, pride, striding the honorable course, clarity –
these four best fortify an army.","தன் மேல் எதிர்த்து வந்த பகைவரின் போரைத்தாங்கி, வெல்லும் தன்மை அறிந்து அவனுடைய தூசிப்படையை எதிர்த்துச் செல்லவல்லதே படையாகும்.","Valour with honour, sure advance in glory's path, with confidence;
To warlike host these four are sure defence.
Valour, honour, following in the excellent-footsteps (of its predecessors) and trust-worthiness; these four alone constitute the safeguard of an army.
",The Excellence of an Army,படைமாட்சி,அமைச்சு இயல்,The Essentials of a State,WEALTH,பொருட்பால்
767,தார்தாங்கிச் செல்வது தானை தலைவந்த போர்தாங்கும் தன்மை அறிந்து,"The army that can discern the tactics of its advancing foes,
will stride over the dust the foes bite.",போர் செய்யும் வீரமும்( எதிர்ப்பைத் தாங்கும்) ஆற்றலுமும் இல்லையானால் படைத்தன்னுடைய அணிவகுப்பால் பெருமை பெறும்.,"A valiant army bears the onslaught, onward goes,
Well taught with marshalled ranks to meet their coming foes.
That is an army which knowing the art of warding off an impending struggle, can bear against the dust-van (of a hostile force).
",The Excellence of an Army,படைமாட்சி,அமைச்சு இயல்,The Essentials of a State,WEALTH,பொருட்பால்
768,அடல்தகையும் ஆற்றலும் இல்லெனினும் தானை படைத்தகையால் பாடு பெறும்,"An army though bereft of the skills and resources to wage a war,
will still gain renown for its discipline and preparation.","தன் அளவு சிறிதாகத் தேய்தலும், தலைவரிடம் நீங்காத வெறுப்பும் வறுமையும் இல்லாதிருக்குமானால் அத்தகைய படை வெற்றி பெறும்.","Though not in war offensive or defensive skilled;
An army gains applause when well equipped and drilled.
Though destitute of courage to fight and strength (to endure), an army may yet gain renown by the splendour of its appearance.",The Excellence of an Army,படைமாட்சி,அமைச்சு இயல்,The Essentials of a State,WEALTH,பொருட்பால்
769,சிறுமையும் செல்லாத் துனியும் வறுமையும் இல்லாயின் வெல்லும் படை,"Pettiness, unabated fury and hatred, and poverty –
an army not having these will win.","நெடுங்காலமாக நிலைத்திருக்கும் வீரர் பலரை உடையதே ஆனாலும், தலைமைதாங்கும் தலைவர் இல்லாத போது படைக்குப் பெருமை இல்லையாகும்.","Where weakness, clinging fear and poverty
Are not, the host will gain the victory.
An army can triumph (over its foes) if it is free from diminution; irremediable aversion and poverty.
",The Excellence of an Army,படைமாட்சி,அமைச்சு இயல்,The Essentials of a State,WEALTH,பொருட்பால்
770,நிலைமக்கள் சால உடைத்தெனினும் தானை தலைமக்கள் இல்வழி இல்,"An army may have brave warriors in abundance,
but will meet its end if there are no great leaders.","பகைவரே! என்னுடைய தலைவர் முன் எதிர்த்து நிற்காதீர்கள், என்னுடைய தலைவர் முன் எதிர்த்து நின்று கல்வடிவாய் நின்றவர் பலர்.","Though men abound, all ready for the war,
No army is where no fit leaders are.
Though an army may contain a large number of permanent soldiers, it cannot last if it has no generals.",The Excellence of an Army,படைமாட்சி,அமைச்சு இயல்,The Essentials of a State,WEALTH,பொருட்பால்
771,என்னைமுன் நில்லன்மின் தெவ்விர் பலரென்னை முன்னின்று கல்நின் றவர்,"Oh foes, stand not facing my leader!
Many have done so, and stand as stones.","காட்டில் ஓடுகின்ற முயலை நோக்கி குறிதவறாமல் எய்த அம்பை ஏந்துதலைவிட, வெட்ட வெளியில் நின்ற யானை மேல் எறிந்து தவறிய வேலை ஏந்துதல் சிறந்தது.","Ye foes! stand not before my lord! for many a one
Who did my lord withstand, now stands in stone!
O my foes, stand not before my leader; (for) many are those who did so but afterwards stood (in the shape of) statues.",Military Spirit,படைச்செருக்கு,அமைச்சு இயல்,The Essentials of a State,WEALTH,பொருட்பால்
772,கான முயலெய்த அம்பினில் யானை பிழைத்தவேல் ஏந்தல் இனிது,"Better to bear the spear that missed the tusker
than the arrow that got the rabbit.","பகைவரை எதிர்த்து நிற்க்கும் வீரத்தை மிக்க ஆண்மை என்று கூறுவர், ஒரு துன்பம் வந்த போது பகைவர்க்கும் உதவிச் செய்தலை அந்த ஆண்மையின் கூர்மை என்று கூறுவர்.","Who aims at elephant, though dart should fail, has greater praise.
Than he who woodland hare with winged arrow slays.
It is more pleasant to hold the dart that has missed an elephant than that which has hit hare in the forest.",Military Spirit,படைச்செருக்கு,அமைச்சு இயல்,The Essentials of a State,WEALTH,பொருட்பால்
773,பேராண்மை என்ப தறுகனொன் றுற்றக்கால் ஊராண்மை மற்றதன் எஃகு,"Great manliness lies in bellicose valor; grace towards
ailing foes, adds steel to it.","கையில் ஏந்திய வேலை ஒரு யானையின் மேல் எறிந்து துரத்திவிட்டு, வேறு வேல் தேடி வருகின்றவன் தன் மார்பில் பட்டிருந்த வேலைக் கண்டு பறித்து மகிழ்கின்றான்.","Fierceness in hour of strife heroic greatness shows;
Its edge is kindness to our suffering foes.
The learned say that fierceness (incontest with a foe) is indeed great valour; but to become a benefactor in case of accident (to a foe) is the extreme (limit) of that valour.
",Military Spirit,படைச்செருக்கு,அமைச்சு இயல்,The Essentials of a State,WEALTH,பொருட்பால்
774,கைவேல் களிற்றொடு போக்கி வருபவன் மெய்வேல் பறியா நகும்,"He spent his spear slaying an elephant,
but breaks into a smile, plucking out the spear that pierces him.","பகைவரை சினந்து நோக்கியக் கண், அவர் வேலைக் கொண்டு எறிந்த போது மூடி இமைக்குமானால், அது வீரமுடையவர்க்குத் தோல்வி அன்றோ.","At elephant he hurls the dart in hand; for weapon pressed,
He laughs and plucks the javelin from his wounded breast.
The hero who after casting the lance in his hand on an elephant, comes (in search of another) will pluck the one (that sticks) in his body and laugh (exultingly).
",Military Spirit,படைச்செருக்கு,அமைச்சு இயல்,The Essentials of a State,WEALTH,பொருட்பால்
775,விழித்தகண் வேல்கொண் டெறிய அழித்திமைப்பின் ஓட்டன்றோ வன்க ணவர்க்கு,"Doesn’t it equal defeat, blinking the eyes when a spear is thrown at him,
the eyes that are staring the foe down.","வீரன் தன் கழிந்த நாட்களைக் கணக்கிட்டு, விழுப்புண் படாத நாட்களை எல்லாம் பயன் படாமல் தவறிய நாட்களுள் சேர்ப்பான்.","To hero fearless must it not defeat appear,
If he but wink his eye when foemen hurls his spear.
Is it not a defeat to the valiant to wink and destroy their ferocious look when a lance in cast at them (by their foe) ?",Military Spirit,படைச்செருக்கு,அமைச்சு இயல்,The Essentials of a State,WEALTH,பொருட்பால்
776,விழுப்புண் படாதநாள் எல்லாம் வழுக்கினுள் வைக்குந்தன் நாளை எடுத்து,"Count those as wasted days,
the days when you didn’t earn a wound in a battle.","பரந்து நிற்க்கும் புகழை விரும்பி, உயிர்வாழ்வையும் விரும்பாத வீரர், வீரக் கழலை காலில் கட்டிக்கொள்ளுதல் அழகு செய்யும் தன்மையுடையதாகும்.","The heroes, counting up their days, set down as vain
Each day when they no glorious wound sustain.
The hero will reckon among wasted days all those on which he had not received severe wounds.",Military Spirit,படைச்செருக்கு,அமைச்சு இயல்,The Essentials of a State,WEALTH,பொருட்பால்
777,சுழலும் இசைவேண்டி வேண்டா உயிரார் கழல்யாப்புக் காரிகை நீர்த்து,"The anklets of courage become ornate when they adorn
those who spurn their lives seeking lasting fame.","போர்வந்தால் உயிரின் பொருட்டு அஞ்சாமல் போர் செய்யத் துணியும் வீரர், அரசன் சினந்தாலும் தம்முடைய சிறப்புக் குன்றாதவர் ஆவர்.","Who seek for world-wide fame, regardless of their life,
The glorious clasp adorns, sign of heroic strife.
The fastening of ankle-ring by those who disire a world-wide renown and not (the safety of) their lives is like adorning (themselves).",Military Spirit,படைச்செருக்கு,அமைச்சு இயல்,The Essentials of a State,WEALTH,பொருட்பால்
778,உறினுயிர் அஞ்சா மறவர் இறைவன் செறினுஞ்சீர் குன்றல் இலர்,"When a battle begins, the warriors who war without fear for life,
do not let their vigour reduce even when the king restrains them.","தாம் உரைத்த சூள் தவராத படி போர் செய்து சாக வல்லவரை, அவர் செய்தப் பிழைக்காக தண்டிக்க வல்லவர் யார்.","Fearless they rush where'er 'the tide of battle rolls';
The king's reproof damps not the ardour of their eager souls.
The heroes who are not afraid of losing their life in a contest will not cool their ardour, even if the king prohibits (their fighting).",Military Spirit,படைச்செருக்கு,அமைச்சு இயல்,The Essentials of a State,WEALTH,பொருட்பால்
779,இழைத்த திகவாமைச் சாவாரை யாரே பிழைத்த தொறுக்கிற் பவர்,"When he is ready to embrace death to fulfill his vow,
who can taunt him for failure.","தம்மைக் காத்த தலைவருடைய கண்கள் நீர் பெருக்குமாறு சாகப் பெற்றால், சாவு இரந்தாவது பெற்றுக் கொள்ளத் தக்க பெருமை உடையதாகும்.","Who says they err, and visits them scorn,
Who die and faithful guard the vow they've sworn?
Who would reproach with failure those who seal their oath with their death ?
",Military Spirit,படைச்செருக்கு,அமைச்சு இயல்,The Essentials of a State,WEALTH,பொருட்பால்
780,புரந்தார்கண் நீர்மல்கச் சாகிற்பின் சாக்கா டிரந்துகோட் டக்க துடைத்து,"If one overwhelms his patron with tears while dying for him,
death deserves to be beseeched.","நட்பைப்போல் செய்து கொள்வதற்கு அருமையானவை எவை உள்ளன, அதுபோல் தொழிலுக்கு அரிய காவலாக இருப்பவை எவை உள்ளன.","If monarch's eyes o'erflow with tears for hero slain,
Who wou ld not beg such boon of glorious death to gain?
If (heroes) can so die as to fill with tears the eyes of their rulers, such a death deserves to be obtained even by begging.",Military Spirit,படைச்செருக்கு,அமைச்சு இயல்,The Essentials of a State,WEALTH,பொருட்பால்
781,செயற்கரிய யாவுள நட்பின் அதுபோல் வினைக்கரிய யாவுள காப்பு,"What is better than making friends?
What better protection can there be for accomplishing a task?","அறிவுடையவரின் நட்பு பிறை நிறைந்து வருதல் போன்ற தன்மையுடையது, அறிவில்லாதவரின் நட்பு முழுமதி தேய்ந்து பின் செல்லுதல் போன்ற தன்மையுடையன.","What so hard for men to gain as friendship true?
What so sure defence 'gainst all that foe can do?
What things are there so difficult to acquire as friendship ? What guards are there so difficult to break through by the efforts (of one's foes) ?
",Friendship,நட்பு ,அமைச்சு இயல்,The Essentials of a State,WEALTH,பொருட்பால்
782,நிறைநீர நீரவர் கேண்மை பிறைமதிப் பின்னீர பேதையார் நட்பு,"Amongst the wise, camaraderie waxes like the crescent,
and amongst fools, wanes like the full moon.","பழகப் பழக நற்பண்பு உடையவரின் நட்பு இன்பம் தருதல், நூலின் நற்பொருள் கற்கக் கற்க மேன்மேலும் இன்பம் தருதலைப் போன்றதாகும்.","Friendship with men fulfilled of good Waxes like the crescent moon;
Friendship with men of foolish mood, Like the full orb, waneth soon.
The friendship of the wise waxes like the new moon; (but) that of fools wanes like the full moon.
",Friendship,நட்பு ,அமைச்சு இயல்,The Essentials of a State,WEALTH,பொருட்பால்
783,நவில்தொறும் நூனயம் போலும் பயில்தொறும் பண்புடை யாளர் தொடர்பு,"The nuances of a book are enjoyed more, the deeper one reads it;
the more you nurture a friendship, the more the joy.","நட்புச் செய்தல் ஒருவரோடு ஒருவர் சிரித்து மகிழும் பொருட்டு அன்று, நண்பர் நெறிக்கடந்து செல்லும் போது முற்ப்பட்டுச் சென்று இடித்துரைப்பதற்காகும்.","Learned scroll the more you ponder, Sweeter grows the mental food;
So the heart by use grows fonder, Bound in friendship with the good.
Like learning, the friendship of the noble, the more it is cultivated, the more delightful does it become.",Friendship,நட்பு ,அமைச்சு இயல்,The Essentials of a State,WEALTH,பொருட்பால்
784,நகுதற் பொருட்டன்று நட்டல் மிகுதிக்கண் மேற்சென் றிடித்தற் பொருட்டு,"A friendship is not merely to have fun;
it is also to admonish when a friend errs.","நட்புச் செய்வதற்குத் தொடர்பும் பழக்கமும் வேண்டியதில்லை, ஒத்த உணர்ச்சியே நட்பு ஏற்படுத்துவதற்கு வேண்டிய உரிமையைக் கொடுக்கும்.","Nor for laughter only friendship all the pleasant day,
But for strokes of sharp reproving, when from right you stray.
Friendship is to be practised not for the purpose of laughing but for that of being beforehand in giving one another sharp rebukes in case of transgression.
",Friendship,நட்பு ,அமைச்சு இயல்,The Essentials of a State,WEALTH,பொருட்பால்
785,புணர்ச்சி பழகுதல் வேண்டா உணர்ச்சிதான் நட்பாங் கிழமை தரும்,"Friendship is forged on shared feelings;
physical proximity or long association is inconsequential.","முகம் மட்டும் மலரும் படியா நட்பு செய்வது நட்பு அன்று, நெஞ்சமும் மலரும் படியாக உள்ளன்பு கொண்டு நட்பு செய்வதே நட்பு ஆகும்.","Not association constant, not affection's token bind;
'Tis the unison of feeling friends unites of kindred mind.
Living together and holding frequent intercourse are not necessary (for friendship); (mutual) understanding can alone create a claim for it.
",Friendship,நட்பு ,அமைச்சு இயல்,The Essentials of a State,WEALTH,பொருட்பால்
786,முகநக நட்பது நட்பன்று நெஞ்சத் தகநக நட்பது நட்பு,"A smile on the face does not make a friendship;
a smile in the depths of the heart does.","அழிவைத் தரும் தீமைகளிலிருந்து நீக்கி, நல்ல வழியில் நடக்கச் செய்து, அழிவுவந்த காலத்தில் உடனிருந்து துன்பப்படுவதே நட்பாகும்.","Not the face's smile of welcome shows the friend sincere,
But the heart's rejoicing gladness when the friend is near.
The love that dwells (merely in the smiles of the face is not friendship; (but) that which dwells deep in the smiles of the heart is true friendship.
",Friendship,நட்பு ,அமைச்சு இயல்,The Essentials of a State,WEALTH,பொருட்பால்
787,அழிவி னவைநீக்கி ஆறுய்த் தழிவின்கண் அல்லல் உழப்பதாம் நட்பு,"Rescuing from ruin, steering along the right path,
and when in distress, sharing it, is friendship.","உடைநெகிழ்ந்தவனுடைய கை, உடனே உதவிக்காப்பது போல் (நண்பனுக்குத் துன்பம் வந்தால்) அப்போதே சென்று துன்பத்தைக் களைவது நட்பு.","Friendship from ruin saves, in way of virtue keeps;
In troublous time, it weeps with him who weeps.
(True) friendship turns aside from evil (ways) makes (him) walk in the (good) way, and, in case of loss if shares his sorrow (with him).
",Friendship,நட்பு ,அமைச்சு இயல்,The Essentials of a State,WEALTH,பொருட்பால்
788,உடுக்கை இழந்தவன் கைபோல ஆங்கே இடுக்கண் களைவதாம் நட்பு,"Like the hand that moves reflexively when the dress slips,
a friend reacts swiftly to remove a woe.","நட்புக்கு சிறந்த நிலை எது என்றால், எப்போதும் வேறுபடுதல் இல்லாமல், முடியும் போதெல்லாம் உதவி செய்து தாங்கும் நிலையாகும்.","As hand of him whose vesture slips away,
Friendship at once the coming grief will stay.
(True) friendship hastens to the rescue of the afflicted (as readily) as the hand of one whose garment is loosened (before an assembly).
",Friendship,நட்பு ,அமைச்சு இயல்,The Essentials of a State,WEALTH,பொருட்பால்
789,நட்பிற்கு வீற்றிருக்கை யாதெனிற் கொட்பின்றி ஒல்லும்வாய் ஊன்றும் நிலை,"Crowning glory for friendship is when
a friend supports unflinchingly in all ways.","இவர் எமக்கு இத்தன்மையானவர், யாம் இவர்க்கு இத் தன்மையுடையேம் என்று புனைந்துரைத்தாலும் நட்பு சிறப்பிழந்து விடும்.","And where is friendship's royal seat? In stable mind,
Where friend in every time of need support may find.
Friendship may be said to be on its throne when it possesses the power of supporting one at all times and under all circumstances, (in the practice or virtue and wealth).
",Friendship,நட்பு ,அமைச்சு இயல்,The Essentials of a State,WEALTH,பொருட்பால்
790,இனையர் இவரெமக் கின்னம்யாம் என்று புனையினும் புல்லென்னும் நட்பு,"“He is so dear to me; I mean so much to him” –
to even utter this, takes the lustre off friendship.","நட்புச் செய்தபிறகு நட்பை உடையவர்க்கு அதிலிருந்து விடுதலை இல்லை, ஆகையால் ஆராயாமல் நட்புச் செய்வது போல் கெடுதியானது வேறு இல்லை.","Mean is the friendship that men blazon forth,
'He's thus to me' and 'such to him my worth'.
Though friends may praise one another saying, ""He is so intimate with us, and we so much (with him)""; (still) such friendship will appear mean.",Friendship,நட்பு ,அமைச்சு இயல்,The Essentials of a State,WEALTH,பொருட்பால்
791,நாடாது நட்டலிற் கேடில்லை நட்டபின் வீடில்லை நட்பாள் பவர்க்கு,"Nothing can be more pernicious than accepting a friend without assessing; after accepting,
there is no letting go of them.","ஆராய்ந்து ஆராய்ந்து நட்புக் கொள்ளாதவனுடைய நட்பு, இறுதியில் தான் சாவதற்க்குக் காரணமானத் துயரத்தை உண்டாக்கிவிடும்.","To make an untried man your friend is ruin sure;
For friendship formed unbroken must endure.
As those who are of a friendly nature will not forsake (a friend) after once loving (him), there is no evil so great as contracting a friendship without due inquiry.
",Investigation in forming Friendships,நட்பாராய்தல்,அமைச்சு இயல்,The Essentials of a State,WEALTH,பொருட்பால்
792,ஆய்ந்தாய்ந்து கொள்ளாதான் கேண்மை கடைமுறை தான்சாம் துயரம் தரும்,"Assess and assess before taking a friend,
else the ensuing anguish will be fatal.","ஒருவனுடைய குணத்தையும், குடிப்பிறப்பையும் குற்றத்தையும் குறையாத இனத்தாரின் இயல்பையும் அறிந்து அவனேடு நட்புக் கொள்ள வேண்டும்.","Alliance with the man you have not proved and proved again,
In length of days will give you mortal pain.
The friendship contracted by him who has not made repeated inquiry will in the end grieve (him) to death.
",Investigation in forming Friendships,நட்பாராய்தல்,அமைச்சு இயல்,The Essentials of a State,WEALTH,பொருட்பால்
793,குணனும் குடிமையும் குற்றமும் குன்றா இனனும் அறிந்தியாக்க நட்பு,"Know one’s traits, roots, faults and flawless
kinship, and then forge a friendship.","உயர்ந்த குடியில் பிறந்து, தன்னிடத்தில் வருகின்றப் பழிக்கு நாணுகின்றவனைப் பொருள் கொடுத்தாவது நட்பு கொள்ளவேண்டும்.","Temper, descent, defects, associations free
From blame: know these, then let the man be friend to thee.
Make friendship (with one) after ascertaining (his) character, birth, defects and the whole of one's relations.
",Investigation in forming Friendships,நட்பாராய்தல்,அமைச்சு இயல்,The Essentials of a State,WEALTH,பொருட்பால்
794,குடிப்பிறந்து தன்கண் பழிநாணு வானைக் கொடுத்தும் கொளல்வேண்டும் நட்பு,"Of high birth, and fears disgrace –
give whatever and gain the friendship.","நன்மை இல்லாதச் சொற்களைக் கண்டபோது வருந்தும்படியாக இடிந்துச் சொல்லி, உலகநடையை அறிய வல்லவரின் நட்பை ஆராய்ப்து கொள்ள வேண்டும்.","Who, born of noble race, from guilt would shrink with shame,
Pay any price so yo u as friend that man may claim.
The friendship of one who belongs to a (good) family and is afraid of (being charged with) guilt, is worth even purchasing.",Investigation in forming Friendships,நட்பாராய்தல்,அமைச்சு இயல்,The Essentials of a State,WEALTH,பொருட்பால்
795,அழச்சொல்லி அல்ல திடித்து வழக்கறிய வல்லார்நட் பாய்ந்து கொளல்,"When you err, they may chide you till you cry,
and show you the right way – assess and accept their friendship.","கேடு வந்த போதும் ஒருவகை நன்மை உண்டு, அக் கேடு ஒருவனுடைய நண்பரின் இயல்புகளை நீட்டிஅளந்து பார்ப்பதொரு கோலாகும்.","Make them your chosen friend whose words repentance move,
With power prescription's path to show, while evil they reprove.
You should examine and secure the friendship of those who can speak so as to make you weep over a crime (before its commission) or rebuke you severely (after you have done it) and are able to teach you (the ways of) the world.
",Investigation in forming Friendships,நட்பாராய்தல்,அமைச்சு இயல்,The Essentials of a State,WEALTH,பொருட்பால்
796,கேட்டினும் உண்டோர் உறுதி கிளைஞரை நீட்டி அளப்பதோர் கோல்,"There is a gain in grief: it is a tool
to stretch and gauge a friend.","ஒருவனுக்கு ஊதியம் என்று சொல்லப்படுவது, அறிவில்லாதவறுடன் செய்து கொண்ட நட்பிலிருந்து நீங்கி அவரைக் கைவிடுதலாகும்.","Ruin itself one blessing lends:
'Tis staff that measures out one's friends.
Even in ruin there is some good; (for) it is a rod by which one may measure fully (the affection of one's) relations.
",Investigation in forming Friendships,நட்பாராய்தல்,அமைச்சு இயல்,The Essentials of a State,WEALTH,பொருட்பால்
797,ஊதியம் என்ப தொருவற்குப் பேதையார் கேண்மை ஒரீஇ விடல்,"It is a gain to lose
the friendship of a fool.","ஊக்கம் குறைவதற்குக் காரணமான செயல்களை எண்ணாமலிருக்க வேண்டும், அதுபோல் துன்பம் வந்த போது கைவிடுகின்றவரின் நட்பைக் கொள்ளாதிருக்க வேண்டும்.","Tis gain to any man, the sages say,
Friendship of fools to put away.
It is indead a gain for one to renounce the friendship of fools.",Investigation in forming Friendships,நட்பாராய்தல்,அமைச்சு இயல்,The Essentials of a State,WEALTH,பொருட்பால்
798,உள்ளற்க உள்ளஞ் சிறுகுவ கொள்ளற்க அல்லற்கண் ஆற்றறுப்பார் நட்பு,"Think not of trifles that stifle your fervor;
take not the friendship of those who desert in distress.","கேடு வரும் காலத்தில் கைவிட்டு ஒதுங்குகின்றவரின் நட்பு, எமன் கொல்லும் காலத்தில் நினைத்தாலும் நினைத்த உள்ளத்தை வருத்தும்.","Think not the thoughts that dwarf the soul; nor take
For friends the men who friends in time of grief forsake.
Do not think of things that discourage your mind, nor contract friendship with those who would forsake you in adversity.
",Investigation in forming Friendships,நட்பாராய்தல்,அமைச்சு இயல்,The Essentials of a State,WEALTH,பொருட்பால்
799,கெடுங்காலைக் கைவிடுவார் கேண்மை அடுங்காலை உள்ளினும் உள்ளஞ் சுடும்,"A friend who abandons in times of adversity, will torment
the heart even at death’s door.","குற்றமற்றவருடைய நட்பைக் கொள்ள வேண்டும், ஒத்தபண்பை இல்லாதவறுடைய நட்பை ஒன்றைக் கொடுத்தாவது கைவிட வேண்டும்.","Of friends deserting us on ruin's brink,
'Tis torture e'en in life's last hour to think.
The very thought of the friendship of those who have deserted one at the approach of adversity will burn one's mind at the time of death.
",Investigation in forming Friendships,நட்பாராய்தல்,அமைச்சு இயல்,The Essentials of a State,WEALTH,பொருட்பால்
800,மருவுக மாசற்றார் கேண்மையொன் றீத்தும ஒருவுக ஒப்பிலார் நட்பு,"Seek friendship with the impeccable; give anything
to sever ties with unbefitting allies.",பழைமை என்று சொல்லப்படுவது எது என்று வினாவினால் அது பழகியவர் உரிமைப் பற்றிச் செய்யும் செயலைக் கீழ்ப்படுத்தாமல் ஏற்கும் நட்பாகும்.,"Cling to the friendship of the spotless one's; whate'er you pay.
Renounce alliance with the men of evil way.
Continue to enjoy the friendship of the pure; (but) renounce even with a gift, the friendship of those who do not agree (with the world).",Investigation in forming Friendships,நட்பாராய்தல்,அமைச்சு இயல்,The Essentials of a State,WEALTH,பொருட்பால்
801,பழைமை எனப்படுவ தியாதெனின் யாதும் கிழமையைக் கீழ்ந்திடா நட்பு,"When a friend takes the liberty to do anything, and you never hinder it,
that is called rapport.","நட்பிற்க்கு உறுப்பாவது நண்பனுடைய உரிமைச் செயலாகும், அந்த உரிமைச் செயலுக்கு உடன்பட்டவராதல் சான்றோரின் கடமையாகும்.","Familiarity is friendship's silent pact,
That puts restraint on no familiar act.
Imtimate friendship is that which cannot in the least be injured by (things done through the) right (of longstanding intimacy).",Familiarity,பழமை,அமைச்சு இயல்,The Essentials of a State,WEALTH,பொருட்பால்
802,நட்பிற் குறுப்புக் கெழுதகைமை மற்றதற் குப்பாதல் சான்றோர் கடன்,"Taking the liberty is a part of friendship; to oblige and salt it
is the duty of the noble.",பழகியவர் உரிமைப்பற்றிச் செய்யும் செயலைத் தாம் செய்தது போலவேக் கருதி உடன்படாவிட்டால் அவரோடு தாம் பழகிய நட்பு என்ன பயன் தரும்.,"Familiar freedom friendship's very frame supplies;
To be its savour sweet is duty of the wise.
The constituents of friendship are (things done through) the right of intimacy; to be pleased with such a right is the duty of the wise.",Familiarity,பழமை,அமைச்சு இயல்,The Essentials of a State,WEALTH,பொருட்பால்
803,பழகிய நட்பெவன் செய்யுங் கெழுதகைமை செய்தாங் கமையாக் கடை,"What purpose does intimate friendship serve, when one can’t indulge
a friend who uses his rights to do something unsolicited.","உரிமையால் கேளாமலே நண்பர் ஒன்றைச் செய்தால், அந்த உரிமையைப் போற்றி விரும்பும் தன்மையோடு அச் செயலையும் விரும்பி உடன்பட்டிருப்பர் அறிஞர்.","When to familiar acts men kind response refuse,
What fruit from ancient friendship's use?
Of what avail is long-standing friendship, if friends do not admit as their own actions done through the right of intimacy ?",Familiarity,பழமை,அமைச்சு இயல்,The Essentials of a State,WEALTH,பொருட்பால்
804,விழைதகையான் வேண்டி இருப்பர் கெழுதகையாற் கேளாது நட்டார் செயின்,"Without asking, when a friend acts, presuming assent,
one accepts it as if they desired it.",வருந்ததக்க செயல்களை நண்பர் செய்தால் அதற்குக் காரணம் அறியாமை என்றாவது மிகுந்த உரிமை என்றாவது உணரவேண்டும்.,"When friends unbidden do familiar acts with loving heart,
Friends take the kindly deed in friendly part.
If friends, through the right of friendship, do (anything) without being asked, the wise will be pleased with them on account of its desirability.
",Familiarity,பழமை,அமைச்சு இயல்,The Essentials of a State,WEALTH,பொருட்பால்
805,பேதைமை ஒன்றோ பெருங்கிழமை என்றுணர்க நோதக்க நட்டார் செயின்,"Discern it not merely as ignorance, but as a sign of intimacy,
when a friend does an undesired act that hurts.","உரிமை வாழ்வின் எல்லையில் நின்றவர், தமக்கு அழிவுநேர்ந்தவிடத்திலும் பழைமையாய் உறவு கொண்டு நின்றவரின் தொடர்பைக் கைவிட மாட்டார்.","Not folly merely, but familiar carelessness,
Esteem it, when your friends cause you distress.
If friends should perform what is painful, understand that it is owing not only to ignorance, but also to the strong claims of intimacy.",Familiarity,பழமை,அமைச்சு இயல்,The Essentials of a State,WEALTH,பொருட்பால்
806,எல்லைக்கண் நின்றார் துறவார் தெலைவிடத்தும் தொல்லைக்கண் நின்றார் தொடர்பு,"A friend who has stood by you at all times, even when he causes harm –
those who know the expanse of friendship will never let go.","அன்புடன் தொன்றுதொட்டு வந்த உறவை உடையவர், அழிவுதரும் செயல்களை பழகியவர் செய்த போதிலும் தம் அன்பு நீங்காமலிருப்பர்.","Who stand within the bounds quit not, though loss impends,
Association with the old familiar friends.
Those who stand within the limits (of true friendship) will not even in adversity give up the intimacy of long-standing friends.",Familiarity,பழமை,அமைச்சு இயல்,The Essentials of a State,WEALTH,பொருட்பால்
807,அழிவந்த செய்யினும் அன்பறார் அன்பின் வழிவந்த கேண்மை யவர்,"In friendships built on love, no love is lessened
even when one does a destructive deed.","பழகிய நண்பர் செய்த தவறு பற்றிப் பிறர் சொன்னாலும், கேளாமலிருக்கும் உரிமை வல்லவர்க்கு, அந்த நண்பர் தவறுசெய்வாரானால் அது பயனுள்ள நாளாகும்.","True friends, well versed in loving ways,
Cease not to love, when friend their love betrays.
Those who have (long) stood in the path of affection will not give it up even if their friends cause (them) their ruin.",Familiarity,பழமை,அமைச்சு இயல்,The Essentials of a State,WEALTH,பொருட்பால்
808,கேளிழுக்கங் கேளாக் கெழுதகைமை வல்லார்க்கு நாளிழுக்கம் நட்டார் செயின்,"For one who brooks no charges against an intimate friend,
the day is made when the friend errs.",உரிமை கெடாமல் தொன்று தொட்டு வந்த உறவு உடையவரின் தொடர்பைக் கைவிடாதவரை உலகம் விரும்பிப் போற்றும்.,"In strength of friendship rare of friend's disgrace who will not hear,
The day his friend offends will day of grace to him appear.
To those who understand that by which they should not listen to (tales about) the faults of their friends, that is a (profitable) day on which the latter may commit a fault.
",Familiarity,பழமை,அமைச்சு இயல்,The Essentials of a State,WEALTH,பொருட்பால்
809,கெடாஅ வழிவந்த கேண்மையார் கேண்மை விடாஅர் விழையும் உலகு,"Friends with resolute rapport, will never let it
rupture even if the world wills it.","(தவறு செய்த போதிலும்)பழகிய நண்பரிடத்தில் தம் உரிமை பண்பிலிருந்து மாறாதவர், தம் பகைவராலும் விரும்பப்படுதற்குறிய சிறப்பை அடைவர்","Friendship of old and faithful friends,
Who ne'er for sake, the world commends.
They will be loved by the world, who have not forsaken the friendship of those with whom they have kept up an unbroken long-standing intimacy.",Familiarity,பழமை,அமைச்சு இயல்,The Essentials of a State,WEALTH,பொருட்பால்
810,விழையார் விழையப் படுப பழையார்கண் பண்பின் தலைப்பிரியா தார்,"One who by nature never breaks with intimate friends
Shall be loved even by those who loathe them.","அன்பு மிகுதியால் பருகுவார் போல் தோன்றினாலும் நற்பண்பு இல்லாதவரின் நட்பு, வளர்ந்து பெருகுவதை விடத் தேய்ந்து குறைவது நல்லது.","Ill-wishers even wish them well, who guard.
For ancient friends, their wonted kind regard.
Even enemies will love those who have never changed in their affection to their long-standingfriends.",Familiarity,பழமை,அமைச்சு இயல்,The Essentials of a State,WEALTH,பொருட்பால்
811,பருகுவார் போலினும் பண்பிலார் கேண்மை பெருகலிற் குன்றல் இனிது,"Their gaze may seem to guzzle you lovingly; but let the ties
with characterless friends wane than flourish.","தமக்கு பயன் உள்ள போது நட்பு செய்து பயன் இல்லாத போது நீங்கிவிடும் தகுதியில்லாதவரின் நட்பைப் பெற்றாலும் என்ன பயன், இழந்தாலும் என்ன பயன்.","Though evil men should all-absorbing friendship show,
Their love had better die away than grow.
The decrease of friendship with those who look as if they would eat you up (through excess of love) while they are really destitute of goodness is far better than its increase.", Evil Friendship,தீ நட்பு,அமைச்சு இயல்,The Essentials of a State,WEALTH,பொருட்பால்
812,உறினட் டறினொரூஉம் ஒப்பிலார் கேண்மை பெறினும் இழப்பினும் என்,"Ill-suited mates who are intimate if they benefit and distant if they don’t –
does it matter if we gain them or lose them?","கிடைக்கும் பயனை அளந்து பார்க்கும் நண்பரும், அன்பைக் கொள்ளாமல் பெறுகின்ற பொருளைக் கொள்ளும் விலை மகளிரும், கள்வரும் ஒரு நிகரானவர்.","What though you gain or lose friendship of men of alien heart,
Who when you thrive are friends, and when you fail depart?
Of what avail is it to get or lose the friendship of those who love when there is gain and leave when there is none ?", Evil Friendship,தீ நட்பு,அமைச்சு இயல்,The Essentials of a State,WEALTH,பொருட்பால்
813,உறுவது சீர்தூக்கும் நட்பும் பெறுவது கொள்வாரும் கள்வரும் நேர்,"Friends who only gauge what they gain, whores who embrace only what they are paid,
and thieves are all the same.","போர் வந்த போது களத்தில் தள்ளிவிட்டு ஓடும் அறிவில்லாத குதிரை போன்றவரின் உறவை விட, ஒரு நட்பும் இல்லாமல் தனித்திருத்தலே சிறந்தது.","These are alike: the friends who ponder friendship's gain
Those who accept whate'er you give, and all the plundering train.
Friendship who calculate the profits (of their friendship), prostitutes who are bent on obtaining their gains, and thieves are (all) of the same character.
", Evil Friendship,தீ நட்பு,அமைச்சு இயல்,The Essentials of a State,WEALTH,பொருட்பால்
814,அமரகத் தாற்றறுக்கும் கல்லாமா அன்னார் தமரின் தனிமை தலை,"Better be lonely than have the company of those,
who are like untrained horses that can’t bear you on the battlefield.","காவல் செய்து வைத்தாலும் காவல் ஆகாத கீழ்மக்களின் தீய நட்பு, ஒருவனுக்கு ஏற்படுவதை விட ஏற்படாமலிருப்பதே நன்மையாகும்.","A steed untrained will leave you in the tug of war;
Than friends like that to dwell alone is better far.
Solitude is more to be desired than the society of those who resemble the untrained horses which throw down (their riders) in the fields of battle.
", Evil Friendship,தீ நட்பு,அமைச்சு இயல்,The Essentials of a State,WEALTH,பொருட்பால்
815,செய்தேமஞ் சாராச் சிறியவர் புன்கேண்மை எய்தலின் எய்தாமை நன்று,"Regardless of what you do, petty people who can’t protect you –
it is better not to gain their vain friendship.",அறிவில்லாதவனுடைய மிகப் பொருந்திய நட்பை விட அறிவுடையவரின் நட்பில்லாத தன்மை கோடி மடங்கு நன்மை தருவதாகும்.,"Tis better not to gain than gain the friendship profitless
Of men of little minds, who succour fails when dangers press.
It is far better to avoid that to contract the evil friendship of the base who cannot protect (their friends) even when appointed to do so.
", Evil Friendship,தீ நட்பு,அமைச்சு இயல்,The Essentials of a State,WEALTH,பொருட்பால்
816,பேதை பெருங்கெழீஇ நட்பின் அறிவுடையார் ஏதின்மை கோடி உறும்,"Million times worthwhile it is to be foes with the wise
than be bosom friends with the foolish.","(அகத்தில் அன்பு இல்லாமல் புறத்தில்) நகைக்கும் தன்மை உடையவரின் நட்பை விட, பகைவரால் வருவன பத்துகோடி மடங்கு நன்மையாகும்.","Better ten million times incur the wise man's hate,
Than form with foolish men a friendship intimate.
The hatred of the wise is ten-million times more profitable than the excessive intimacy of the fool.
", Evil Friendship,தீ நட்பு,அமைச்சு இயல்,The Essentials of a State,WEALTH,பொருட்பால்
817,நகைவகைய ராகிய நட்பின் பகைவரால் பத்தடுத்த கோடி உறும்,"Billion times rewarding it is to have adversaries
than friends who engage only in ridicule.","முடியும் செயலையும் முடியாத படி செய்து கெடுப்பவரின் உறவை, அவர் அறியுமாறு ஒன்றும் செய்யாமலே தளரச் செய்து கைவிட வேண்டும்.","From foes ten million fold a greater good you gain,
Than friendship yields that's formed with laughers vain.
What comes from enemies is a hundred million times more profitable than what comes from the friendship of those who cause only laughter.
", Evil Friendship,தீ நட்பு,அமைச்சு இயல்,The Essentials of a State,WEALTH,பொருட்பால்
818,ஒல்லும் கருமம் உடற்று பவர்கேண்மை சொல்லாடார் சோர விடல்,"If a friend keeps shirking from doing what they are capable of,
make no fuss and let the ties wither away.","செய்யும் செயல் வேறாகவும் சொல்லும் சொல் வேறாகவும் உள்ளவரின் நட்பு, ஒருவனுக்கு கனவிலும் துன்பம் தருவதாகும்.","Those men who make a grievous toil of what they do
On your behalf, their friendship silently eschew.
Gradually abandon without revealing (beforehand) the friendship of those who pretend inability to carry out what they (really) could do.
", Evil Friendship,தீ நட்பு,அமைச்சு இயல்,The Essentials of a State,WEALTH,பொருட்பால்
819,கனவினும் இன்னாது மன்னோ வினைவேறு சொல்வேறு பட்டார் தொடர்பு,"Bonds with those whose words and deeds differ,
alas, causes mayhem even in dreams.","தனியே வீட்டில் உள்ளபோது பொருந்தியிருந்து, பலர் கூடிய மன்றத்தில் பழித்து பேசுவோரின் நட்பை எவ்வளவு சிறிய அளவிலும் அணுகாமல் விட வேண்டும்.","E'en in a dream the intercourse is bitterness
With men whose deeds are other than their words profess.
The friendship of those whose actions do not agree with their words will distress (one) even in (one's) dreams.
", Evil Friendship,தீ நட்பு,அமைச்சு இயல்,The Essentials of a State,WEALTH,பொருட்பால்
820,எனைத்துங் குறுகுதல் ஓம்பல் மனைக்கெழீஇ மன்றிற் பழிப்பார் தொடர்பு,"Cosy in private and derisive in public –
allow not a hint of a link with such a person.","அகத்தே பொருந்தாமல் புறத்தே பொருந்தி நடப்பவரின் நட்பு, தக்க இடம் கண்டபோது எறிவதற்கு உரிய பட்டையாகும்.","In anywise maintain not intercourse with those,
Who in the house are friends, in hall are slandering foes.
Avoid even the least approach to a contraction of friendship with those who would love you in private but ridicule you in public.", Evil Friendship,தீ நட்பு,அமைச்சு இயல்,The Essentials of a State,WEALTH,பொருட்பால்
821,சீரிடங் காணின் எறிதற்குப் பட்டடை நேரா நிரந்தவர் நட்பு,"Fair-weather friendship based on opportunism than feelings
is like an anvil to take the blow when the tool has to strike.","இனம் போலவே இருந்து உண்மையில் இனம் அல்லாதவரின் நட்பு, பொதுமகளிரின் மனம் போல உள்ளொன்று புறமொன்றாக வேறுபட்டு நிற்கும்.","Anvil where thou shalt smitten be, when men occasion find,
Is friendship's form without consenting mind.
The friendship of those who behave like friends without inward affection is a weapon that may be thrown when a favourable opportunity presents itself.", Unreal Friendship,கூடா நட்பு,அமைச்சு இயல்,The Essentials of a State,WEALTH,பொருட்பால்
822,இனம்போன் றினமல்லார் கேண்மை மகளிர் மனம்போல வேறு படும்,"Friendship with those who profess amity but lack it
will oscillate like the heart of a woman.","பல நல்ல நூல்களைக் கற்றுத் தேர்ந்த போதிலும், அவற்றின் பயனாக நல்ல மனம் உடையவராகப் பழகுதல், (உள்ளன்பினால்) மாட்சியடையாதவர்க்கு இல்லை.","Friendship of those who seem our kin, but are not really kind.
Will change from hour to hour like woman's mind.
The friendship of those who seem to be friends while they are not, will change like the love of women.", Unreal Friendship,கூடா நட்பு,அமைச்சு இயல்,The Essentials of a State,WEALTH,பொருட்பால்
823,பலநல்ல கற்றக் கடைத்து மனநல்லர் ஆகுதல் மாணார்க் கரிது,"They may have learnt from many a good book
but the ungracious shall never turn good-natured.",முகத்தால் இனிமையாகச் சிரித்துப் பழகி அகத்தில் தீமை கொண்டுள்ள வஞ்சகருடன் நட்பு கொள்வதற்கு அஞ்ச வேண்டும்.,"To heartfelt goodness men ignoble hardly may attain,
Although abundant stores of goodly lore they gain.
Though (one's) enemies may have mastered many good books, it will be impossible for them to become truly loving at heart.", Unreal Friendship,கூடா நட்பு,அமைச்சு இயல்,The Essentials of a State,WEALTH,பொருட்பால்
824,முகத்தின் இனிய நகாஅ அகத்தின்னா வஞ்சரை அஞ்சப் படும்,"The schemers with a sweet smile on the face
but devious at heart ought to be feared.",மனத்தால் தம்மொடு பொருந்தாமல் பழகுகின்றவரை அவர் கூறுகின்ற சொல்லைக் கொண்டு எத்தகைய ஒரு செயலிலும் நம்பித் தெளியக்கூடாது.,"Tis fitting you should dread dissemblers' guile,
Whose hearts are bitter while their faces smile.
One should fear the deceitful who smile sweetly with their face but never love with their heart.", Unreal Friendship,கூடா நட்பு,அமைச்சு இயல்,The Essentials of a State,WEALTH,பொருட்பால்
825,மனத்தின் அமையா தவரை எனைத்தொன்றும் சொல்லினால் தேறற்பாற் றன்று,"When the hearts don’t converge, never conclude
based on their words to embark on any task.",நண்பர்போல் நன்மையானவற்றைச் சொன்னபோதிலும் பகைமை கொண்டவர் சொல்லும் சொற்களின் உண்மைத் தன்மை விரைவில் உணரப்படும்.,"When minds are not in unison, 'its never; just,
In any words men speak to put your trust.
In nothing whatever is it proper to rely on the words of those who do not love with their heart.", Unreal Friendship,கூடா நட்பு,அமைச்சு இயல்,The Essentials of a State,WEALTH,பொருட்பால்
826,நட்டார்போல் நல்லவை சொல்லினும் ஒட்டார்சொல் ஒல்லை உணரப் படும்,"Though, like friends, they speak of what is right,
words of foes will be exposed right away.","வில்லின் வணக்கம் வணக்கமாக இருந்தாலும் தீங்கு செய்தலைக்குறித்தமையால், பகைவரிடத்திலும் அவருடைய சொல்லின் வணக்கத்தை நன்மையாகக் கொள்ளக் கூடாது.","Though many goodly words they speak in friendly tone,
The words of foes will speedily be known.
Though (one's) foes may utter good things as though they were friends, once will at once understand (their evil, import).
", Unreal Friendship,கூடா நட்பு,அமைச்சு இயல்,The Essentials of a State,WEALTH,பொருட்பால்
827,சொல்வணக்கம் ஒன்னார்கண் கொள்ளற்க வில்வணக்கம் தீங்கு குறித்தமை யான்,"The bow bends not to greet but to hurt.
Likewise, the greeting of your enemy signifies no bonhomie.","பகைவர் வணங்கித் தொழுத கையினுள்ளும் கொலைக்கருவி மறைந்திருக்கும், பகைவர் அழுதுசொரிந்த கண்ணீரும் அத்தன்மையானதே.","To pliant speech from hostile lips give thou no ear;
'Tis pliant bow that show the deadly peril near!
Since the bending of the bow bespeaks evil, one should not accept (as good) the humiliating speeches of one's foes.", Unreal Friendship,கூடா நட்பு,அமைச்சு இயல்,The Essentials of a State,WEALTH,பொருட்பால்
828,தொழுதகை யுள்ளும் படையொடுங்கும் ஒன்னார் அழுதகண் ணீரும் அனைத்து,"Hands folded in reverence may conceal a weapon;
so do the tears of your foes.",புறத்தே மிகுதியாக நட்புத் தோன்றச் செய்து அகத்தில் இகழ்கின்றவரைத் தாமும் அந் நட்பில் நகைத்து மகிழுமாறு செய்து அத் தொடர்பு சாகுமாறு நடக்க வேண்டும்.,"In hands that worship weapon ten hidden lies;
Such are the tears that fall from foeman's eyes.
A weapon may be hid in the very hands with which (one's) foes adore (him) (and) the tears they shed are of the same nature.", Unreal Friendship,கூடா நட்பு,அமைச்சு இயல்,The Essentials of a State,WEALTH,பொருட்பால்
829,மிகச்செய்து தம்மெள்ளு வாரை நகச்செய்து நட்பினுட் சாப்புல்லற் பாற்று,"Exuding affection externally but harboring derision inside –
humour such people but let their friendship fade away.",பகைவர் நண்பராகும் காலம் வரும் போது முகத்தளவில் நட்பு கொண்டு அகத்தில் நட்பு நீங்கி வாய்ப்புக் கிடைத்த போது அதையும் விட வேண்டும்.,"Tis just, when men make much of you, and then despise,
To make them smile, and slap in friendship's guise.
It is the duty of kings to affect great love but make it die (inwardly); as regard those foes who shew them great friendship but despise them (in their heart).
", Unreal Friendship,கூடா நட்பு,அமைச்சு இயல்,The Essentials of a State,WEALTH,பொருட்பால்
830,பகைநட்பாங் காலம் வருங்கால் முகநட் டகநட் பொரீஇ விடல்,"If there comes a time for camaraderie with your adversaries,
sport it on the face but keep it out of your heart.","பேதைமை என்று சொல்லப்படுவது யாது என்றால், தனக்கு கெடுதியானதைக் கைக் கொண்டு ஊதியமானதை கைவிடுதலாகும்.","When time shall come that foes as friends appear,
Then thou, to hide a hostile heart, a smiling face may'st wear.
When one's foes begin to affect friendship, one should love them with one's looks, and, cherishing no love in the heart, give up (even the former).", Unreal Friendship,கூடா நட்பு,அமைச்சு இயல்,The Essentials of a State,WEALTH,பொருட்பால்
831,பேதைமை என்பதொன் றியாதெனின் ஏதங்கொண் டூதியம் போக விடல்,"Naivete can be defined as embracing all that is detrimental
and relinquishing all that is rewarding.","ஒருவனுக்கு பேதைமை எல்லாவற்றிலும் மிக்க பேதைமை, தன் ஒழுக்கத்திற்குப் பொருந்தாததில் தன் விருப்பத்தை செலுத்துதல் ஆகும்.","What one thing merits folly's special name.
Letting gain go, loss for one's own to claim!
Folly is one (of the chief defects); it is that which (makes one) incur loss and forego gain.",Folly,பேதைமை,அமைச்சு இயல்,The Essentials of a State,WEALTH,பொருட்பால்
832,பேதைமையுள் எல்லாம் பேதைமை காதன்மை கையல்ல தன்கண் செயல்,"The height of naivete is to fall in love with
what can never be one’s own.","தகாதவற்றிற்கு நாணாமலிருத்தல், தக்கவற்றை நாடாமலிருத்தல், அன்பு இல்லாமை, நன்மை ஒன்றையும் விரும்பாமை ஆகியவை பேதையின் தொழில்கள்.","Mid follies chiefest folly is to fix your love
On deeds which to your station unbefitting prove.
The greatest folly is that which leads one to take delight in doing what is forbidden.",Folly,பேதைமை,அமைச்சு இயல்,The Essentials of a State,WEALTH,பொருட்பால்
833,நாணாமை நாடாமை நாரின்மை யாதொன்றும் பேணாமை பேதை தொழில்,"Lack of remorse, having no mission, being devoid of compassion,
inability to cherish anything are traits of the witless.","நூல்களை ஓதியும், அவற்றின் பொருளை உணர்ந்தும், பிறர்க்கு எடுத்துச் சொல்லியும் தான் அவற்றின் நெறியில் அடங்கி ஒழுகாதப் பேதைப் போல் வேறு பேதையர் இல்லை.","Ashamed of nothing, searching nothing out, of loveless heart,
Nought cherishing, 'tis thus the fool will play his part.
Shamelessness indifference (to what must be sought after), harshness, and aversion for everything (that ought to be desired) are the qualities of the fool.",Folly,பேதைமை,அமைச்சு இயல்,The Essentials of a State,WEALTH,பொருட்பால்
834,ஓதி உணர்ந்தும் பிறர்க்குரைத்தும் தானடங்காப் பேதையிற் பேதையார் இல்,"There is no greater dolt than one who has learnt the essential texts,
grasped their essence and expounds them to others but does not abide by them.",எழுப்பிறப்பிலும் தான் புகுந்து அழுந்துவதற்கு உரிய நரகத் துன்பத்தைப் பேதைத் தன் ஒருபிறவியில் செய்து கொள்ள வல்லவனாவான்.,"The sacred law he reads and learns, to other men expounds,-
Himself obeys not; where can greater fool be found?
There are no greater fools than he who, though he has read and understood (a great deal) and even taught it to others, does not walk according to his own teaching.",Folly,பேதைமை,அமைச்சு இயல்,The Essentials of a State,WEALTH,பொருட்பால்
835,ஒருமைச் செயலாற்றும் பேதை எழுமையும் தான்புக் கழுந்தும் அளறு,"The deeds of a dimwit in one life is enough
to doom him in hell for seven lifetimes.","ஒழுக்க நெறி அறியத பேதை ஒருச் செயலை மேற்கொண்டால் (அந்த செயல் முடிவுபெறாமல்) பொய்படும், அன்றியும் அவன் குற்றவாளியாகித் தளை பூணுவான்.","The fool will merit hell in one brief life on earth,
In which he entering sinks through sevenfold round of birth.
A fool can procure in a single birth a hell into which he may enter and suffer through all the seven births.
",Folly,பேதைமை,அமைச்சு இயல்,The Essentials of a State,WEALTH,பொருட்பால்
836,பொய்படும் ஒள்றோ புனைபூணும் கையறியாப் பேதை வினைமேற் கொளின்,"If an injudicious idiot takes up a task, it is not only
destined to fail but will also land him up in fetters.","பேதை பெருஞ் செல்வம் அடைந்த போது ( அவனோடு தொடர்பில்லாத) அயலார் நிறைய நன்மை பெற, அவனுடைய சுற்றத்தார் வருந்துவர்.","When fool some task attempts with uninstructed pains,
It fails; nor that alone, himself he binds with chains.
If the fool, who knows not how to act undertakes a work, he will (certainly) fail. (But) is it all ? He will even adorn himself with fetters.
",Folly,பேதைமை,அமைச்சு இயல்,The Essentials of a State,WEALTH,பொருட்பால்
837,ஏதிலார் ஆரத் தமர்பசிப்பர் பேதை பெருஞ்செல்வம் உற்றக் கடை,"When great wealth falls on a fool,
strangers shall feast, while the kith and kin starve.",பேதை தன் கையில் ஒரு பொருள் பெற்றால் (அவன் நிலைமை) பித்து பிடித்த ஒருவன் கள்குடித்து மயங்கினார் போன்றதாகும்.,"When fools are blessed with fortune's bounteous store,
Their foes feed full, their friends are prey to hunger sore.
If a fool happens to get an immense fortune, his neighbours will enjoy it while his relations starve.",Folly,பேதைமை,அமைச்சு இயல்,The Essentials of a State,WEALTH,பொருட்பால்
838,மையல் ஒருவன் களித்தற்றாற் பேதைதன் கையொன் றுடைமை பெறின்,"When an idiot ends up possessing something,
it resembles someone already in a groggy state getting drunk.","பேதையிரிடமிருந்து பிரிவு நேர்ந்த போது, அப்பிரிவு துன்பம் ஒன்றும் தருவதில்லை, ஆகையால் பேதையரிடம் கொள்ளும் நட்பு மிக இனியதாகும்.","When folly's hand grasps wealth's increase, 'twill be
As when a mad man raves in drunken glee.
A fool happening to possess something is like the intoxication of one who is (already) giddy.",Folly,பேதைமை,அமைச்சு இயல்,The Essentials of a State,WEALTH,பொருட்பால்
839,பெரிதினிது பேதையார் கேண்மை பிரிவின்கண் பீழை தருவதொன் றில்,"Friendship with dimwits is terribly sweet;
there is no grief when they part.","சான்றோரின் கூட்டத்தில் பேதை புகுதல், ஒருவன் தூய்மையில்லாதவற்றை மிதித்துக் கழுவாதக் காலைப் படுக்கையில் வைத்தாற் போன்றது.","Friendship of fools i s very pleasant thing,
Parting with them will leave behind no sting.
The friendship between fools is exceedingly delightful (to each other): for at parting there will be nothing to cause them pain.",Folly,பேதைமை,அமைச்சு இயல்,The Essentials of a State,WEALTH,பொருட்பால்
840,கழாஅக்கால் பள்ளியுள் வைத்தற்றாற் சான்றோர் குழாஅத்துப் பேதை புகல்,"A fool mingling with the learned and noble
is like placing unwashed dirty feet on a clean bed.","அறியாமையே இல்லாமைப் பலவற்றுளளும் கொடிய இல்லாமையாகும், மற்ற இல்லாமைகளை உலகம் அத்தகைய இல்லாமையாகக் கருதாது.","Like him who seeks his couch with unwashed feet,
Is fool whose foot intrudes where wise men meet.
The appearance of a fool in an assembly of the learned is like placing (one's) unwashed feet on a bed.",Folly,பேதைமை,அமைச்சு இயல்,The Essentials of a State,WEALTH,பொருட்பால்
841,அறிவின்மை அன்மையுள் இன்மை பிறிதின்மை இன்மையா வையா துலகு,"Lack of wisdom is the worst that one can lack;
whatever else they lack, the world cares not.","அறிவில்லாதவவன் மனம் மகிழ்ந்து ஒரு பொருளைக் கொடுத்தலுக்கு காரணம், வேறொன்றும் இல்லை, அப் பொருளைப் பெறுகின்றவனுடைய நல்வினையே ஆகும்.","Want of knowledge, 'mid all wants the sorest want we deem;
Want of other things the world will not as want esteem.
The want of wisdom is the greatest of all wants; but that of wealth the world will not regard as such.
",Ignorance,புல்லறிவாண்மை,அமைச்சு இயல்,The Essentials of a State,WEALTH,பொருட்பால்
842,அறிவிலான் நெஞ்சுவந் தீதல் பிறிதியாதும் இல்லை பெறுவான் தவம்,"If ever the unwise give wholeheartedly,
it is nothing but the result of the receiver’s penance.",அறிவில்லாதவர் தம்மைத்தாமே துன்புறுத்தும் துன்பம் அவருடைய பகைவர்க்கும் செய்யமுடியாத அளவினதாகும்.,"The gift of foolish man, with willing heart bestowed, is nought,
But blessing by receiver's penance bought.
(The cause of) a fool cheerfully giving (something) is nothing else but the receiver's merit (in a former birth).",Ignorance,புல்லறிவாண்மை,அமைச்சு இயல்,The Essentials of a State,WEALTH,பொருட்பால்
843,அறிவிலார் தாந்தம்மைப் பீழிக்கும் பீழை செறுவார்க்கும் செய்தல் அரிது,"The injury that the unintelligent can inflict on themselves –
not even their enemies can fare better.",புல்லறிவு என்று சொல்லப்படுவது யாது என்றால் யாம் அறிவுடையேம் என்று ஒருவன் தன்னைத்தான் மதித்துகொள்ளும் செருக்காகும்.,"With keener anguish foolish men their own hearts wring,
Than aught that even malice of their foes can bring.
The suffering that fools inflict upon themselves is hardly possible even to foes.
",Ignorance,புல்லறிவாண்மை,அமைச்சு இயல்,The Essentials of a State,WEALTH,பொருட்பால்
844,வெண்மை எனப்படுவ தியாதெனின் ஒண்மை உடையம்யாம் என்னும் செருக்கு,"What is simplemindedness but
the vain presumption of one’s own intelligence.","அறிவில்லாதவர் தாம் கற்காத நூல்களை கற்றவர் போல் மேற்கொண்டு நடத்தல், அவர் குற்றமறக் கற்றுவல்ல பொருளைப் பற்றியும் மற்றவர்க்கு ஐயம் உண்டாகும்.","What is stupidity? The arrogance that cries,
'Behold, we claim the glory of the wise.'
What is called want of wisdom is the vanity which says, ""We are wise"".
",Ignorance,புல்லறிவாண்மை,அமைச்சு இயல்,The Essentials of a State,WEALTH,பொருட்பால்
845,கல்லாத மேற்கொண் டொழுகல் கசடற வல்லதூஉம் ஐயம் தரும்,"Brazenly acting out what one has not learnt
arouses doubts over that they’ve flawlessly mastered.","தம்மிடத்தில் உள்ளக் குற்றத்தை அறிந்து நீக்காத போது , உடம்பில் மறைப்பதற்குரிய பகுதியை மட்டும், ஆடையால் மறைத்தல் புல்லறிவாகும்.","If men what they have never learned assume to know,
Upon their real learning's power a doubt 'twill throw.
Fools pretending to know what has not been read (by them) will rouse suspicion even as to what they have thoroughly mastered.
",Ignorance,புல்லறிவாண்மை,அமைச்சு இயல்,The Essentials of a State,WEALTH,பொருட்பால்
846,அற்ற மறைத்தலோ புல்லறிவு தம்வயின் குற்றம் மறையா வழி,"It is simpleminded to cover one’s private parts
when there is no way to mask their flaws.",அரிய மறைபொருளை மனத்தில் வைத்துக் காக்காமல் சேர்த்தும் வெளிபடுத்தும் அறிவில்லாதவன் தனக்குத் தானே பெருந்தீங்கு செய்து கொள்வான்.,"Fools are they who their nakedness conceal,
And yet their faults unveiled reveal.
Even to cover one's nakedness would be folly, if (one's) faults were not covered (by forsaking them).",Ignorance,புல்லறிவாண்மை,அமைச்சு இயல்,The Essentials of a State,WEALTH,பொருட்பால்
847,அருமறை சோரும் அறிவிலான் செய்யும் பெருமிறை தானே தனக்கு,"When a precious teaching is imparted to a simpleton,
by not grasping it, they self-inflict immense harm.","தனக்கு நன்மையானவற்றை பிறர் ஏவினாலும் செய்யாதவனாய், தானாகவும் உணர்ந்து தெளியாதவனாய் உள்ளவனுடைய உயிர் போகுமளவும் ஒரு நோயாகும்.","From out his soul who lets the mystic teachings die,
Entails upon himself abiding misery.
The fool who neglects precious counsel does, of his own accord, a great injury to himself.",Ignorance,புல்லறிவாண்மை,அமைச்சு இயல்,The Essentials of a State,WEALTH,பொருட்பால்
848,ஏவவுஞ் செய்கலான் தான்தேறான் அவ்வுயிர் போஒம் அளவுமோர் நோய்,"He neither obeys others nor reasons out himself –
he is an ailment till he is alive.","அறிவு இல்லாதவனுக்கு அறிவிப்பவன் தானே அறிவில்லாதவனாய் நிற்பான், அறிவு இல்லாதவனோ தான் அறிந்த வகையால் அறிவுடையவனாகத் தோன்றுவான்.","Advised, he heeds not; of himself knows nothing wise;
This man's whole life is all one plague until he dies.
The fool will not perform (his duties) even when advised nor ascertain them himself; such a soul is a burden (to the earth) till it departs (from the body).",Ignorance,புல்லறிவாண்மை,அமைச்சு இயல்,The Essentials of a State,WEALTH,பொருட்பால்
849,காணாதான் காட்டுவான் தான்காணான் காணாதான் கண்டானாம் தான்கண்ட வாறு,"He who shows him who can’t see, himself can’t see;
he who can’t see sees only what he sees.","உலகத்தார் உண்டு என்று சொல்வதை இல்லை என்று கூறுகின்ற ஒருவன், உலகத்தில் காணப்படும் ஒரு பேயாகக் கருதி விலக்கப்படுவான்.","That man is blind to eyes that will not see who knowledge shows;-
The blind man still in his blind fashion knows.
One who would teach a fool will (simply) betray his folly; and the fool would (still) think himself ""wise in his own conceit"".",Ignorance,புல்லறிவாண்மை,அமைச்சு இயல்,The Essentials of a State,WEALTH,பொருட்பால்
850,உலகத்தார் உண்டென்ப தில்லென்பான் வையத் தலகையா வைக்கப் படும்,"What the (wise of the) world says exists, he denies;
he shall be deemed a ghost in this world.",எல்லா உயிர்களுக்கும் மற்ற உயிர்களோடு பொருந்தாமல் வேறுபடுதலாகிய தீயப் பண்பை வளர்க்கும் நோய் இகழ் (மாறுபாடு) என்று சொல்வர் அறிஞர்.,"Who what the world affirms as false proclaim,
O'er all the earth receive a demon's name.
He who denies the existence of what the world believes in will be regarded as a demon on earth.",Ignorance,புல்லறிவாண்மை,அமைச்சு இயல்,The Essentials of a State,WEALTH,பொருட்பால்
851,இகலென்ப எல்லா உயிர்க்கும் பகலென்னும் பண்பின்மை பாரிக்கும் நோய்,"The concomitant ills of the uncultured trait of being
at divergence with all beings is termed as discord.",ஒருவன் தன்னோடு பொருந்தாமல் வேறுபடுதலைக் கருதி அன்பில்லாதவற்றைச் செய்தாலும் தான் இகழ் கொண்டு அவர்க்கு துன்பம் செய்யாதிருத்தல் சிறந்ததாகும்.,"Hostility disunion's plague will bring,
That evil quality, to every living thing.
The disease which fosters the evil of disunion among all creatures is termed hatred by the wise.",Hostility,இகல்,அமைச்சு இயல்,The Essentials of a State,WEALTH,பொருட்பால்
852,பகல்கருதிப் பற்றா செயினும் இகல்கருதி இன்னாசெய் யாமை தலை,"On account of differences, if one offends us,
it is important to disregard the discord and do no harm.",ஒருவன் இகல் என்று சொல்லப்படும் துன்ப நோயை நீக்கி விட்டால் அஃது அவனுக்கு அழிவில்லாத நிலையான புகழைக் கொடுக்கும்.,"Though men disunion plan, and do thee much despite
'Tis best no enmity to plan, nor evil deeds requite.
Though disagreeable things may be done from (a feeling of) disunion, it is far better that nothing painful be done from (that of) hatred.",Hostility,இகல்,அமைச்சு இயல்,The Essentials of a State,WEALTH,பொருட்பால்
853,இகலென்னும் எவ்வநோய் நீக்கின் தவலில்லாத் தாவில் விளக்கம் தரும்,"If the distressing disease of discord is discarded,
it yields flawless fame that never fades.","இகல் என்று சொல்லப்படும் துன்பங்களில் கொடிய துன்பம் கெட்டுவிட்டால், அஃது அவனுக்கு இன்பங்களில் சிறந்த இன்பத்தை கொடுக்கும்.","If enmity, that grievous plague, you shun,
Endless undying praises shall be won.
To rid one-self of the distressing dtsease of hatred will bestow (on one) a never-decreasing imperishable fame.",Hostility,இகல்,அமைச்சு இயல்,The Essentials of a State,WEALTH,பொருட்பால்
854,இன்பத்துள் இன்பம் பயக்கும் இகலென்னும் துன்பத்துள் துன்பங் கெடின்,"Discord is the misery of all miseries; when it goes
the joy of all joys ensues.",இகலை எதிர்த்து நிற்காமல் அதன் எதிரே சாய்ந்து நடக்க வல்லவரை வெல்லக் கருதுகின்ற ஆற்றல் உடையவர் யார்.,"Joy of joys abundant grows,
When malice dies that woe of woes.
If hatred which is the greatest misery is destroyed, it will yield the greatest delight.",Hostility,இகல்,அமைச்சு இயல்,The Essentials of a State,WEALTH,பொருட்பால்
855,இகலெதிர் சாய்ந்தொழுக வல்லாரை யாரே மிகலூக்கும் தன்மை யவர்,"Those who can act against their discords –
who has the capacity to consider overcoming them?",இகல் கொள்வதால் வெல்லுதல் இனியது என்று கருதுகின்றவனுடைய வாழ்க்கை தவறிபோதலும் அழிதலும் விரைவவில் உள்ளனவாம்.,"If men from enmity can keep their spirits free,
Who over them shall gain the victory?
Who indeed would think of conquering those who naturally shrink back from hatred ?",Hostility,இகல்,அமைச்சு இயல்,The Essentials of a State,WEALTH,பொருட்பால்
856,இகலின் மிகலினி தென்பவன் வாழ்க்கை தவலும் கெடலும் நணித்து,"The life of one who relishes a spate of discords
has in its proximity suffering and demise.",இகலை விரும்புகின்ற தீய அறிவை உடையவர் வெற்றி பொருந்துதலுக்குக் காரணமான உண்மைப் பொருளை அறியமாட்டார்.,"The life of those who cherished enmity hold dear,
To grievous fault and utter death is near.
Failure and ruin are not far from him who says it is sweet to excel in hatred.
",Hostility,இகல்,அமைச்சு இயல்,The Essentials of a State,WEALTH,பொருட்பால்
857,மிகல்மேவல் மெய்ப்பொருள் காணார் இகல்மேவல் இன்னா அறிவி னவர்,"They shall never see the transcendent truth,
those devious minds teeming with discord.","இகலுக்கு எதிரே சாய்ந்து நடத்தல் ஒருவனுக்கு ஆக்கமாகும், அதனை எதிர்த்து வெல்லக்கருதினால் கேடு அவனிடம் வரக் கருதும்.","The very truth that greatness gives their eyes can never see,
Who only know to work men woe, fulfilled of enmity.
Those whose judgement brings misery through its connection with hatred cannot understand the triumphant nature of truth.",Hostility,இகல்,அமைச்சு இயல்,The Essentials of a State,WEALTH,பொருட்பால்
858,இகலிற் கெதிர்சாய்தல் ஆக்கம் அதனை மிகலூக்கின் ஊக்குமாங் கேடு,"Siding against one’s own discord is valuable;
allowing it to accumulate invites injury.","ஒருவன் தனக்கு ஆக்கம் வரும்போது இகலைக் கருதமாட்டான், தனக்கு கேடு தருவிக்கொள்ளும் போது அதனை எதிர்த்து வெல்லக் கருதுவான்.","Tis gain to turn the soul from enmity;
Ruin reigns where this hath mastery.
Shrinking back from hatred will yield wealth; indulging in its increase will hasten ruin.",Hostility,இகல்,அமைச்சு இயல்,The Essentials of a State,WEALTH,பொருட்பால்
859,இகல்காணான் ஆக்கம் வருங்கால் அதனை மிகல்காணும் கேடு தரற்கு,"When there is benefit, the discord goes unnoticed.
When it is detrimental, it seems stark.","ஒருவனுக்கு இகலால் துன்பமானவை எல்லாம் உண்டாகும்,அதற்கு மாறான நட்பால் நல்ல நீதியாகிய பெருமித நிலை உண்டாகும்.","Men think not hostile thought in fortune's favouring hour,
They cherish enmity when in misfortune's power.
At the approach of wealth one will not think of hatred (but) to secure one's ruin, one will look to its increase.",Hostility,இகல்,அமைச்சு இயல்,The Essentials of a State,WEALTH,பொருட்பால்
860,இகலானாம் இன்னாத எல்லாம் நகலானாம் நன்னயம் என்னும் செருக்கு,"All woes emanate from discord. The great wealth –
good deeds and joy for all, stems from friendly smiles.","தம்மை விட வலியவர்க்கு மாறுபட்டு எதிர்த்தலை விட வேண்டும், தம்மை விட மெலியவர் மேல் பகைக் கொள்வதை விடாமல் விரும்பி மேற்கொள்ள வேண்டும்.","From enmity do all afflictive evils flow;
But friendliness doth wealth of kindly good bestow.
All calamities are caused by hatred; but by the delight (of friendship) is caused the great wealth of good virtues.",Hostility,இகல்,அமைச்சு இயல்,The Essentials of a State,WEALTH,பொருட்பால்
861,வலியார்க்கு மாறேற்றல் ஓம்புக ஓம்பா மெலியார்மேல் மேக பகை,"Avoid hostility with the strong; unleash your enmity
on the weak failing to do so.","ஒருவன் அன்பு இல்லாதவனாய், அமைந்த துணை இல்லாதடனாய், தானும் வலிமை இல்லாதவனாய் இருந்தால், அவன் பகைவனுடைய வலிமையை எவ்வாறு ஒழிக்க முடியும்.","With stronger than thyself, turn from the strife away;
With weaker shun not, rather court the fray.
Avoid offering resistance to the strong; (but) never fail to cherish enmity towards the weak.",The Might of Hatred,பகைமாட்சி,அமைச்சு இயல்,The Essentials of a State,WEALTH,பொருட்பால்
862,அன்பிலன் ஆன்ற துணையிலன் தான்றுவ்வான் என்பரியும் ஏதிலான் துப்பு,"Loveless, lacks right companions, and on his own has no strengths –
how shall the might of his foes fail?","ஒருவன் அஞ்சுகின்றவனாய், அறிவு இல்லாதவனாய், பொருந்தும் பண்பு இல்லாதவனாய், பிறர்க்கு ஒன்று ஈயாதவனாய் இருந்தால் , அவன் பகைவர்க்கு மிக எளியவன்.","No kinsman's love, no strength of friends has he;
How can he bear his foeman's enmity?
How can he who is unloving, destitute of powerful aids, and himself without strength overcome the might of his foe ?",The Might of Hatred,பகைமாட்சி,அமைச்சு இயல்,The Essentials of a State,WEALTH,பொருட்பால்
863,அஞ்சும் அறியான் அமைவிலன் ஈகலான் தஞ்சம் எளியன் பகைக்கு,"Timid, ignorant, unsettled and ungenerous –
he is easy prey to his foes.","ஒருவன் சினம் நீங்காதவனாய், நெஞ்சத்தை நிறுத்தியாளும் தன்மை இல்லாதவனாய் இருந்தால் அவன் எக்காலத்திலும் எவ்விடத்திலும் எவர்க்கும் எளியவன்.","A craven thing! knows nought, accords with none, gives nought away;
To wrath of any foe he falls an easy prey.
In the estimation of foes miserably weak is he, who is timid, ignorant, unsociable and niggardly.
",The Might of Hatred,பகைமாட்சி,அமைச்சு இயல்,The Essentials of a State,WEALTH,பொருட்பால்
864,நீங்கான் வெகுளி நிறையிலன் எஞ்ஞான்றும் யாங்கணும் யார்க்கும் எளிது,"Never ceases to be angry, ever insatiate – anytime,
anywhere, he is easy prey for anyone.","ஒருவன் நல்வழியை நோக்காமல் பொருத்தமானவற்றைச் செய்யாமல், பழியையும் பார்க்காமல், நற்பண்பும் இல்லாமல் இருந்தால் அவன் பகைவர்க்கும் எளியனவான்.","His wrath still blazes, every secret told; each day
This man's in every place to every foe an easy prey.
He who neither refrains from anger nor keeps his secrets will at all times and in all places be easily conquered by all.
",The Might of Hatred,பகைமாட்சி,அமைச்சு இயல்,The Essentials of a State,WEALTH,பொருட்பால்
865,வழிநோக்கான் வாய்ப்பன செய்யான் பழிநோக்கான் பண்பிலன் பற்றார்க் கினிது,"Doesn’t look up the right means, seizes not his opportunities, fears no ignominy,
and lacks character – his foes relish him.","ஒருவன் உண்மை காணாத சினம் உடையவனாய், மிகப் பெரிய ஆசை உடையவனாய் இருந்தால் அவனுடைய பகை விரும்பி மேற்கொள்ளப்படும்.","No way of right he scans, no precepts bind, no crimes affright,
No grace of good he owns; such man's his foes' delight.
(A) pleasing (object) to his foes is he who reads not moral works, does nothing that is enjoined by them cares not for reproach and is not possessed of good qualities.
",The Might of Hatred,பகைமாட்சி,அமைச்சு இயல்,The Essentials of a State,WEALTH,பொருட்பால்
866,காணாச் சினத்தான் கழிபெருங் காமத்தான் பேணாமை பேணப் படும்,"Has unheard of and unseeing anger, and is prodigiously lustful –
enmity with him will be seized with glee.",தன்னை அடுத்துத் தன்னோடிருந்தும் பொருந்தாதவற்றைச் செய்பவனுடைய பகையைப் பொருள் கொடுத்தாவது கொள்ள வேண்டும்.,"Blind in his rage, his lustful passions rage and swell;
If such a man mislikes you, like it well.
Highly to be desired is the hatred of him whose anger is blind, and whose lust increases beyond measure.
",The Might of Hatred,பகைமாட்சி,அமைச்சு இயல்,The Essentials of a State,WEALTH,பொருட்பால்
867,கொடுத்துங் கொளல்வேண்டும் மன்ற அடுத்திருந்து மாணாத செய்வான் பகை,"He is adept at harming his own endeavours –
give anything to gain his enmity.","ஒருவன் குணம் இல்லாதவனாய், குற்றம் பல உடையவனானால் அவன் துணை இல்லாதவன் ஆவான், அந்நிலைமையே அவனுடைய பகைவர்க்கு நன்மையாகும்.","Unseemly are his deeds, yet proffering aid, the man draws nigh:
His hate- 'tis cheap at any price- be sure to buy!
It is indeed necessary to obtain even by purchase the hatred of him who having begun (a work) does what is not conductive (to its accomplishment).",The Might of Hatred,பகைமாட்சி,அமைச்சு இயல்,The Essentials of a State,WEALTH,பொருட்பால்
868,குணனிலனாய்க் குற்றம் பலவாயின் மாற்றார்க் கினனிலனாம் ஏமாப் புடைத்து,"Shorn of good qualities, filled with flaws, free of allies –
he is the best safeguard for his foes.","அறிவு இல்லாத அஞ்சும் இயல்புடைய பகைவரைப் பெற்றால், அவரை எதிர்த்து பகை கொள்பவர்க்கு இன்பங்கள் தொலைவில் நீங்காமல் இருக்கும்.","No gracious gifts he owns, faults many cloud his fame;
His foes rejoice, for none with kindred claim.
He will become friendless who is without (any good) qualities. and whose faults are many; (such a character) is a help to (his) foes.
",The Might of Hatred,பகைமாட்சி,அமைச்சு இயல்,The Essentials of a State,WEALTH,பொருட்பால்
869,செறுவார்க்குச் சேணிகவா இன்பம் அறிவிலா அஞ்சும் பகைவர்ப் பெறின்,"Rapturous joy never ends for aggressors
who gain as foes, the foolish and fearful .",கல்வி கற்காதவனைப் பகைத்துக்கொள்ளும் எளிய செயலைச் செய்ய இயலாத ஒருவனிடம் எக்காலத்திலும் புகழ் வந்து பொருந்தாது.,"The joy of victory is never far removed from those
Who've luck to meet with ignorant and timid foes.
There will be no end of lofty delights to the victorious, if their foes are (both) ignorant and timid.",The Might of Hatred,பகைமாட்சி,அமைச்சு இயல்,The Essentials of a State,WEALTH,பொருட்பால்
870,கல்லான் வெகுளும் சிறுபொருள் எஞ்ஞான்றும் ஒல்லானை ஒல்லா தொளி,"Ignorant, irritable and disinclined to earn a trifle –
fame never favours him.",பகை என்று சொல்லப்படும் பண்பு இல்லாத தீமையை ஒருவன் சிறிதும் பொழுது போக்கும் விளையாட்டாகவும் விரும்புதலாகாது.,"The task of angry war with men unlearned in virtue's lore
Who will not meet, glory shall meet him never more.
The light (of fame) will never be gained by him who gains not the trifling reputation of having fought an unlearned (foe).",The Might of Hatred,பகைமாட்சி,அமைச்சு இயல்,The Essentials of a State,WEALTH,பொருட்பால்
871,பகையென்னும் பண்பி லதனை ஒருவன் நகையேயும் வேண்டற்பாற் றன்று,"Enmity is an oddity that is best
left undesired even in jest.","வில்லை ஏராக உடைய உழவராகிய வீரருடன் பகை கொண்ட போதிலும், சொல்லை ஏராக உடைய உழவராகிய அறிஞருடன் பகை கொள்ளக் கூடாது.","For Hate, that ill-conditioned thing not e'en in jest.
Let any evil lon ging rule your breast.
The evil of hatred is not of a nature to be desired by one even in sport.
",Knowing the Quality of Hate,பகைத்திறந்தெரிதல்,அமைச்சு இயல்,The Essentials of a State,WEALTH,பொருட்பால்
872,வில்லேர் உழவர் பகைகொளினும் கொள்ளற்க சொல்லேர் உழவர் பகை,"You may gain the enmity of the ploughman wielding a bow as plough
but not that of the one wielding the word.","தான் தனியாக இருந்து பலருடைய பகையைத் தேடிக் கொள்பவன், பித்துப் பிடித்தாரை விட அறிவில்லாதவனாகக் கருதப்படுவான்.","Although you hate incur of those whose ploughs are bows,
Make not the men whose ploughs are words your foes!
Though you may incur the hatred of warriors whose ploughs are bows, incur not that of ministers whose ploughs are words.",Knowing the Quality of Hate,பகைத்திறந்தெரிதல்,அமைச்சு இயல்,The Essentials of a State,WEALTH,பொருட்பால்
873,ஏமுற் றவரினும் ஏழை தமியனாய்ப் பல்லார் பகைகொள் பவன்,"One who, alone, antagonizes many,
has a dimmer wit than a loony.","பகையையும் நட்பாக செய்து கொண்டு நடக்கும், பண்புடையவனது பெருந்தன்மையில் உலகம் தங்கியிருப்பதாகும்.","Than men of mind diseased, a wretch more utterly forlorn,
Is he who stands alone, object of many foeman's scorn.
He who being alone, incurs the hatred of many is more infatuated than even mad men.
",Knowing the Quality of Hate,பகைத்திறந்தெரிதல்,அமைச்சு இயல்,The Essentials of a State,WEALTH,பொருட்பால்
874,பகைநட்பாக் கொண்டொழுகும் பண்புடை யாளன் தகைமைக்கண் தங்கிற் றுலகு,"The one with the virtue of turning a foe into a friend –
the world shall rest under the sway of his virtuosity.","தனக்கு உதவியான துணையே இல்லை, பகையே இரண்டு, தானே ஒருவன் இந் நிலையில் அப் பகைகளில் ஒன்றை இனியத் துணையாகக் கொள்ள வேண்டும்.","The world secure on his dexterity depends,
Whose worthy rule can change his foes to friends.
The world abides in the greatness of that good-natured man who behaves so as to turn hatred into friendship.
",Knowing the Quality of Hate,பகைத்திறந்தெரிதல்,அமைச்சு இயல்,The Essentials of a State,WEALTH,பொருட்பால்
875,தன்றுணை இன்றால் பகையிரண்டால் தானொருவன் இன்றுணையாக் கொள்கவற்றின் ஒன்று,"If one has no allies but two foes,
better befriend one of them.","இதற்கு முன் ஒருவனைப் பற்றி ஆராய்ந்து தெளிந்திருந்தாலும், தெளியாவிட்டாலும் அழிவு வந்த காலத்தில் அவனைத் தெளியாமலும் நீங்காமலும் வாளாவிட வேண்டும்.","Without ally, who fights with twofold enemy o'ermatched,
Must render one of these a friend attached.
He who is alone and helpless while his foes are two should secure one of them as an agreeable help (to himself).
",Knowing the Quality of Hate,பகைத்திறந்தெரிதல்,அமைச்சு இயல்,The Essentials of a State,WEALTH,பொருட்பால்
876,தேறினுந் தேறா விடினும் அழிவின்கண் தேறான் பகாஅன் விடல்,"Whether you’ve qualified someone as a foe or not,
in troubled times, it is better not to get cozy nor split.","துன்புற்றதைத் தாமாகவே அறியாத நண்பர்க்குத் துன்பத்தைச் சொல்லக் கூடாது, பகைவரிடத்தில் மென்மை மேற்கொள்ளக் கூடாது.","Whether you trust or not, in time of sore distress,
Questions of diff'rence or agreement cease to press.
Though (one's foe is) aware or not of one's misfortune one should act so as neither to join nor separate (from him).",Knowing the Quality of Hate,பகைத்திறந்தெரிதல்,அமைச்சு இயல்,The Essentials of a State,WEALTH,பொருட்பால்
877,நோவற்க நொந்த தறியார்க்கு மேவற்க மென்மை பகைவர் அகத்து,"Express not your pain to those who can’t empathize;
expose not your frailties to your foes.","செய்யும் வகையை அறிந்து தன்னை வலிமைப்படுத்திக் கொண்டு தற்காப்புத் தேடிக் கொண்டால், பகைவரிடத்தில் ஏற்பட்ட செருக்குத் தானாவே அழியும்.","To those who know them not, complain not of your woes;
Nor to your foeman's eyes infirmities disclose.
Relate not your suffering even to friends who are ignorant of it, nor refer to your weakness in the presence of your foes.",Knowing the Quality of Hate,பகைத்திறந்தெரிதல்,அமைச்சு இயல்,The Essentials of a State,WEALTH,பொருட்பால்
878,வகையறிந்து தற்செய்து தற்காப்ப மாயும் பகைவர்கண் பட்ட செருக்கு,"Knowing oneself and one’s foes, preparing oneself and strengthening the defences –
these surely shall quell the vanity of the enemy.","முள் மரத்தை இளையதாக இருக்கும் போதே வெட்ட வேண்டும், காழ்ப்பு ஏறி முதிர்ந்த போது வெட்டுகின்றவரின் கையை அது வருத்தும்.","Know thou the way, then do thy part, thyself defend;
Thus shall the pride of those that hate thee have an end.
The joy of one's foes will be destroyed if one guards oneself by knowing the way (of acting) and securing assistance.",Knowing the Quality of Hate,பகைத்திறந்தெரிதல்,அமைச்சு இயல்,The Essentials of a State,WEALTH,பொருட்பால்
879,இளைதாக முள்மரம் கொல்க களையுநர் கைகொல்லும் காழ்த்த இடத்து,"Weed out a thorn tree when it is still slender;
once fully grown, it’ll slash the hands of the weeder.",பகைத்தவருடையத் தலைமையைக் கொடுக்க முடியாதவர் திண்ணமாக மூச்சு விடும் அளவிற்கும் உயிரோடு வாழ்கின்றவர் அல்லர்.,"Destroy the thorn, while tender point can work thee no offence;
Matured by time, 'twill pierce the hand that plucks it thence.
A thorny tree should be felled while young, (for) when it is grown it will destroy the hand of the feller.
",Knowing the Quality of Hate,பகைத்திறந்தெரிதல்,அமைச்சு இயல்,The Essentials of a State,WEALTH,பொருட்பால்
880,உயிர்ப்ப உளரல்லர் மன்ற செயிர்ப்பவர் செம்மல் சிதைக்கலா தார்,"One who can’t crush the conceit of the enemy,
will be vanquished the moment they hiss.","இன்பம் தரும் நிழலும் நீரும் நோய் செய்வனவாக இருந்தால் தீயனவே ஆகும், அதுபோலவே சுற்றத்தாறின் தன்மைகளும் துன்பம் தருவானால் தீயனவே ஆகும்.","But breathe upon them, and they surely die,
Who fail to tame the pride of angry enemy.
Those who do not destroy the pride of those who hate (them) will certainly not exist even to breathe.",Knowing the Quality of Hate,பகைத்திறந்தெரிதல்,அமைச்சு இயல்,The Essentials of a State,WEALTH,பொருட்பால்
881,நிழல்நீரும் இன்னாத இன்னா தமர்நீரும் இன்னாவாம் இன்னா செயின்,"Even shade and water, when noxious, can be baneful;
kith and kin, when malicious, can be harmful.","வாளைப்போல் வெளிப்படையான பகைவர்க்கு அஞ்ச வேண்டியதில்லை, ஆனால் உறவினரைப் போல் இருந்து உட்பகை கொண்டவரின் தொடர்புக்கு அஞ்ச வேண்டும்.","Water and shade, if they unwholesome prove, will bring you pain.
And qualities of friends who treacherous act, will be your bane.
Shade and water are not pleasant, (if) they cause disease; so are the qualities of (one's) relations not agreeable, (if) they cause pain.",Enmity within,உட்பகை,அமைச்சு இயல்,The Essentials of a State,WEALTH,பொருட்பால்
882,வாள்போல் பகைவரை அஞ்சற்க அஞ்சுக கேள்போல் பகைவர் தொடர்பு,"Fear not foes, overt like swords; but those faking as friends –
fear the ties with them.","உட்பகைக்கு அஞ்சி ஒருவன் தன்னைக் காத்துக்கொள்ள வேண்டும், தளர்ச்சி வந்த போது மட்கலத்தை அறுக்கும் கருவி போல் அந்த உட்பகை தவறாமல் அழிவு செய்யும்.","Dread not the foes that as drawn swords appear;
Friendship of foes, who seem like kinsmen, fear!
Fear not foes (who say they would cut) like a sword; (but) fear the friendship of foes (who seemingly act) like relations.",Enmity within,உட்பகை,அமைச்சு இயல்,The Essentials of a State,WEALTH,பொருட்பால்
883,உட்பகை அஞ்சித்தற் காக்க உலைவிடத்து மட்பகையின் மாணத் தெறும்,"Fear internal strife and protect yourself; during trouble, like a tool
that cuts wet clay, it will hurt without fail.","மனம் திறந்தாத உட்பகை ஒருவனுக்கு உண்டாகுமானால், அது அவனுக்குச் சுற்றம் சிர்படாமைக்கு காரணமான குற்றம் பலவற்றைத் தரும்.","Of hidden hate beware, and guard thy life;
In troublous time 'twill deeper wound than potter's knife.
Fear internal enmity and guard yourself; (if not) it will destroy (you) in an evil hour, as surely as the tool which cuts the potter's clay.
",Enmity within,உட்பகை,அமைச்சு இயல்,The Essentials of a State,WEALTH,பொருட்பால்
884,மனமாணா உட்பகை தோன்றின் இனமாணா ஏதம் பலவும் தரும்,"When internal strife that disconcerts minds appears,
it gives rise to flaws that unsettle the kith.","உறவுமுறையோடு உட்பகை உண்டாகுமானால், அது ஒருவனுக்கு இறக்கும் வகையான துன்பம் பலவற்றையும் கொடுக்கும்.","If secret enmities arise that minds pervert,
Then even kin unkind will work thee grievous hurt.
The secret enmity of a person whose mind in unreformed will lead to many evils causing disaffection among (one's) relations.
",Enmity within,உட்பகை,அமைச்சு இயல்,The Essentials of a State,WEALTH,பொருட்பால்
885,உறல்முறையான் உட்பகை தோன்றின் இறல்முறையான் ஏதம் பலவும் தரும்,"If internal conflicts surface amongst the kin,
many a destructive flaw is aroused.","ஒருவனுடைய உற்றாரிடத்தில் பகைமை ஏற்படுமானால், அந்த உட்பகையால் அவன் அழியாமலிருத்தல் எப்போதும் அரிது.","Amid one's relatives if hidden hath arise,
'Twill hurt inflict in deadly wise.
If there appears internal hatred in a (king's) family; it will lead to many a fatal crime.
",Enmity within,உட்பகை,அமைச்சு இயல்,The Essentials of a State,WEALTH,பொருட்பால்
886,ஒன்றாமை ஒன்றியார் கட்படின் எஞ்ஞான்றும் பொன்றாமை ஒன்றல் அரிது,"If disharmony crops up among those who are at one with each other,
infallibility is impossible to achieve.","செப்பின் இணைப்பைப் போல புறத்தே பொருந்தி இருந்தாலும், உட்பகை உண்டான குடியில் உள்ளவர் அகத்தே பொருந்தி இருக்கமாட்டார்.","If discord finds a place midst those who dwelt at one before,
'Tis ever hard to keep destruction from the door.
If hatred arises among (one's) own people, it will be hardly possible (for one) to escape death.",Enmity within,உட்பகை,அமைச்சு இயல்,The Essentials of a State,WEALTH,பொருட்பால்
887,செப்பின் புணர்ச்சிபோற் கூடினும் கூடாதே உட்பகை உற்ற குடி,"Though it appears well joint like a copper vessel,
a house ridden with internal strifes shall never jell.",உட்பகை உண்டான குடி அரத்தினால் தேய்க்கப் பட்ட இரும்பு போல் வலிமை குறைக்கப் பட்டு தேய்ந்து போகும்.,"As casket with its cover, though in one they live alway,
No union to th e house where hate concealed hath sway.
Never indeed will a family subject to internal hatred unite (really) though it may present an apparent union like that of a casket and its lid.",Enmity within,உட்பகை,அமைச்சு இயல்,The Essentials of a State,WEALTH,பொருட்பால்
888,அரம்பொருத பொன்போலத் தேயும் உரம்பொரு துட்பகை உற்ற குடி,"Like a metal abraded by a file, the might of a clan
is eroded by enemies within","எள்ளின் பிளவைப் போன்ற சிறிய அளவு உடையதே ஆனாலும், ஒரு குடியை அழிக்கவல்ல கேடு உட்பகையில் உள்ளதாகும்.","As gold with which the file contends is worn away,
So strength of house declines where hate concealed hath sway.
A family subject to internal hatred will wear out and lose its strength like iron that has been filed away.
",Enmity within,உட்பகை,அமைச்சு இயல்,The Essentials of a State,WEALTH,பொருட்பால்
889,எட்பக வன்ன சிறுமைத்தே ஆயினும் உட்பகை உள்ளதாங் கேடு,"It maybe tiny as a split sesame,
but disaster resides in internal strife.","அகத்தில் உடண்பாடு இல்லாதவருடன் குடிவாழும் வாழ்க்கை, ஒரு குடிசையிற் பாம்போடு உடன்வாழ்ந்தாற் போன்றது.","Though slight as shred of 'seasame' seed it be,
Destruction lurks in hidden enmity.
Although internal hatred be as small as the fragment of the sesamum (seed), still does destruction dwell in it.",Enmity within,உட்பகை,அமைச்சு இயல்,The Essentials of a State,WEALTH,பொருட்பால்
890,உடம்பா டிலாதவர் வாழ்க்கை குடங்கருள் பாம்போ டுடனுறைந் தற்று,"Life with those whose hearts are not in harmony
is like staying in a hut with a snake for company.","மேற்கொண்ட செயலைச் செய்து முடிக்க வல்லவரின் ஆற்றலை இகழாதிருத்தல், காப்பவர் செய்து கொள்ளும் காவல் எல்லாவற்றிலும் சிறந்தது.","Domestic life with those who don't agree,
Is dwelling in a shed with snake for company.
Living with those who do not agree (with one) is like dwelling with a cobra (in the same) hut.",Enmity within,உட்பகை,அமைச்சு இயல்,The Essentials of a State,WEALTH,பொருட்பால்
891,ஆற்றுவார் ஆற்றல் இகழாமை போற்றுவார் போற்றலுள் எல்லாம் தலை,"For those keen on self-preservation, the prominent concern
is not to belittle the capabilities of the capable.","ஆற்றல் மிகுந்த பெரியாரை விரும்பி மதிக்காமல் நடந்தால், அது அப் பெரியாரால் நீங்காத துன்பத்தைத் தருவதாகும்.","The chiefest care of those who guard themselves from ill,
Is not to slight the powers of those who work their mighty will.
Not to disregard the power of those who can carry out (their wishes) is more important than all the watchfulness of those who guard (themselves against evil).
",Not Offending the Grea,பெரியாரைப் பிழையாமை,அமைச்சு இயல்,The Essentials of a State,WEALTH,பொருட்பால்
892,பெரியாரைப் பேணா தொழுகிற் பெரியாராற் பேரா இடும்பை தரும்,"If we rankle those worthy of veneration,
they can cause unceasing tribulation.","அழிக்க வேண்டுமானால் அவ்வாறே செய்து முடிக்க வல்லவரிடத்தில் தவறு செய்தலை, ஒருவன் கெட வேண்டுமானால் கேளாமலேச் செய்யலாம்.","If men will lead their lives reckless of great men's will,
Such life, through great men's powers, will bring perpetual ill.
To behave without respect for the great (rulers) will make them do (us) irremediable evils.
",Not Offending the Grea,பெரியாரைப் பிழையாமை,அமைச்சு இயல்,The Essentials of a State,WEALTH,பொருட்பால்
893,கெடல்வேண்டிற் கேளாது செய்க அடல்வேண்டின் ஆற்று பவர்கண் இழுக்கு,"If you are keen on self destruction, act with disregard
and denigrate those who can destroy at will.","ஆற்றல் உடையவர்க்கு ஆற்றல் இல்லாதவர் தீமை செய்தல், தானே வந்து அழிக்க வல்ல எமனைக் கைகாட்டி அழைத்தாற் போன்றது.","Who ruin covet let them shut their ears, and do despite
To those who, where they list to ruin have the might.
If a person desires ruin, let him not listen to the righteous dictates of law, but commit crimes against those who are able to slay (other sovereigns).
",Not Offending the Grea,பெரியாரைப் பிழையாமை,அமைச்சு இயல்,The Essentials of a State,WEALTH,பொருட்பால்
894,கூற்றத்தைக் கையால் விளித்தற்றால் ஆற்றுவார்க் காற்றாதார் இன்னா செயல்,"The incapable venturing to harm the capable,
is like waving a welcome to the deity of death.","மிக்க வலிமை உள்ள அரசனால் வெகுளப்பட்டவர், அவனிடமிருந்து தப்புவதற்க்காக எங்கே சென்றாலும் எங்கும் வாழ முடியாது.","When powerless man 'gainst men of power will evil deeds essay,
Tis beck'ning with the hand for Death to seize them for its prey.
The weak doing evil to the strong is like beckoning Yama to come (and destroy them).
",Not Offending the Grea,பெரியாரைப் பிழையாமை,அமைச்சு இயல்,The Essentials of a State,WEALTH,பொருட்பால்
895,யாண்டுச்சென் றியாண்டும் உளராகார் வெந்துப்பின் வேந்து செறப்பட் டவர்,"Wherever one flees, and forever, there can be no respite,
after enraging a ruler with fiery might.","தீயால் சுடப்பட்டாலும் ஒருகால் உயிர் பிழைத்து வாழ முடியும், ஆற்றல் மிகுந்த பெரியவரிடத்தில் தவறு செய்து நடப்பவர் தப்பி பிழைக்க முடியாது.","Who dare the fiery wrath of monarchs dread,
Where'er they flee, are numbered with the dead.
Those who have incurred the wrath of a cruel and mighty potentate will not prosper wherever they may go.
",Not Offending the Grea,பெரியாரைப் பிழையாமை,அமைச்சு இயல்,The Essentials of a State,WEALTH,பொருட்பால்
896,எரியாற் சுடப்படினும் உய்வுண்டாம் உய்யார் பெரியார்ப் பிழைத்தொழுகு வார்,"One may survive being fried in a fire
but not after offending the venerable.",தகுதியால் சிறப்புற்ற பெரியவர் ஒருவனை வெகுண்டால் அவனுக்கு பலவகையால் மாண்புற்ற வாழ்க்கையும் பெரும் பொருளும் இருந்தும் என்ன பயன்.,"Though in the conflagration caught, he may escape from thence:
He 'scapes not who in life to great ones gives offence.
Though burnt by a fire (from a forest), one may perhaps live; (but) never will he live who has shown disrespect to the great (devotees).
",Not Offending the Grea,பெரியாரைப் பிழையாமை,அமைச்சு இயல்,The Essentials of a State,WEALTH,பொருட்பால்
897,வகைமாண்ட வாழ்க்கையும் வான்பொருளும் என்னாம் தகைமாண்ட தக்கார் செறின்,"Of what use are a life good in all aspects, and immense wealth,
if one infuriates men of outstanding greatness and prowess.",மலை போன்ற பெரியவர் கெட நினைத்தால். உலகில் அழியாமல் நிலைபெற்றாற் போல் உள்ளவரும் தம் குடியோடு அழிவர்.,"Though every royal gift, and stores of wealth your life should crown,
What are they, if the worthy men of mighty virtue frown?
If a king incurs the wrath of the righteous great, what will become of his government with its splendid auxiliaries and (all) its untold wealth ?",Not Offending the Grea,பெரியாரைப் பிழையாமை,அமைச்சு இயல்,The Essentials of a State,WEALTH,பொருட்பால்
898,குன்றன்னார் குன்ற மதிப்பிற் குடியொடு நின்றன்னார் மாய்வர் நிலத்து,"They, who seem tenacious, with their clans shall perish from this world,
if august men, great as a mountain, are slighted.",உயர்ந்த கொள்கையுடைய பெரியவர் சீறினால் நாட்டை ஆளும் அரசனும் இடை நடுவே முறிந்து அரசு இழந்து கெடுவான்.,"If they, whose virtues like a mountain rise, are light esteemed;
They die from earth who, with their households, ever-during seemed.
If (the) hill-like (devotees) resolve on destruction, those who seemed to be everlasting will be destroyed root and branch from the earth.
",Not Offending the Grea,பெரியாரைப் பிழையாமை,அமைச்சு இயல்,The Essentials of a State,WEALTH,பொருட்பால்
899,ஏந்திய கொள்கையார் சீறின் இடைமுரிந்து வேந்தனும் வேந்து கெடும்,"An emperor, one may be, but he shall be derailed and his reign wrecked,
if persons with lofty ideals are incensed.",மிகச் சிறப்பாக அமைந்த பெருமையுடையவர் வெகுண்டால் அளவு கடந்து அமைந்துள்ள சார்புகள் உடையவரானாலும் தப்பி பிழைக்க முடியாது.,"When blazes forth the wrath of men of lofty fame,
Kings even fall from high estate and perish in the flame.
If those of exalted vows burst in a rage, even (Indra) the king will suffer a sudden loss and be entirely ruined.
",Not Offending the Grea,பெரியாரைப் பிழையாமை,அமைச்சு இயல்,The Essentials of a State,WEALTH,பொருட்பால்
900,இறந்தமைந்த சார்புடையர் ஆயினும் உய்யார் சிறந்தமைந்த சீரார் செறின்,"One may have the best of allies but cannot survive
the wrath of those with the best of qualities.","மனைவியை விரும்பி அவள் சொன்னபடி நடப்பவர், சிறந்த பயனை அடையமாட்டார், கடமையைச் செய்தலை விரும்புகின்றவர் வேண்டாத பொருளும் அதுவே.","Though all-surpassing wealth of aid the boast,
If men in glorious virtue great are wrath, they're lost.
Though in possession of numerous auxiliaries, they will perish who are-exposed to the wrath of the noble whose penance is boundless.",Not Offending the Grea,பெரியாரைப் பிழையாமை,அமைச்சு இயல்,The Essentials of a State,WEALTH,பொருட்பால்
901,மனைவிழைவார் மாண்பயன் எய்தார் வினைவிழைவார் வேண்டாப் பொருளும் அது,"One who forever acts out of fervor for his wife never attains anything worthy;
this is the trait that those who focus on execution shun.","கடமையை விரும்பாமல் மனைவியின் பெண்மையை விரும்புகின்றவனுடைய ஆக்கம், பெரியதொரு நாணத்தக்கச் செயலாக நாணத்தைக் கொடுக்கும்.","Who give their soul to love of wife acquire not nobler gain;
Who give their soul to strenuous deeds such meaner joys disdain.
Those who lust after their wives will not attain the excellence of virtue; and it is just this that is not desired by those who are bent on acquiring wealth.",Being led by Women,பெண்வழிச் சே றல்,அமைச்சு இயல்,The Essentials of a State,WEALTH,பொருட்பால்
902,பேணாது பெண்விழைவான் ஆக்கம் பெரியதோர் நாணாக நாணுத் தரும்,"Without preserving the good, driven by the desire for the woman-
the wealth made thus is a greatly disconcerting disgrace.",மனைவியிடத்தில் தாழ்ந்து நடக்கும் இழிந்த தன்மை ஒருவனுக்கு எப்போதும் நல்லவரிடையே இருக்கும் போது நாணத்தைச் தரும்.,"Who gives himself to love of wife, careless of noble name
His wealth will clothe him with o'erwhelming shame.
The wealth of him who, regardless (of his manliness), devotes himself to his wife's feminine nature will cause great shame (to ali men) and to himself;",Being led by Women,பெண்வழிச் சே றல்,அமைச்சு இயல்,The Essentials of a State,WEALTH,பொருட்பால்
903,இல்லாள்கண் தாழ்ந்த இயல்பின்மை எஞ்ஞான்றும் நல்லாருள் நாணுத் தரும்,"Stooping to go against the grain by submitting to the wife’s will,
always embarrasses good men.","மனைவிக்கு அஞ்சி நடக்கின்ற மறுமைப் பயன் இல்லாத ஒருவன், செயல் ஆற்றுந்தன்மை பெருமை பெற்று விளங்க முடிவதில்லை.","Who to his wife submits, his strange, unmanly mood
Will daily bring him shame among the good.
The frailty that stoops to a wife will always make (her husband) feel ashamed among the good.
",Being led by Women,பெண்வழிச் சே றல்,அமைச்சு இயல்,The Essentials of a State,WEALTH,பொருட்பால்
904,மனையாளை யஞ்சும் மறுமையி லாளன் வினையாண்மை வீறெய்த லின்று,"There is no salvation for one who fears his wife;
never can he achieve fame nor mastery over execution.",மனைவிக்கு அஞ்சி வாழ்கின்றவன் எப்போதும் நல்லவர்க்கு நன்மையான கடமையைச் செய்வதற்கு அஞ்சி நடப்பான்.,"No glory crowns e'en manly actions wrought
By him who dreads his wife, nor gives the other world a thought.
The undertaking of one, who fears his wife and is therefore destitute of (bliss), will never be applauded.",Being led by Women,பெண்வழிச் சே றல்,அமைச்சு இயல்,The Essentials of a State,WEALTH,பொருட்பால்
905,இல்லாளை யஞ்சுவா னஞ்சுமற் றெஞ்ஞான்றும் நல்லார்க்கு நல்ல செயல்,"One who fears his wife will forever fear
doing good to the good folk.",மனைவியின் தோளுக்கு அஞ்சி வாழ்கின்றவர் தேவரைப் போல் இவ்வுலகில் சிறப்பான நிலையில் வாழ்ந்த போதிலும் பெருமை இல்லாதவரே ஆவர்.,"Who quakes before his wife will ever tremble too,
Good deeds to men of good deserts to do.
He that fears his wife will always be afraid of doing good deeds (even) to the good.",Being led by Women,பெண்வழிச் சே றல்,அமைச்சு இயல்,The Essentials of a State,WEALTH,பொருட்பால்
906,இமையாரின் வாழினும் பாடிலரே யில்லாள் அமையார்தோ ளஞ்சு பவர்,"One may live amongst the celestial beings but has no standing,
if he fears the drooping of the shapely shoulders of his wife.","மனைவியின் ஏவலைச் செய்து நடக்கின்றவனுடைய ஆண்மையைவிட, நாணத்தை தன் இயல்பாக உடையவளின் பெண்மையே பெருமை உடையது.","Though, like the demi-gods, in bliss they dwell secure from harm,
Those have no dignity who fear the housewife's slender arm.
They that fear the bamboo-like shoulders of their wives will be destitute of manliness though they may flourish like the Gods.
",Being led by Women,பெண்வழிச் சே றல்,அமைச்சு இயல்,The Essentials of a State,WEALTH,பொருட்பால்
907,பெண்ணேவல் செய்தொழுகும் ஆண்மையின் நாணுடைப் பெண்ணே பெருமை உடைத்து,"The demure woman deserves more acclaim
than the manliness that dances to the woman’s tune.","மனைவி விரும்பியபடி செய்து நடப்பவர், தமது நண்பர்க்கு உற்ற குறையையும் செய்து முடிக்க மாட்டார், அறத்தையும் செய்ய மாட்டார்.","The dignity of modest womanhood excels
His manliness, obedient to a woman's law who dwells.
Even shame faced womanhood is more to be esteemed than the shameless manhood that performs the behests of a wife.",Being led by Women,பெண்வழிச் சே றல்,அமைச்சு இயல்,The Essentials of a State,WEALTH,பொருட்பால்
908,நட்டார் குறைமுடியார் நன்றாற்றார் நன்னுதலாள் பெட்டாங் கொழுகு பவர்,"One who caters to the whims of her, with elegant brows,
shall never do any good nor resolve any of his friends’ woes.","அறச் செயலும் அதற்க்கு காரணமாக அமைந்த பொருள் முயற்சியும், மற்றக் கடமைகளும் மனைவியின் ஏவலைச் செய்வோரிடத்தில் இல்லை.","Who to the will of her with beauteous brow their lives conform,
Aid not their friends in need, nor acts of charity perform.
Those who yield to the wishes of their wives will neither relieve the wants of (their) friends nor perform virtuous deeds.",Being led by Women,பெண்வழிச் சே றல்,அமைச்சு இயல்,The Essentials of a State,WEALTH,பொருட்பால்
909,அறவினையும் ஆன்ற பொருளும் பிறவினையும் பெண்ணேவல் செய்வார்கண் இல்,"Virtuous deeds, valuable possession and various pursuits
are beyond those who do what the wife bids.","நன்றாக எண்ணுதல், பொருந்திய நெஞ்சத்தோடு தக்க நிலையும் உடையார்க்கு எக்காலத்திலும் மனைவியின் ஏவலுக்கு இணங்கும் அறியாமை இல்லை.","No virtuous deed, no seemly wealth, no pleasure, rests
With them who live obedient to their wives' behests.
From those who obey the commands of their wives are to be expected neither deeds of virtue, nor those of wealth nor (even) those of pleasure.",Being led by Women,பெண்வழிச் சே றல்,அமைச்சு இயல்,The Essentials of a State,WEALTH,பொருட்பால்
910,எண்சேர்ந்த நெஞ்சத் திடனுடையார்க் கெஞ்ஞான்றும் பெண்சேர்ந்தாம் பேதைமை இல்,"Cultured hearts with precious thoughts allow not
the folly of appeasing their consorts.","அன் பினால் விரும்பாமல் பொருள் காரணமாக விரும்புகின்ற பொது மகளிர் பேசுகின்ற இனிய சொல், ஒருவனுக்கு துன்பத்தைக் கொடுக்கும்.","Where pleasures of the mind, that dwell in realms of thought, abound,
Folly, that springs from overweening woman's love, is never found.
The foolishness that results from devotion to a wife will never be found in those who possess a reflecting mind and a prosperity (flowing) therefrom.",Being led by Women,பெண்வழிச் சே றல்,அமைச்சு இயல்,The Essentials of a State,WEALTH,பொருட்பால்
911,அன்பின் விழையார் பொருள்விழையும் ஆய்தொடியார் இன்சொல் இழுக்குத் தரும்,"Bedecked with bracelets, she seeks him not for love but money –
her saccharine words are charged with disgrace.","கிடைக்க கூடிய பயனை அளந்து பார்த்து, அதற்கு ஏற்றவாறு இனிய சொல் கூறுகின்ற பண்பற்ற பொது மகளிரின் இன்பத்தை ஆராய்ந்து பொருந்தாமல் விட வேண்டும்.","Those that choice armlets wear who seek not thee with love,
But seek thy wealth, their pleasant words will ruin prove.
The sweet words of elegant braceleted (prostitutes) who desire (a man) not from affection but from avarice, will cause sorrow.",Wanton Women,வரைவின் மகளிர்,அமைச்சு இயல்,The Essentials of a State,WEALTH,பொருட்பால்
912,பயன்தூக்கிப் பண்புரைக்கும் பண்பின் மகளிர் நயன்தூக்கி நள்ளா விடல்,"Discern and spurn
pretentious women who schemingly gloat.","பொருளையே விரும்பும் பொது மகளிரின் பொய்யானத் தழுவல், இருட்டறையில் தொடர்பில்லாத ஒரு பிணத்தைத் தழுவினாற் போன்றது.","Who weigh the gain, and utter virtuous words with vicious heart,
Weighing such women's worth, from their society depart.
One must ascertain the character of the ill-natured women who after ascertaining the wealth (of a man) speak (as if they were) good natured-ones, and avoid intercourse (with them).
",Wanton Women,வரைவின் மகளிர்,அமைச்சு இயல்,The Essentials of a State,WEALTH,பொருட்பால்
913,பொருட்பெண்டிர் பொய்ம்மை முயக்கம் இருட்டறையில் ஏதில் பிணந்தழீஇ அற்று,"The fake cuddling of women coveting money
is like hugging an unknown corpse in a dark room.","பொருள் ஒன்றையே பொருளாகக் கொண்ட பொது மகளிரின் புன்மையான இன்பத்தை, அருளாகிய சிறந்த பொருளை ஆராயும் அறிவுடையோர் பொருந்த மாட்டார்.","As one in darkened room, some stranger corpse inarms,
Is he who seeks delight in mercenary women's charms!
The false embraces of wealth-loving women are like (hired men) embracing a strange corpse in a dark room.",Wanton Women,வரைவின் மகளிர்,அமைச்சு இயல்,The Essentials of a State,WEALTH,பொருட்பால்
914,பொருட்பொருளார் புன்னலந் தோயார் அருட்பொருள் ஆயும் அறிவி னவர்,"The wise who seek the way of compassion
are not swayed by trivial pleasures of covetous women.","இயற்கை யறிவின் நன்மையால் சிறப்புற்ற அறிவுடையோர், பொருள் தருவார் எல்லார்க்கும் பொதுவாக இன்பம் தரும் மகளிரின் புன்மையான நலத்தைப் பொருந்தார்.","Their worthless charms, whose only weal is wealth of gain,
From touch of these the wise, who seek the wealth of grace, abstain.
The wise who seek the wealth of grace will not desire the base favours of those who regard wealth (and not pleasure) as (their) riches.",Wanton Women,வரைவின் மகளிர்,அமைச்சு இயல்,The Essentials of a State,WEALTH,பொருட்பால்
915,பொதுநலத்தார் புன்னலந் தோயார் மதிநலத்தின் மாண்ட அறிவி னவர்,"Wise men renowned for their sagacity shun
the trite frolics of women who profess love for all.","அழகு முதலியவற்றால் செருக்கு கொண்டு தம் புன்மையான நலத்தை விற்கும் பொது மகளிரின் தோளை, தம் நல்லோழுக்கத்தைப் போற்றும் சான்றோர் பொருந்தார்.","From contact with their worthless charms, whose charms to all are free,
The men with sense of good and lofty wisdom blest will flee;
Those whose knowledge is made excellent by their (natural) sense will not covet the trffling delights of those whose favours are common (to all).",Wanton Women,வரைவின் மகளிர்,அமைச்சு இயல்,The Essentials of a State,WEALTH,பொருட்பால்
916,தந்நலம் பாரிப்பார் தோயார் தகைசெருக்கிப் புன்னலம் பாரிப்பார் தோள்,"Those who care for themselves care not for
the shoulders of those who offer exaggerated banal joys.","நெஞ்சத்தை நிறுத்தி ஆளும் ஆற்றல் இல்லாதவர், தம் நெஞ்சில் வேறுபொருளை விரும்பிக்கூடும் போது மகளிரின் தோளைப் பொருந்துவர்.","From touch of those who worthless cha rms, with wanton arts, display,
The men who would their own true good maintain will turn away.
Those who would spread (the fame of) their own goodness will not desire the shoulders of those,who rejoice in their accomplishments and bestow their despicable favours (on all who pay).",Wanton Women,வரைவின் மகளிர்,அமைச்சு இயல்,The Essentials of a State,WEALTH,பொருட்பால்
917,நிறைநெஞ்சம் இல்லவர் தோய்வர் பிறநெஞ்சிற் பேணிப் புணர்பவர் தோள்,"Those with discontented hearts embrace the shoulders
of those who make love with devious thoughts in their hearts.","வஞ்சம் நிறைந்த பொதுமகளிரின் சேர்க்கை, ஆராய்ந்தறியும் அறிவு இல்லாதவற்க்கு அணங்கு தாக்கு(மோகினி மயக்கு) என்று கூறுவர்.","Who cherish alien thoughts while folding in their feigned embrace,
These none approach save those devoid of virtue's grace.
Those who are destitute of a perfectly (reformed) mind will covet the shoulders of those who embrace (them) while their hearts covet other things.",Wanton Women,வரைவின் மகளிர்,அமைச்சு இயல்,The Essentials of a State,WEALTH,பொருட்பால்
918,ஆயும் அறிவினர் அல்லார்க் கணங்கென்ப மாய மகளிர் முயக்கு,"Those who cannot reason wisely see a divine enchantress
in a dubious woman’s embrace.","ஒழுக்க வரையரை இல்லாத பொது மகளிரின் மெல்லிய தோள், உயர்வில்லாத கீழ்மக்கள் ஆழ்ந்து கிடக்கின்ற நரகமாகும்.","As demoness who lures to ruin woman's treacherous love
To men devoid of wisdom's searching power will prove.
The wise say that to such as are destitute of discerning sense the embraces of faithless women are (as ruinous as those of) the celestail female.
",Wanton Women,வரைவின் மகளிர்,அமைச்சு இயல்,The Essentials of a State,WEALTH,பொருட்பால்
919,வரைவிலா மாணிழையார் மென்தோள் புரையிலாப் பூரியர்கள் ஆழும் அளறு,"Soft shoulders of loose women, decked with jewels,
is the hell where imprudent louts dwell.","இருவகைப்பட்ட மனம் உடைய பொது மகளிரும், கள்ளும் சூதுமாகிய இவ் மூவகையும் திருமகளால் நீக்கப்பட்டவரின் உறவாகும்.","The wanton's tender arm, with gleaming jewels decked,
Is hell, where sink degraded souls of men abject.
The delicate shoulders of prostitutes with excellent jewels are a hell into which are plunged the ignorant base.
",Wanton Women,வரைவின் மகளிர்,அமைச்சு இயல்,The Essentials of a State,WEALTH,பொருட்பால்
920,இருமனப் பெண்டிரும் கள்ளும் கவறும் திருநீக்கப் பட்டார் தொடர்பு,"Deceitful women, drink and dice
are friends of those wantonly dumping their wealth.","கள்ளின் மேல் விருப்பம் கொண்டு நடப்பவர், எக்காலத்திலும் பகைவரால் அஞ்சப்படார், தமக்கு உள்ள புகழையும் இழந்து விடுவார்.","Women of double minds, strong drink, and dice; to these giv'n o'er,
Are those on whom the light of Fortune shines no more.
Treacherous women, liquor, and gambling are the associates of such as have forsaken by Fortune.",Wanton Women,வரைவின் மகளிர்,அமைச்சு இயல்,The Essentials of a State,WEALTH,பொருட்பால்
921,உட்கப் படாஅர் ஒளியிழப்பர் எஞ்ஞான்றும் கட்காதல் கொண்டொழுகு வார்,"They shall not be respected nor feared, and they shall lose their glory –
they who are in love with alcohol.","கள்ளை உண்ணக் கூடாது, சான்றோரால் நன்கு எண்ணப்படுவதை விரும்பாதவர் கள்ளை உண்ண வேண்டுமானால் உண்ணலாம்.","Who love the palm's intoxicating juice, each day,
No rev'rence they command, their glory fades away.
Those who always thirst after drink will neither inspire fear (in others) nor retain the light (of their fame)",Not Drinking Palm-Wine,கள்ளுண்ணாமை,அமைச்சு இயல்,The Essentials of a State,WEALTH,பொருட்பால்
922,உண்ணற்க கள்ளை உணிலுண்க சான்றோரான் எண்ணப் படவேண்டா தார்,"Consume not alcohol; consume if you will,
those who care not to be held highly by the noble.","பெற்றதாயின் முகத்திலும் கள்ளுண்டு மயங்குதல் துன்பம் தருவதாகும், அப்படியானால் குற்றம் கடியும் இயல்புடைய சான்றோரின் முகத்தில் அது எண்ணவாகும்.","Drink not inebriating draught. Let him count well the cost.
Who drinks, by drinking, all good men's esteem is lost.
Let no liquor be drunk; if it is desired, let it be drunk by those who care not for esteem of the great.
",Not Drinking Palm-Wine,கள்ளுண்ணாமை,அமைச்சு இயல்,The Essentials of a State,WEALTH,பொருட்பால்
923,ஈன்றாள் முகத்தேயும் இன்னாதால் என்மற்றுச் சான்றோர் முகத்துக் களி,"Drunken revelry is horrid in front of your mother;
how would it seem in front of the esteemed?","நாணம் என்று சொல்லப்படும் நல்லவள், கள் என்று சொல்லப்படும் விரும்பத்தக்காத பெருங்குற்றம் உடையவர்க்கு எதிரே நிற்காமல் செய்வாள்.","The drunkard's joy is sorrow to his mother's eyes;
What must it be in presence of the truly wise?
Intoxication is painful even in the presence of (one's) mother; what will it not then be in that of the wise ?
",Not Drinking Palm-Wine,கள்ளுண்ணாமை,அமைச்சு இயல்,The Essentials of a State,WEALTH,பொருட்பால்
924,நாணென்னும் நல்லாள் புறங்கொடுக்கும் கள்ளென்னும் பேணாப் பெருங்குற்றத் தார்க்கு,"The good lady, Sense of Shame, will turn her back on
those despicably guilty of being drunk.","விளைப் பொருள் கொடுத்து கள்ளுண்டு தன் உடம்பைத் தான் அறியாத நிலையை மேற்கொள்ளுதல், செய்வது இன்னதென்று அறியாத அறியாமை உடையதாகும்.","Shame, goodly maid, will turn her back for aye on them
Who sin the drunkard's grievous sin, that all condemn.
The fair maid of modesty will turn her back on those who are guilty of the great and abominable crime of drunkenness.",Not Drinking Palm-Wine,கள்ளுண்ணாமை,அமைச்சு இயல்,The Essentials of a State,WEALTH,பொருட்பால்
925,கையறி யாமை உடைத்தே பொருள்கொடுத்து மெய்யறி யாமை கொளல்,"They have no sense of consequences,
those who pay to lose their senses.","உறங்கினவர் இறந்தவரை விட வேறுபட்டவர் அல்லர், அவ்வாறே கள்ளுண்பவரும் அறிவுமயங்குதலால் நஞ்சு உண்பவரே ஆவர்.","With gift of goods who self-oblivion buys,
Is ignorant of all that man should prize.
To give money and purchase unconsciousness is the result of one's ignorance of (one's own actions).",Not Drinking Palm-Wine,கள்ளுண்ணாமை,அமைச்சு இயல்,The Essentials of a State,WEALTH,பொருட்பால்
926,துஞ்சினார் செத்தாரின் வேறல்லர் எஞ்ஞான்றும் நஞ்சுண்பார் கள்ளுண் பவர்,"One who is asleep is no different from the dead;
one who consumes alcohol forever consumes poison.","கள்ளை மறைந்திருந்து குடித்து அறிவு மயங்குபவர், உள்ளூரில் வாழ்கின்றவரால் உள்ளான செய்திகள் ஆராயப்பட்டு எந்நாளும் சிரிக்கப்படும்.","Sleepers are as the dead, no otherwise they seem;
Who drink intoxicating draughts, they poison quaff, we deem.
They that sleep resemble the deed; (likewise) they that drink are no other than poison-eaters.
",Not Drinking Palm-Wine,கள்ளுண்ணாமை,அமைச்சு இயல்,The Essentials of a State,WEALTH,பொருட்பால்
927,உள்ளொற்றி உள்ளூர் நகப்படுவர் எஞ்ஞான்றும் கள்ளொற்றிக் கண்சாய் பவர்,"Those who are in a perpetual drunken stupor
shall be sneered at by the knowing locals.","கள்ளுண்பவன் யான் ஒருபோதும் கள்ளுண்டறியேன் என்று சொல்வதை விட வேண்டும், நெஞ்சில் ஒளிந்திருந்த குற்றமும் கள்ளுண்டபோதே வெளிப்படும்.","Who turn aside to drink, and droop their heavy eye,
Shall be their townsmen's jest, when they the fault espy.
Those who always intoxicate themselves by a private (indulgence in) drink; will have their secrets detected and laughed at by their fellow-townsmen.
",Not Drinking Palm-Wine,கள்ளுண்ணாமை,அமைச்சு இயல்,The Essentials of a State,WEALTH,பொருட்பால்
928,களித்தறியேன் என்பது கைவிடுக நெஞ்சத் தொளித்ததூஉம் ஆங்கே மிகும்,"Drop the pretense of never feeling merry while drinking;
all that’s hidden in your heart will tumble out.","கள்ளுண்டு மயங்கினவனைக் காரணம் காட்டி தெளிவித்தல், நீரின் கீழ் மூழ்கின ஒருவனைத் தீவிளக்கு கொண்டு தேடினாற் போன்றது.","No more in secret drink, and then deny thy hidden fraud;
What in thy mind lies hid shall soon be known abroad.
Let (the drunkard) give up saying ""I have never drunk""; (for) the moment (he drinks) he will simply betray his former attempt to conceal.",Not Drinking Palm-Wine,கள்ளுண்ணாமை,அமைச்சு இயல்,The Essentials of a State,WEALTH,பொருட்பால்
929,களித்தானைக் காரணம் காட்டுதல் கீழ்நீர்க் குளித்தானைத் தீத்துரீஇ அற்று,"Making an inebriated person see reason
is like pursuing with a flame, someone under water .",ஒருவன் தான் கள் உண்ணாத போது கள்ளுண்டு மயங்கினவளைக் காணுமிடத்தில் உண்டு மயங்குவதால் வரும் சோர்வை நினைக்கமாட்டானோ.,"Like him who, lamp in hand, would seek one sunk beneath the wave.
Is he who strives to sober drunken man with reasonings grave.
Reasoning with a drunkard is like going under water with a torch in search of a drowned man.",Not Drinking Palm-Wine,கள்ளுண்ணாமை,அமைச்சு இயல்,The Essentials of a State,WEALTH,பொருட்பால்
930,கள்ளுண்ணாப் போழ்திற் களித்தானைக் காணுங்கால் உள்ளான்கொல் உண்டதன் சோர்வு,"While sober, will he not think of his crapulence
when he sees others sloshed under the influence?","வெற்றியே பெறுவதாலும் சூதாட்டத்தை விரும்பக்கூடாது, வென்ற வெற்றியும் தூண்டில் இரும்பை இரை என்று மயங்கி மீன் விழுகினாற் போன்றது.","When one, in sober interval, a drunken man espies,
Does he not think, 'Such is my folly in my revelries'?
When (a drunkard) who is sober sees one who is not, it looks as if he remembered not the evil effects of his (own) drink.",Not Drinking Palm-Wine,கள்ளுண்ணாமை,அமைச்சு இயல்,The Essentials of a State,WEALTH,பொருட்பால்
931,வேண்டற்க வென்றிடினும் சூதினை வென்றதூஉம் தூண்டிற்பொன் மீன்விழுங்கி அற்று,"Love not gambling even when you win. To win
is akin to a fish biting the metallic hook on a fishing line.","ஒரு பொருள் பெற்று நூறு மடங்கு பொருளை இழந்து விடும் சூதாடிகளுக்கும், நன்மை பெற்று வாழும் ஒரு வழி உண்டோ.","Seek not the gamester's play; though you should win,
Your gain is as the baited hook the fish takes in.
Though able to win, let not one desire gambling; (for) even what is won is like a fish swallowing the iron in fish-hook.",Gaming (Gambling),சூது,அமைச்சு இயல்,The Essentials of a State,WEALTH,பொருட்பால்
932,ஒன்றெய்தி நூறிழக்கும் சூதர்க்கும் உண்டாங்கொல் நன்றெய்தி வாழ்வதோர் ஆறு,"Can there ever be a rewarding course of life
for a gambler who wins one to lose a hundred.","ஒருவன் உருளுகின்ற கருவியால் வரும் ஒரு பொருளை இடைவிடாமல் கூறி சூதாடினால், பொருள் வருவாய் அவனை விட்டு நீங்கிப் பகைவரிடத்தில் சேரும்.","Is there for gamblers, too, that gaining one a hundred lose, some way
That they may good obtain, and see a prosperous day?
Is there indeed a means of livelihood that can bestow happiness on gamblers who gain one and lose a hundred ?",Gaming (Gambling),சூது,அமைச்சு இயல்,The Essentials of a State,WEALTH,பொருட்பால்
933,உருளாயம் ஓவாது கூறிற் பொருளாயம் போஒய்ப் புறமே படும்,"If one keeps calling as the dice roll,
their wealth shall roll away to others.",ஒருவனுக்குத் துன்பம் பலவற்றையும் உண்டாக்கி அவனுடைய புகழைக் கெடுக்கின்ற சூதைபோல் வறுமை தருவது வேறொன்றும் இல்லை.,"If prince unceasing speak of nought but play,
Treasure and revenue will pass from him away.
If the king is incessantly addicted to the rolling dice in the hope of gain, his wealth and the resources thereof will take their departure and fall into other's hands.
",Gaming (Gambling),சூது,அமைச்சு இயல்,The Essentials of a State,WEALTH,பொருட்பால்
934,சிறுமை பலசெய்து சீரழிக்கும் சூதின் வறுமை தருவதொன் றில்,"Nothing else can cause as much poverty as
the degrading and demeaning gambling.","சூதாடு கருவியும், ஆடும் இடமும், கைத்திறமையும் மதித்துக் கைவிடாதவர், (எல்லாப் பொருள் உடையவராக இருந்தும்) இல்லாதவர் ஆகிவிடுவார்.","Gaming brings many woes, and ruins fair renown;
Nothing to want brings men so surely down.
There is nothing else that brings (us) poverty like gambling which causes many a misery and destroys (one's) reputation.",Gaming (Gambling),சூது,அமைச்சு இயல்,The Essentials of a State,WEALTH,பொருட்பால்
935,கவறும் கழகமும் கையும் தருக்கி இவறியார் இல்லாகி யார்,"The dice, the casino and the playing hand –
those who lovingly embrace these lose everything.","சூது என்று சொல்லப்படும் மூதேவியால் விழுங்கப்பட்டவர், வயிறு நிறைய உணவும் உண்ணாதவராகிப் பல துன்பப்பட்டு வருந்துவர்.","The dice, and gaming-hall, and gamester's art, they eager sought,
Thirsting for gain- the men in other days who came to nought.
Penniless are those who by reason of their attachment would never forsake gambling, the gambling-place and the handling (of dice).
",Gaming (Gambling),சூது,அமைச்சு இயல்,The Essentials of a State,WEALTH,பொருட்பால்
936,அகடாரார் அல்லல் உழப்பர்சூ தென்னும் முகடியான் மூடப்பட் டார்,"When one is enclasped by Gambling, the Imp of Misfortune,
they shall starve and suffer.",சூதாடுமிடத்தில் ஒருவனுடைய காலம் கழியுமானால் அது அவனுடைய பழைமையாய் வந்த செல்வத்தையும் இயல்பான நற்பண்பையும் கெடுக்கும்.,"Gambling's Misfortune's other name: o'er whom she casts her veil,
They suffer grievous want, and sorrows sore bewail.
Those who are swallowed by the goddess called ""gambling"" will never have their hunger satisfied, but suffer the pangs of hell in the next world.
",Gaming (Gambling),சூது,அமைச்சு இயல்,The Essentials of a State,WEALTH,பொருட்பால்
937,பழகிய செல்வமும் பண்பும் கெடுக்கும் கழகத்துக் காலை புகின்,"When one enters the gambling den at dawn,
their character and inheritance decline.",சூது உள்ள பொருளை அழித்துப் பொய்யை மேற்கொள்ளச் செய்து அருளையும் கெடுத்துப் பலவகையிலும் துன்பமுற்று வருந்தச் செய்யும்,"Ancestral wealth and noble fame to ruin haste,
If men in gambler's halls their precious moments waste.
To waste time at the place of gambling will destroy inherited wealth and goodness of character.
",Gaming (Gambling),சூது,அமைச்சு இயல்,The Essentials of a State,WEALTH,பொருட்பால்
938,பொருள்கெடுத்துப் பொய்மேற் கொளீஇ அருள்கெடுத் தல்லல் உழப்பிக்கும் சூது,"It erodes wealth and imposes falsehood –
gambling that causes torment and erases tenderness.","சூதாடுதலை ஒருவன் மேற்கொண்டால், புகழ், கல்வி, செல்வம், உணவு, உடை ஆகிய ஐந்தும் அவனைச் சேராமல் ஒதுங்கும்.","Gambling wastes wealth, to falsehood bends the soul: it drives away
All grace, and leaves the man to utter misery a prey.
Gambling destroys property, teaches falsehood, puts an end to benevolence, and brings in misery (here and hereafter).",Gaming (Gambling),சூது,அமைச்சு இயல்,The Essentials of a State,WEALTH,பொருட்பால்
939,உடைசெல்வம் ஊணொளி கல்வியென் றைந்தும் அடையாவாம் ஆயங் கொளின்,"Food, dress, learning, wealth and fame – these five
elude one who takes to the dice.","பொருள் வைத்து இழக்க இழக்க மேன்மேலும் விருப்பத்தை வளர்க்கும் சூதாட்டம் போல், உடல் துன்பப்பட்டு வருந்ந வருந்த உயிர் மேன்மேலும் காதல் உடையதாகும்.","Clothes, wealth, food, praise, and learning, all depart
From him on gambler's gain who sets his heart.
The habit of gambling prevents the attainment of these five: clothing, wealth, food, fame and learning.",Gaming (Gambling),சூது,அமைச்சு இயல்,The Essentials of a State,WEALTH,பொருட்பால்
940,இழத்தொறூஉம் காதலிக்கும் சூதேபோல் துன்பம் உழத்தொறூஉம் காதற் றுயிர்,"Like the spirit that yet loves the body in torment,
the gambler loves to wager despite the losses.",மருத்துவ நூலோர் வாதம் பித்தம் சிலேத்துமம் என எண்ணிய மூன்று அளவுக்கு மிகுந்தாலும் குறைந்தாலும் நோய் உண்டாகும்.,"Howe'er he lose, the gambler's heart is ever in the play;
E'en so the soul, despite its griefs, would live on earth alway.
As the gambler loves (his vice) the more he loses by it, so does the soul love (the body) the more it suffers through it.",Gaming (Gambling),சூது,அமைச்சு இயல்,The Essentials of a State,WEALTH,பொருட்பால்
941,மிகினும் குறையினும் நோய்செய்யும் நூலோர் வளிமுதலா எண்ணிய மூன்று,"Food and deed, both in excess and deficit, cause disease,
induced by the three (humors)* listed by the learned, starting with wind.","முன் உண்ட உணவு செரித்த தன்மை ஆராய்ந்து போற்றியப் பிறகு தக்க அளவு உண்டால், உடம்பிற்கு மருந்து என ஒன்று வேண்டியதில்லை.","The learned books count three, with wind as first; of these,
As any one prevail, or fail; 'twill cause disease.
If (food and work are either) excessive or deficient, the three things enumerated by (medical) writers, flatulence, biliousness, and phlegm, will cause (one) disease.",Medicine,மருந்து,அமைச்சு இயல்,The Essentials of a State,WEALTH,பொருட்பால்
942,மருந்தென வேண்டாவாம் யாக்கைக் கருந்திய தற்றது போற்றி உணின்,"The body needs no medicine,
if one eats after ensuring the earlier intake is digested.","முன் உண்ட உணவு செரித்துவிட்டால், பின் வேண்டிய அளவு அறிந்து உண்ணவேண்டும், அதுவே உடம்பு பெற்றவன் அதை நெடுங்காலம் செலுத்தும் வழியாகும்.","No need of medicine to heal your body's pain,
If, what you ate before digested well, you eat again.
No medicine is necessary for him who eats after assuring (himself) that what he has (already) eaten has been digested.",Medicine,மருந்து,அமைச்சு இயல்,The Essentials of a State,WEALTH,பொருட்பால்
943,அற்றால் அளவறிந் துண்க அஃதுடம்பு பொற்றான் நெடிதுய்க்கும் ஆறு,"After digestion, eat in right measure. This is the way
for the possessor of the body to prolong its being.",முன் உண்ட உணவு செரித்த தன்மையை அறிந்து மாறுபாடில்லாத உணவுகளைக் கடைபிடித்து அவற்றையும் பசித்த பிறகு உண்ண வேண்டும்.,"Who has a body gained may long the gift retain,
If, food digested well, in measure due he eat again.
If (one's food has been) digested let one eat with moderation; (for) that is the way to prolong the life of an embodied soul.",Medicine,மருந்து,அமைச்சு இயல்,The Essentials of a State,WEALTH,பொருட்பால்
944,அற்ற தறிந்து கடைப்பிடித்து மாறல்ல துய்க்க துவரப் பசித்து,"After ascertaining digestion, when you feel quite hungry,
eat, in right measure, food that suits your constitution.","மாறுபாடில்லாதா உணவை அளவு மீறாமல் மறுத்து அளவோடு உண்டால், உயிர் உடம்பில் வாழ்வதற்கு இடையூறான நோய் இல்லை.","Knowing the food digested well, when hunger prompteth thee,
With constant care, the viands choose that well agree.
(First) assure yourself that your food has been digested and never fail to eat, when very hungry, whatever is not disagreeable (to you).",Medicine,மருந்து,அமைச்சு இயல்,The Essentials of a State,WEALTH,பொருட்பால்
945,மாறுபா டில்லாத உண்டி மறுத்துண்ணின் ஊறுபா டில்லை உயிர்க்கு,"If one eats after refusing incompatible food
there is no harm for their existence.","குறைந்த அளவு இன்னதென்று அறிந்து உண்பவனிடத்தில் இன்பம் நிலைநிற்பது போல, மிகப்பெரிதும் உண்பவனிடத்தில் நோய் நிற்க்கும்.","With self-denial take the well-selected meal;
So shall thy frame no sudden sickness feel.
There will be no disaster to one's life if on e eats with moderation, food that is not disagreeable.
",Medicine,மருந்து,அமைச்சு இயல்,The Essentials of a State,WEALTH,பொருட்பால்
946,இழிவறிந் துண்பான்கண் இன்பம்போல் நிற்கும் கழிபேர் இரையான்கண் நோய்,"Joy resides with one who knows what not and how much to eat.
Likewise, disease rests with the glutton.","பசித்தீயின் அளவின் படி அல்லாமல், அதை ஆராயாமல் மிகுதியாக உண்டால் , அதனால் நோய்கள் அளவில்லாமல் ஏற்ப்பட்டு விடும்.","On modest temperance as pleasures pure,
So pain attends the greedy epicure.
As pleasure dwells with him who eats moderately, so disease (dwells) with the glutton who eats voraciously.",Medicine,மருந்து,அமைச்சு இயல்,The Essentials of a State,WEALTH,பொருட்பால்
947,தீயள வன்றித் தெரியான் பெரிதுண்ணின் நோயள வின்றிப் படும்,"One who cannot judge his extent of hunger and gobbles up greedily
will be afflicted with boundless malady.","நோய் இன்னதென்று ஆராய்ந்து, நோயின் காரணம் ஆராய்ந்து, அதைத் தணிக்கும் வழியையும் ஆராய்ந்து, உடலுக்கு பொருந்தும் படியாகச் செய்யவேண்டும்.","Who largely feeds, nor measure of the fire within maintains,
That thoughtless man shall feel unmeasured pains.
He will be afflicted with numberless diseases, who eats immoderately, ignorant (of the rules of health).",Medicine,மருந்து,அமைச்சு இயல்,The Essentials of a State,WEALTH,பொருட்பால்
948,நோய்நாடி நோய்முதல் நாடி அதுதணிக்கும் வாய்நாடி வாய்ப்பச் செயல்,"Diagnose the disease, detect its root cause,
discern its cure and then act aptly.","மருத்துவ நூலைக் கற்றவன், நோயுற்றவனுடைய வயது முதலியவற்றையும், நோயின் அளவையும், காலத்தையும் ஆராய்ந்து செய்ய வேண்டும்.","Disease, its cause, what may abate the ill:
Let leech examine these, then use his skill.
Let the physician enquire into the (nature of the) disease, its cause and its method of cure and treat it faithfully according to (medical rule).
",Medicine,மருந்து,அமைச்சு இயல்,The Essentials of a State,WEALTH,பொருட்பால்
949,உற்றான் அளவும் பிணியளவும் காலமும் கற்றான் கருதிச் செயல்,"The learned medic should consider the state of the ailing,
the extent of ailment and the timing, and then treat.","நோயுற்றவன், நோய் தீர்க்கும் மருத்துவன், மருந்து, மருந்தை அங்கிருந்து கொடுப்பவன் என்று மருத்துவ முறை அந்த நான்குவகைப் பாகுபாடு உடையது.","The habitudes of patient and disease, the crises of the ill
These must the learned leech think over well, then use his skill.
The learned (physician) should ascertain the condition of his patient; the nature of his disease, and the season (of the year) and (then) proceed (with his treatment).
",Medicine,மருந்து,அமைச்சு இயல்,The Essentials of a State,WEALTH,பொருட்பால்
950,உற்றவன் தீர்ப்பான் மருந்துழைச் செல்வானென் றப்பானாற் கூற்றே மருந்து,"The ailing, the medic, the medicine and the caregiver
– the treatment encompasses all these four.",நடுவு நிமையும் நாணமும் உயர்குடியில் பிறந்தவனிடத்தில் அல்லாமல் மற்றவரிடத்தில் இயல்பாக ஒருசேர அமைவதில்லை.,"For patient, leech, and remedies, and him who waits by patient's side,
The art of medicine must fourfold code of laws provide.
Medical science consists of four parts, viz., patient, physician, medicine and compounder; and each of these (again) contains four sub-divisions.",Medicine,மருந்து,அமைச்சு இயல்,The Essentials of a State,WEALTH,பொருட்பால்
951,இற்பிறந்தார் கண்ணல்ல தில்லை இயல்பாகச் செப்பமும் நாணும் ஒருங்கு,"Those of good birth stand apart through their
sense of justice and sense of shame that come naturally for them.",உயர் குடியில் பிறந்தவர் ஒழுக்கமும் வாய்மையும் நாணமும் ஆகிய இம் மூன்றிலிருந்தும் வழுவாமல் இயல்பாகவே நன்னெறியில் வாழ்வர்.,"Save in the scions of a noble house, you never find
Instinctive sense of right and virtuous shame combined.
Consistency (of thought, word and deed) and fear (of sin) are conjointly natural only to the high-born.
",Nobility,குடிமை,ஒழிப்பியல் ,Miscellaneous,WEALTH,பொருட்பால்
952,ஒழுக்கமும் வாய்மையும் நாணுமிம் மூன்றும் இழுக்கார் குடிப்பிறந் தார்,"Propriety, truth and modesty: those of good birth
do not lapse on these three.","உண்மையான உயர்குடியில் பிறந்தவர்க்கு முகமலர்ச்சி, ஈகை, இனிய சொல், பிறரை இகழ்ந்து கூறாமை ஆகிய நான்கும் நல்லப் பண்புகள் என்பர்.","In these three things the men of noble birth fail not:
In virtuous deed and truthful word, and chastened thought.
The high-born will never deviate from these three; good manners, truthfulness and modesty.",Nobility,குடிமை,ஒழிப்பியல் ,Miscellaneous,WEALTH,பொருட்பால்
953,நகையீகை அன்சொல் இகழாமை நான்கும் வகையென்ப வாய்மைக் குடிக்கு,"Those born in a family that treasures truth internalize these four:
smile, generosity, sweet words and not belittling anyone.",பல கோடிப் பொருளைப் பெறுவதாக இருந்தாலும் உயர்குடியில் பிறந்தவர் தம் குடியின் சிறப்புக் குன்றுவதற்கு காரணமான குற்றங்களைச் செய்வதில்லை.,"The smile, the gift, the pleasant word, unfailing courtesy
These are the signs, they say, of true nobility.
A cheerful countenance, liberality, pleasant words, and an unreviling disposition, these four are said to be the proper qualities of the truly high-born.",Nobility,குடிமை,ஒழிப்பியல் ,Miscellaneous,WEALTH,பொருட்பால்
954,அடுக்கிய கோடி பெறினும் குடிப்பிறந்தார் குன்றுவ செய்தல் இலர்,"Even if they are bound to gain millions,
those of good lineage shall never stoop to do things beneath themselves.","தாம் பிறர்க்குக் கொடுத்துதவும் வன்மை வறுமையால் சுருங்கிய போதிலும், பழம் பெருமை உடைய குடியில் பிறந்தவர் தம் பண்பிலிருந்து நீங்குவதில்லை.","Millions on millions piled would never win
The men of noble race to soul-degrading sin.
Though blessed with immense wealth, the noble will never do anything unbecoming.
",Nobility,குடிமை,ஒழிப்பியல் ,Miscellaneous,WEALTH,பொருட்பால்
955,வழங்குவ துள்வீழ்ந்தக் கண்ணும் பழங்குடி பண்பின் தலைப்பிரிதல் இன்று,"Their ability to give may dwindle, but those of ancient lineage
do not depart from their character.","மாசற்ற குடிப் பண்புடன் வாழ்வோம் என்று கருதி வாழ்வோர், வஞ்சனைக் கொண்டு தகுதியில்லாதவற்றைக் செய்யமாட்டார்.","Though stores for charity should fail within, the ancient race
Will never lose its old ancestral grace.
Though their means fall off, those born in ancient families, will not lose their character (for liberality).",Nobility,குடிமை,ஒழிப்பியல் ,Miscellaneous,WEALTH,பொருட்பால்
956,சலம்பற்றிச் சால்பில செய்யார்மா சற்ற குலம்பற்றி வாழ்துமென் பார்,"Those who seek to live in harmony with their families, of flawless descent,
do not do unworthy deeds spurred by vengeance and deceit.","உயர் குடியில் பிறந்தவரிடத்தில் உண்டாகும் குற்றம், ஆகாயத்தில் திங்களிடம் காணப்படும் களங்கம்போல் பலரறியத் தோன்றும்.","Whose minds are set to live as fits their sire's unspotted fame,
Stooping to low deceit, commit no deeds that gender shame.
Those who seek to preserve the irreproachable honour of their families will not viciously do what is detrimental thereto.",Nobility,குடிமை,ஒழிப்பியல் ,Miscellaneous,WEALTH,பொருட்பால்
957,குடிப்பிறந்தார் கண்விளங்கும் குற்றம் விசும்பின் மதிக்கண் மறுப்போல் உயர்ந்து,"Any fault in a person of good descent stands out
like the wart on the moon of the sky.","ஒருவனுடைய நல்லப் பண்புகளுக்கிடையில் அன்பற்றத் தன்மைக் காணப்பட்டால், அவனை அவனுடைய குடிப் பிறப்பு பற்றி ஐயப்பட நேரும்.","The faults of men of noble race are seen by every eye,
As spots on her bright orb that walks sublime the evening sky.
The defects of the noble will be observed as clearly as the dark spots in the moon.
",Nobility,குடிமை,ஒழிப்பியல் ,Miscellaneous,WEALTH,பொருட்பால்
958,நலத்தின்கண் நாரின்மை தோன்றின் அவனைக் குலத்தின்கண் ஐயப் படும்,"If lack of compassion is seen while considering the welfare of others,
aspersions are cast on their ancestry.","இன்ன நிலத்தில் இருந்து முளைத்தது என்பதை முளை காட்டும், அதுபோல் குடியிற் பிறந்தவரின் வாய்ச் சொல் அவருடைய குடிப்பிறப்பைக் காட்டும்.","If lack of love appear in those who bear some goodly name,
'Twill make men doubt the ancestry they claim.
If one of a good family betrays want of affection, his descent from it will be called in question.",Nobility,குடிமை,ஒழிப்பியல் ,Miscellaneous,WEALTH,பொருட்பால்
959,நிலத்திற் கிடந்தமை கால்காட்டும் காட்டும் குலத்திற் பிறந்தார்வாய்ச் சொல்,"The sprouting shoots betray the seed hidden in the soil;
words spoken portray the nature of their families.","ஒருவனுக்கு நன்மை வேண்டுமானால் நாணம் உடையவனாக வேண்டும், குடியின் உயர்வு வேண்டுமானால் எல்லோரிடத்தும் பணிவு வேண்டும்.","Of soil the plants that spring thereout will show the worth:
The words they speak declare the men of noble birth.
As the sprout indicates the nature of the soil, (so) the speech of the noble indicates (that of one's birth).",Nobility,குடிமை,ஒழிப்பியல் ,Miscellaneous,WEALTH,பொருட்பால்
960,நலம்வேண்டின் நாணுடைமை வேண்டும் குலம்வேண்டின் வேண்டுக யார்க்கும் பணிவு,"If one cares for his wellbeing, he needs a sense of shame;
if one cares for his family, he needs to be humble before anyone.",இன்றியமையாத சிறப்பை உடைய செயல்களே ஆயினும் குடிப்பெருமை தாழுமாறு வரும் செயல்களை ஒருவன் செய்யாமல் விட வேண்டும்.,"Who seek for good the grace of virtuous shame must know;
Who seek for noble name to all must reverence show.
He who desires a good name must desire modesty; and he who desires (the continuance of) a family greatness must be submissive to all.",Nobility,குடிமை,ஒழிப்பியல் ,Miscellaneous,WEALTH,பொருட்பால்
961,இன்றி அமையாச் சிறப்பின ஆயினும் குன்ற வருப விடல்,"It maybe essential and important, yet,
let it go, if it is beneath your dignity.","புகழோடு பெரிய ஆண்மையும் விரும்புகின்றவர், புகழ் தோடும் வழியிலும் குடிப்பெருமைக்கு ஒவ்வாத செயல்களைச் செய்யமாட்டார்.","Though linked to splendours man no otherwise may gain,
Reject each act that may thine honour's clearness stain.
Actions that would degrade (one's) family should not be done; though they may be so important that not doing them would end in death.",Honour,மானம்,ஒழிப்பியல் ,Miscellaneous,WEALTH,பொருட்பால்
962,சீரினும் சீரல்ல செய்யாரே சீரொடு பேராண்மை வேண்டு பவர்,"Fame and riches may beckon but they’d not do ignoble deeds,
those who seek high-mindedness besides honour.","செல்வம் பெருகியுள்ள காலத்தில் ஒருவனுக்குப் பண்பு வேண்டும், செல்வம் குறைந்து சுருங்கும் வறுமையுள்ள காலத்தில் பணியாத உயர்வு வேண்டும்.","Who seek with glory to combine honour's untarnished fame,
Do no inglorious deeds, though men accord them glory's name.
Those who desire (to maintain their) honour, will surely do nothing dishonourable, even for the sake of fame.
",Honour,மானம்,ஒழிப்பியல் ,Miscellaneous,WEALTH,பொருட்பால்
963,பெருக்கத்து வேண்டும் பணிதல் சிறிய சுருக்கத்து வேண்டும் உயர்வு,"In times of prosperity, humility is needed;
but during poverty, don your pride.","மக்கள் தம் உயர்வுக்கு உரிய நிலையிலிருந்து தாழ்ந்த போது, தலைமையிலிருந்து விழுந்து தாழ்வுற்ற மயிரினைப் போன்றவர் ஆவர்.","Bow down thy soul, with increase blest, in happy hour;
Lift up thy heart, when stript of all by fortune's power.
In great prosperity humility is becoming; dignity, in great adversity.
",Honour,மானம்,ஒழிப்பியல் ,Miscellaneous,WEALTH,பொருட்பால்
964,தலையின் இழிந்த மயிரனையர் மாந்தர் நிலையின் இழிந்தக் கடை,"When people slip beneath their dignified state,
they are lowly as hair fallen from the head.","மலை போல் உயர்ந்த நிலையில் உள்ளவரும், தாழ்வுக்கு காரணமானச் செயல்களை ஒரு குன்றிமனி அளவு செய்தாலும் தாழ்ந்து போய் விடுவர்.","Like hairs from off the head that fall to earth,
When fall'n from high estate are men of noble birth.
They who have fallen from their (high) position are like the hair which has fallen from the head.",Honour,மானம்,ஒழிப்பியல் ,Miscellaneous,WEALTH,பொருட்பால்
965,குன்றின் அனையாரும் குன்றுவர் குன்றுவ குன்றி அனைய செயின்,"A base act, as minor as a rosary pea,
will make those, as towering as a mountain, to shrivel.","மதியாமல் இகழ்கின்றவரின் பின் சென்று பணிந்து நிற்க்கும் நிலை, ஒருவனுக்கு புகழும் தராது, தேவருலகிலும் செலுத்தாது, வேறு பயன் என்ன.","If meanness, slight as 'abrus' grain, by men be wrought,
Though like a hill their high estate, they sink to nought.
Even those who are exalted like a hill will be thought low, if they commit deeds that are debasing.
",Honour,மானம்,ஒழிப்பியல் ,Miscellaneous,WEALTH,பொருட்பால்
966,புகழின்றால் புத்தேணாட் டுய்யாதால் என்மற் றிகழ்வார்பின் சென்று நிலை,"It leads not to earthly fame, nor to a divine land;
why then must one scamper behind those who revile them.","மதியாதவரின் பின் சென்று ஒருவன் உயிர்வாழ்வதை விட, அவ்வாறு செய்யாத நிலையில் நின்று அழிந்தான் என்று சொல்லப்படுதல் நல்லது.","It yields no praise, nor to the land of Gods throws wide the gate:
Why follow men who scorn, and at their bidding wait?
Of what good is it (for the high-born) to go and stand in vain before those who revile him ? it only brings him loss of honour and exclusion from heaven.
",Honour,மானம்,ஒழிப்பியல் ,Miscellaneous,WEALTH,பொருட்பால்
967,ஒட்டார்பின் சென்றொருவன் வாழ்தலின் அந்நிலையே கெட்டான் எனப்படுதல் நன்று,"Better to be known that he died without stooping low,
than live by depending on those who humiliate him.","ஒருவனுடைய பெருந்தகைமை தன் சிறப்புக்கெட நேர்ந்த போது, அவன் உடம்பை மட்டும் காத்து வாழும் வாழ்க்கை சாவாமைக்கு மருந்தோ.","Better 'twere said, 'He's perished!' than to gain
The means to live, following in foeman's train.
It is better for a man to be said of him that he died in his usual state than that he eked out his life by following those who disgraced him.",Honour,மானம்,ஒழிப்பியல் ,Miscellaneous,WEALTH,பொருட்பால்
968,மருந்தோமற் றூனோம்பும் வாழ்க்கை பெருந்தகைமை பீடழிய வந்த இடத்து,"Living on to preserve your body, when the greatness
of your character is gone – is that an elixir of life?",தன் உடம்பிலிருந்து மயிர் நீங்கினால் உயிர்வாழாத கவரிமானைப் போன்றவர் மானம் அழிய நேர்ந்தால் உயிரை விட்டுவிடுவர்.,"When high estate has lost its pride of honour meet,
Is life, that nurses this poor flesh, as nectar sweet?
For the high-born to keep their body in life when their honour is gone will certainly not prove a remedy against death.",Honour,மானம்,ஒழிப்பியல் ,Miscellaneous,WEALTH,பொருட்பால்
969,மயிர்நீப்பின் வாழாக் கவரிமா அன்னார் உயிர்நீப்பர் மானம் வரின்,"The kavarimaa will cease living if a shred of hair is lost;
likewise, there are those who’ll shed their lives, if disgraced.",தமக்கு யாதேனும் இழிவு நேர்ந்தால் உயிர் வாழாத மானம் உடையவரின் புகழை உலகத்தார் தொழுது ஏந்தி நிற்பார்கள்.,"Like the wild ox that, of its tuft bereft, will pine away,
Are those who, of their honour shorn, will quit the light of day.
Those who give up (their) life when (their) honour is at stake are like the yark which kills itself at the loss of (even one of) its hairs.
",Honour,மானம்,ஒழிப்பியல் ,Miscellaneous,WEALTH,பொருட்பால்
970,இளிவரின் வாழாத மானம் உடையார் ஒளிதொழு தேத்தும் உலகு,"The world shall revere their fame,
those who are proud enough to face death than ignominy.","ஒருவனுக்கு ஒளி ஊக்கமிகுதியே ஆகும், ஒருவனுக்கு இழிவு அந்த ஊக்கம் இல்லாமலேயே உயிர்வாழலாம் என்று எண்ணுதலாம்.","Who, when dishonour comes, refuse to live, their honoured memory
Will live in worship and applause of all the world for aye!
The world will (always) praise and adore the fame of the honourable who would rather die than suffer indignity.",Honour,மானம்,ஒழிப்பியல் ,Miscellaneous,WEALTH,பொருட்பால்
971,ஒளியொருவற் குள்ள வெறுக்கை இளியொருவற் கஃதிறந்து வாழ்தும் எனல்,"Reputation rests on possession of passion;
It’s a disgrace to strive to live if ‘tis foregone.","எல்லா உயிர்க்கும் பிறப்பு ஒருத் தன்மையானதே, ஆயினும் செய்கின்ற தொழில்களின் உயர்வு தாழ்வு வேறுபாடுகளால் சிறப்பியல்பு ஒத்திருப்பதில்லை.","The light of life is mental energy; disgrace is his
Who says, 'I 'ill lead a happy life devoid of this.'
One's light is the abundance of one's courage; one's darkness is the desire to live destitute of such (a state of mind.)",Greatness,பெருமை,ஒழிப்பியல் ,Miscellaneous,WEALTH,பொருட்பால்
972,பிறப்பொக்கும் எல்லா உயிர்க்கும் சிறப்பொவ்வா செய்தொழில் வேற்றுமை யான்,"All beings are born equal. Distinction
Comes with differences in profession.","மேல்நிலையில் இருந்தாலும் மேன்மைப் பண்பு இல்லாதவர் மேலானவர் அல்லர், கீழ் நிலையில் இருந்தாலும் இழிகுணம் இல்லாதவர் கீழ் மக்கள் அல்லர்.","All men that live are one in circumstances of birth;
Diversities of works give each his special worth.
All human beings agree as regards their birth but differ as regards their characteristics, because of the different qualities of their actions.
",Greatness,பெருமை,ஒழிப்பியல் ,Miscellaneous,WEALTH,பொருட்பால்
973,மேலிருந்துத் மேலல்லார் மேலல்லர் கீழிருந்தும் கீழல்லார் கீழல் லவர்,"Eminent in stature, but not eminent in deed, is no eminence
Lowly in stature, but not lowly in deed, is no lowliness.",ஒரு தன்மையான கற்புடைய மகளிரைப்போல் பெருமைப் பண்பும் ஒருவன் தன்னைத் தான் காத்துக் கொண்டு நடந்தால் உளதாகும்.,"The men of lofty line, whose souls are mean, are never great
The men of lowly birth, when high of soul, are not of low estate.
Though (raised) above, the base cannot become great; though (brought) low, the great cannot become base.
",Greatness,பெருமை,ஒழிப்பியல் ,Miscellaneous,WEALTH,பொருட்பால்
974,ஒருமை மகளிரே போலப் பெருமையும் தன்னைத்தான் கொண்டொழுகின் உண்டு,"Like women of virtue, greatness exists
Due to steadfast adherence to its virtues.",பெருமைப் பண்பு உடையவர் செய்வதற்கு அருமையானச் செயலைச் செய்வதற்க்கு உரிய நெறியில் செய்து முடிக்க வல்லவர் ஆவர்.,"Like single-hearted women, greatness too,
Exists while to itself is true.
Even greatness, like a woman's chastity, belongs only to him who guards himself.
",Greatness,பெருமை,ஒழிப்பியல் ,Miscellaneous,WEALTH,பொருட்பால்
975,பெருமை யுடையவர் ஆற்றுவார் ஆற்றின் அருமை யுடைய செயல்,"Those who are bestowed with greatness
Do deeds that aren’t commonplace.","பெரியாரை விரும்பிப் போற்றுவோம் எண்ணும் உயர்ந்த நோக்கம், அவருடைய சிறப்பை உணராத சிறியோரின் உணர்ச்சியில் இல்லை.","The man endowed with greatness true,
Rare deeds in perfect wise will do.
(Though reduced) the great will be able to perform, in the proper way, deeds difficult (for others to do).",Greatness,பெருமை,ஒழிப்பியல் ,Miscellaneous,WEALTH,பொருட்பால்
976,சிறியார் உணர்ச்சியுள் இல்லை பெரியாரைப் பேணிக்கொள் வேமென்னும் நோக்கு,"The petty do not have it in them, the foresight
To embrace and emulate the great.","சிறப்பு நிலையும் தனக்கு பொருந்தாத சீரற்ற கீழ் மக்களிடம் ஏற்பட்டால், வரம்பு மீறிய செயலை உடையதாகும்.","As votaries of the truly great we will ourselves enroll,'
Is thought that enters not the mind of men of little soul.
It is never in the nature of the base to seek the society of the great and partake of their nature.
",Greatness,பெருமை,ஒழிப்பியல் ,Miscellaneous,WEALTH,பொருட்பால்
977,இறப்பே புரிந்த தொழிற்றாம் சிறப்புதான் சீரல் லவர்கண் படின்,"The undeserving, if eminence graces,
Pompous, lowly conduct ensues.","பெருமைப் பண்பு எக்காலத்திலும் பணிந்து நடக்கும், ஆனால் சிறுமையோ தன்னைத் தானே வியந்துப் பாராட்டிக் கொள்ளும்.","Whene'er distinction lights on some unworthy head,
Then deeds of haughty insolence are bred.
Even nobility of birth, wealth and learning, if in (the possession of) the base, will (only) produce everincreasing pride.",Greatness,பெருமை,ஒழிப்பியல் ,Miscellaneous,WEALTH,பொருட்பால்
978,பணியுமாம் என்றும் பெருமை சிறுமை அணியுமாம் தன்னை வியந்து,"Greatness has forever humility
Pettiness wallows in vanity.","பெருமை பண்பு செருக்கு இல்லாமல் வாழ்தல், சிறுமையோ செருக்கே மிகுந்து அதன் எல்லையில் நின்று விடுவதாகும்.","Greatness humbly bends, but littleness always
Spreads out its plumes, and loads itself with praise.
The great will always humble himself; but the mean will exalt himself in self-admiration.",Greatness,பெருமை,ஒழிப்பியல் ,Miscellaneous,WEALTH,பொருட்பால்
979,பெருமை பெருமிதம் இன்மை சிறுமை பெருமிதம் ஊர்ந்து விடல்,"Greatness is devoid of pride
Pettiness is perfused with bombast.","பெருமைப் பண்பு பிறருடைய குறைப்பாட்டை மறைக்கும், சிறுமையோ பிறருடைய குற்றத்தையே எடுத்துச் சொல்லிவிடும்","Greatness is absence of conceit; meanness, we deem,
Riding on car of vanity supreme.
Freedom from conceit is (the nature of true) greatness; (while) obstinacy therein is (that of) meanness.
",Greatness,பெருமை,ஒழிப்பியல் ,Miscellaneous,WEALTH,பொருட்பால்
980,அற்றம் மறைக்கும் பெருமை சிறுமைதான் குற்றமே கூறி விடும்,"Greatness masks others’ failings
Pettiness keeps wailing.",கடமை இவை என்று அறிந்து சான்றான்மை மேற்கொண்டு நடப்பவர்க்கு நல்லவை எல்லாம் இயல்பான கடமை என்று கூறுவர்.,"Greatness will hide a neighbour's shame;
Meanness his faults to all the world proclaim.
The great hide the faults of others; the base only divulge them.",Greatness,பெருமை,ஒழிப்பியல் ,Miscellaneous,WEALTH,பொருட்பால்
981,கடனென்ப நல்லவை யெல்லாம் கடனறிந்து சான்றாண்மை மேற்கொள் பவர்க்கு,"For those who dutifully strive to be noble,
To do all that’s good is seen as natural.","சான்றோரின் நலம் என்று கூறப்படுவது அவறுடைய பண்புகளின் நலமே, மற்ற நலம் வேறு எந்த நலத்திலும் சேர்ந்துள்ளதும் அன்று.","All goodly things are duties to the men, they say
Who set themselves to walk in virtue's perfect way.
It is said that those who are conscious of their duty and behave with a perfect goodness will regard as natural all that is good.",Perfectness,சான்றாண்மை,ஒழிப்பியல் ,Miscellaneous,WEALTH,பொருட்பால்
982,குணநலஞ் சான்றோர் நலனே பிறநலம் எந்நலத் துள்ளதூஉ மன்று,"Being good within, is nobility;
All else is no quality.","அன்பு, நாணம்,ஒப்புரவு, கண்ணோட்டம், வாய்மை, என்னும் ஐந்து பண்புகளும், சால்பு என்பதைத் தாங்கியுள்ள தூண்களாகும்.","The good of inward excellence they claim,
The perfect men; all other good is only good in name.
The only delight of the perfect is that of their goodness; all other (sensual) delights are not to be included among any (true) delights.",Perfectness,சான்றாண்மை,ஒழிப்பியல் ,Miscellaneous,WEALTH,பொருட்பால்
983,அன்புநாண் ஒப்புரவு கண்ணோட்டம் வாய்மையொ டைந்துசால் பூன்றிய தூண்,"Love, compunction, beneficence, compassion and truthfulness:
On these five columns rests nobleness.","தவம் ஓர் உயிரையும் கொல்லாத அறத்தை அடிப்படையாகக் கொண்டது, சால்பு பிறருடையத் தீமையை எடுத்துச் சொல்லாத நற்பண்பை அடிப்படையாகக் கொண்டது.","Love, modesty, beneficence, benignant grace,
With truth, are pillars five of perfect virtue's resting-place.
Affection, fear (of sin), benevolence, favour and truthfulness; these are the five pillars on which perfect goodness rests.",Perfectness,சான்றாண்மை,ஒழிப்பியல் ,Miscellaneous,WEALTH,பொருட்பால்
984,கொல்லா நலத்தது நோன்மை பிறர்தீமை சொல்லா நலத்தது சால்பு,"The virtue of the ascetic is to not kill any being;
The virtue of the noble is to never resort to blaming.","ஆற்றலுடையவரின் ஆற்றலாவது பணிவுடன் நடத்தலாகும், அது சான்றோர் தம் பகைவரைப் பகைமையிலிருந்து மாற்றுகின்ற கருவியாகும்.","The type of 'penitence' is virtuous good that nothing slays;
To speak no ill of other men is perfect virtue's praise.
Penance consists in the goodness that kills not , and perfection in the goodness that tells not others' faults.
",Perfectness,சான்றாண்மை,ஒழிப்பியல் ,Miscellaneous,WEALTH,பொருட்பால்
985,ஆற்றுவார் ஆற்றல் பணிதல் அதுசான்றோர் மாற்றாரை மாற்றும் படை,"Humility is the vital capability of the capable:
To convert foes, the weapon of the noble.",சால்புக்கு உரைகல் போல் மதிப்பிடும் கருவி எது என்றால் தமக்கு ஒப்பில்லாத தாழ்ந்தோரிடத்திலும்தோல்வியை ஏற்றுக் கொள்ளும் பண்பாகும்.,"Submission is the might of men of mighty acts; the sage
With that same weapon stills his foeman's rage.
Stooping (to inferiors) is the strength of those who can accomplish (an undertaking); and that is the weapon with which the great avert their foes.
",Perfectness,சான்றாண்மை,ஒழிப்பியல் ,Miscellaneous,WEALTH,பொருட்பால்
986,சால்பிற்குக் கட்டளை யாதெனின் தோல்வி துலையல்லார் கண்ணும் கொளல்,"The mark of nobility, if you ask,
Is to concede with grace, defeat by the underdog.","துன்பமானவற்றைச் செய்தவர்க்கும் இனிய உதவிகளைச் செய்யா விட்டால், சான்றோரின் சால்பு என்ன பயன் உடையதாகும்.","What is perfection's test? The equal mind.
To bear repulse from even meaner men resigned.
The touch-stone of perfection is to receive a defeat even at the hands of one's inferiors.
",Perfectness,சான்றாண்மை,ஒழிப்பியல் ,Miscellaneous,WEALTH,பொருட்பால்
987,இன்னாசெய் தார்க்கும் இனியவே செய்யாக்கால் என்ன பயத்ததோ சால்பு,"Of what use is being noble
If one can’t do good unto those who did evil.",சால்பு என்னும் வலிமை உண்டாகப் பெற்றால் ஒருவனுக்குப் பொருள் இல்லாத குறையாகிய வறுமை இழிவானது அன்று.,"What fruit doth your perfection yield you, say!
Unless to men who work you ill good repay?
Of what avail is perfect goodness if it cannot do pleasing things even to those who have pained (it) ?
",Perfectness,சான்றாண்மை,ஒழிப்பியல் ,Miscellaneous,WEALTH,பொருட்பால்
988,இன்மை ஒருவற் கிளிவன்று சால்பென்னும் திண்மையுண் டாகப் பெறின்,"Poverty is no disgrace if you possess
The strength of nobleness.","சால்பு என்னும் தன்மைக்குக் கடல் என்று புகழப்படுகின்றவர், ஊழிக்காலத்தின் வேறுபாடுகளே நேர்ந்தாலும் தாம் வேறுபடாமல் இருப்பர்.","To soul with perfect virtue's strength endued,
Brings no disgrace the lack of every earthly good.
Poverty is no disgrace to one who abounds in good qualities.
",Perfectness,சான்றாண்மை,ஒழிப்பியல் ,Miscellaneous,WEALTH,பொருட்பால்
989,ஊழி பெயரினும் தாம்பெயரார் சான்றாண்மைக் காழி யெனப்படு வார்,"Those known to be the ocean of nobility aren’t perturbed
Even when there is the proverbial Flood.",சான்றோரின் சால்பு நிறைந்த பண்பு குறைபடுமானால் இந்தப் பெரிய நிலவுலகமும் தன் பாரத்தைத் தாங்க முடியாமற் போய் விடும்.,"Call them of perfect virtue's sea the shore,
Who, though the fates should fail, fail not for evermore.
Those who are said to be the shore of the sea of perfection will never change, though ages may change.
",Perfectness,சான்றாண்மை,ஒழிப்பியல் ,Miscellaneous,WEALTH,பொருட்பால்
990,சான்றவர் சான்றாண்மை குன்றின் இருநிலத்தான் தாங்காது மன்னோ பொறை,"If the nobility of the noble does erode,
The vast earth cannot bear its load.","பண்பு உடையவராக வாழும் நல்வழியை, யாரிடத்திலும் எளிய செவ்வியுடன் இருப்பதால் அடைவது எளிது என்று கூறுவர்.","The mighty earth its burthen to sustain must cease,
If perfect virtue of the perfect men decrease.
If there is a defect in the character of the perfect, (even) the great world cannot bear (its) burden.",Perfectness,சான்றாண்மை,ஒழிப்பியல் ,Miscellaneous,WEALTH,பொருட்பால்
991,எண்பதத்தால் எய்தல் எளிதென்ப யார்மாட்டும் பண்புடைமை என்னும் வழக்கு,"Affability with all will help achieve with ease
The quality of being courteous.","அன்புடையவராக இருத்தல், உயர்ந்த குடியில் பிறந்த தன்மை அமைந்திருத்தல் ஆகிய இவ் விரண்டும் பண்பு உடையவராக வாழும் நல்வழியாகும்.","Who easy access give to every man, they say,
Of kindly courtesy will learn with ease the way.
If one is easy of access to all, it will be easy for one to obtain the virtue called goodness.",Courtesy,பண்புடைமை,ஒழிப்பியல் ,Miscellaneous,WEALTH,பொருட்பால்
992,அன்புடைமை ஆன்ற குடிப்பிறத்தல் இவ்விரண்டும் பண்புடைமை என்னும் வழக்கு,"A kind heart and good heredity are considered
To make the quality of being well-mannered.","உடம்பால் ஒத்திருத்தல் மக்களோடு ஒப்புமை அன்று, பொருந்தத்தக்கப் பண்பால் ஒத்திருத்தலே கொள்ளத்தக்க ஒப்புமையாகும்.","Benevolence and high born dignity,
These two are beaten paths of courtesy.
Affectionateness and birth in a good family, these two constitute what is called a proper behaviour to all",Courtesy,பண்புடைமை,ஒழிப்பியல் ,Miscellaneous,WEALTH,பொருட்பால்
993,உறுப்பொத்தல் மக்களொப் பன்றால் வெறுத்தக்க பண்பொத்தல் ஒப்பதாம் ஒப்பு,"Physical resemblance makes not people similar
Similar qualities make them similar.",நீதியையும் நன்மையையும் விரும்பிப் பிறர்க்குப் பயன்பட வாழும் பெரியோரின் நல்லப் பண்பை உலகத்தார் போற்றிக் கொண்டாடுவர்.,"Men are not one because their members seem alike to outward view;
Similitude of kindred quality makes likeness true.
Resemblance of bodies is no resemblance of souls; true resemblance is the resemblance of qualities that attract.",Courtesy,பண்புடைமை,ஒழிப்பியல் ,Miscellaneous,WEALTH,பொருட்பால்
994,நயனொடு நன்றி புரிந்த பயனுடையார் பண்புள ராட்டும் உலகு,"Being likeable and righteous, they serve all-
Their good character the world shall extol.","ஒருவனை இகழ்ந்து பேசுதல் விளையாட்டிலும் துன்பம் தருவதாகும், பிறருடைய இயல்பை அறிந்து நடப்பவரிடத்தில் பகைமையிலும் நல்லப் பண்புகள் உள்ளன.","Of men of fruitful life, who kindly benefits dispense,
The world unites to praise the 'noble excellence.'
The world applauds the character of those whose usefulness results from their equity and charity.
",Courtesy,பண்புடைமை,ஒழிப்பியல் ,Miscellaneous,WEALTH,பொருட்பால்
995,நகையுள்ளும் இன்னா திகழ்ச்சி பகையுள்ளும் பண்புள பாடறிவார் மாட்டு,"One who discerns others’ nature and sees merit in foes,
Won’t deride others for a laugh that causes many woes.","பண்பு உடையவரிடத்தில் பொருந்தியிருப்பதால் உலகம் உள்ளதாய் இயங்குகின்றது, அஃது இல்லையானால் மண்ணில் புகுந்து அழிந்து போகும்.","Contempt is evil though in sport. They who man's nature know,
E'en in their wrath, a courteous mind will show.
Reproach is painful to one even in sport; those (therefore) who know the nature of others exhibit (pleasing) qualities even when they are hated.
",Courtesy,பண்புடைமை,ஒழிப்பியல் ,Miscellaneous,WEALTH,பொருட்பால்
996,பண்புடையார்ப் பட்டுண் டுலகம் அதுவின்றேல் மண்புக்கு மாய்வது மன்,"The world exists because of courteous people
Else it’ll perish by sinking in its own soil.","மக்களுக்கு உரிய பண்பு இல்லாதவர் அரம் போல் கூர்மையான அறிவுடையவரானாலும், ஓரறிவுயிராகிய மரத்தைப் போன்றவரே ஆவர்.","The world abides; for 'worthy' men its weight sustain.
Were it not so, 'twould fall to dust again.
The (way of the) world subsists by contact with the good; if not, it would bury itself in the earth and perish.
",Courtesy,பண்புடைமை,ஒழிப்பியல் ,Miscellaneous,WEALTH,பொருட்பால்
997,அரம்போலும் கூர்மைய ரேனும் மரம்போல்வர் மக்கட்பண் பில்லா தவர்,"But for humanity, they are but a tree,
Though sharp as a rasp they may be.",நட்பு கொள்ள முடியாதவராய்த் தீயவைச் செய்கின்றவரிடத்திலும் பண்பு உடையவராய் நடக்க முடியாமை இழிவானதாகும்.,"Though sharp their wit as file, as blocks they must remain,
Whose souls are void of 'courtesy humane'.
He who is destitute of (true) human qualities (only) resembles a tree, though he may possess the sharpness of a file.
",Courtesy,பண்புடைமை,ஒழிப்பியல் ,Miscellaneous,WEALTH,பொருட்பால்
998,நண்பாற்றார் ஆகி நயமில செய்வார்க்கும் பண்பாற்றார் ஆதல் கடை,"Even with those, hostile, and callously act,
Behaving ungraciously is a blot.","பிறரோடு கலந்து பழகி மகிழ முடியாதவர்க்கு, மிகப் பெரிய இந்த உலகம் ஒளியுள்ள பகற் காலத்திலும் இருளில் கிடப்பதாம்.","Though men with all unfriendly acts and wrongs assail,
'Tis uttermost disgrace in 'courtesy' to fail.
It is wrong (for the wise) not to exhibit (good) qualities even towards those who bearing no friendship (for them) do only what is hateful.
",Courtesy,பண்புடைமை,ஒழிப்பியல் ,Miscellaneous,WEALTH,பொருட்பால்
999,நகல்வல்லர் அல்லார்க்கு மாயிரு ஞாலம் பகலும்பாற் பட்டன் றிருள்,"For those with no faculty to have fun
Darkness swamps the large earth despite the sun.","பண்பு இல்லாதவன் பெற்ற பெரிய செல்வம், வைத்த கலத்தின் தீமையால் நல்ல பால் தன் சுவை முதலியன கெட்டாற் போன்றதாகும்.","To him who knows not how to smile in kindly mirth,
Darkness in daytime broods o'er all the vast and mighty earth.
To those who cannot rejoice, the wide world is buried darkness even in (broad) day light.
",Courtesy,பண்புடைமை,ஒழிப்பியல் ,Miscellaneous,WEALTH,பொருட்பால்
1000,பண்பிலான் பெற்ற பெருஞ்செல்வம் நன்பால் கலந்தீமை யால்திரிந் தற்று,"Good milk spoiled by the vessel that is stained
Is wealth in the hands of the uncultured.",ஒருவன் இடமெல்லாம் நிறைந்த பெரும் பொருளைச் சேர்த்து வைத்து அதை உண்டு நூகராமல் இறந்து போனால் அவன் அந்த பொருளால் செய்ய முடிந்தது ஒன்றுமில்லை.,"Like sweet milk soured because in filthy vessel poured,
Is ample wealth in churlish man's unopened coffers stored.
The great wealth obtained by one who has no goodness will perish like pure milk spoilt by the impurity of the vessel.",Courtesy,பண்புடைமை,ஒழிப்பியல் ,Miscellaneous,WEALTH,பொருட்பால்
1001,வைத்தான்வாய் சான்ற பெரும்பொருள் அஃதுண்ணான் செத்தான் செயக்கிடந்த தில்,"Wealth allover the house stashed but is not used
Makes one impotent as if he is deceased.",பொருளால் எல்லாம் ஆகும் என்று பிறர்க்கு ஒன்றும் கொடுக்காமல் இறுகப்பற்றிய மயக்கத்தால் சிறப்பில்லாத பிறவி உண்டாம்.,"Who fills his house with ample store, enjoying none,
Is dead. Nought with the useless heap is done.
He who does not enjoy the immense riches he has heaped up in his house, is (to be reckoned as) dead, (for) there is nothing achieved (by him).",Wealth without Benefaction,நன்றியில்செல்வம்,ஒழிப்பியல் ,Miscellaneous,WEALTH,பொருட்பால்
1002,பொருளானாம் எல்லாமென்றீயா திவறும் மருளானாம் மாணாப் பிறப்பு,"Wealth is all, thinking thus, clinging and being ungenerous,
Is a delusion leading to a birth most inglorious.",சேர்த்து வைப்பதையே விரும்பிப் பற்றுள்ளம் கொண்டு புகழை விரும்பாத மக்கள் பிறந்து வாழ்தல் நிலத்திற்கு பாரமே ஆகும்.,"Who giving nought, opines from wealth all blessing springs,
Degraded birth that doting miser's folly brings.
He who knows that wealth yields every pleasure and yet is so blind as to lead miserly life will be born a demon.",Wealth without Benefaction,நன்றியில்செல்வம்,ஒழிப்பியல் ,Miscellaneous,WEALTH,பொருட்பால்
1003,ஈட்டம் இவறி இசைவேண்டா ஆடவர் தோற்றம் நிலக்குப் பொறை,"They seek to gain wealth but not fame, being mean:
The presence of such men is earth’s burden.","பிறர்க்கு உதவியாக வாழாதக் காரணத்தால் ஒருவராலும் விரும்பப்படாதவன் , தான் இறந்த பிறகு எஞ்சி நிற்பது என்று எதனை எண்ணுவானே.","Who lust to heap up wealth, but glory hold not dear,
It burthens earth when on the stage of being they appear.
A burden to the earth are men bent on the acquisition of riches and not (true) fame.
",Wealth without Benefaction,நன்றியில்செல்வம்,ஒழிப்பியல் ,Miscellaneous,WEALTH,பொருட்பால்
1004,எச்சமென் றென்னெண்ணுங் கொல்லோ ஒருவரால் நச்சப் படாஅ தவன்,"What’d he think is the legacy he’ll leave,
He who has nobody’s love?",பிறர்க்கு கொடுத்து உதவுவதும் தான் நுகர்வதும் இல்லாதவர்க்கு மேன் மேலும் பெருகிய பல கோடிப் பொருள் உண்டானாலும் பயன் இல்லை.,"Whom no one loves, when he shall pass away,
What doth he look to leave behind, I pray?
What will the miser who is not liked (by any one) regard as his own (in the world to come) ?
",Wealth without Benefaction,நன்றியில்செல்வம்,ஒழிப்பியல் ,Miscellaneous,WEALTH,பொருட்பால்
1005,கொடுப்பதூஉம் துய்ப்பதூஉம் இல்லார்க் கடுக்கிய கோடியுண் டாயினும் இல்,"Many crores one may make, but it means nothing
If one is neither spending nor giving.","தானும் நுகராமல் தக்கவற்க்கு ஒன்று கொடுத்து உதவும் இயல்பும் இல்லாமல் வாழ்கின்றவன், தன்னிடமுள்ள பெருஞ் செல்வத்திற்கு ஒரு நோய் ஆவான்.","Amid accumulated millions they are poor,
Who nothing give and nought enjoy of all they store.
Those who neither give (to others) nor enjoy (their property) are (truly) destitute, though possessing immense riches.",Wealth without Benefaction,நன்றியில்செல்வம்,ஒழிப்பியல் ,Miscellaneous,WEALTH,பொருட்பால்
1006,ஏதம் பெருஞ்செல்வம் தான்துவ்வான் தக்கார்க்கொன் றீத லியல்பிலா தான்,"Wealth is a malady, when oneself it doesn’t serve
And to the deserving, one isn’t disposed to give.","பொருள் இல்லாத வறியவர்க்கு ஒரு பொருள் கொடுத்து உதவாதவனுடையச் செல்வம், மிக்க அழகு பெற்றவள் தனியாக வாழ்ந்து முதுமையுற்றாற் போன்றது.","Their ample wealth is misery to men of churlish heart,
Who nought themselves enjoy, and nought to worthy men impart.
He who enjoys not (his riches) nor relieves the wants of the worthy is a disease to his wealth.
",Wealth without Benefaction,நன்றியில்செல்வம்,ஒழிப்பியல் ,Miscellaneous,WEALTH,பொருட்பால்
1007,அற்றார்க்கொன் றாற்றாதான் செல்வம் மிகநலம் பெற்றாள் தமியள்மூத் தற்று,"A maiden of bounteous merit, being single, if greyed:
Such is wealth that is not used to aid the deprived.","பிறர்க்கு உதவாத காரணத்தால் ஒருவராலும் விரும்பப்படாதவனுடைய செல்வம், ஊர் நடுவில் நச்சு மரம் பழுத்தாற் போன்றது.","Like woman fair in lonelihood who aged grows,
Is wealth of him on needy men who nought bestows.
The wealth of him who never bestows anything on the destitute is like a woman of beauty growing old without a husband.",Wealth without Benefaction,நன்றியில்செல்வம்,ஒழிப்பியல் ,Miscellaneous,WEALTH,பொருட்பால்
1008,நச்சுப் படாதவன் செல்வம் நடுவூருள் நச்சு மரம்பழுத் தற்று,"Wealth of a person, who is loved by none,
Is a toxic fruit tree in the middle of a town.",பிறரிடம் செலுத்தும் அன்பையும் விட்டுத் தன்னையும் வருத்தி அறத்தையும் போற்றாமல் சேர்த்து வைத்தப் பெரும் பொருளைப் பெற்று நுகர்பவர் மற்றவரே.,"When he whom no man loves exults in great prosperity,
'Tis as when fruits in midmost of the town some p oisonous tree.
The wealth of him who is disliked (by all) is like the fruit-bearing of the etty tree in the midst of a town.
",Wealth without Benefaction,நன்றியில்செல்வம்,ஒழிப்பியல் ,Miscellaneous,WEALTH,பொருட்பால்
1009,அன்பொரீஇத் தற்செற் றறநோக்கா தீட்டிய ஒண்பொருள் கொள்வார் பிறர்,"Devoid of love and denying oneself,
Wealth gained with no scruples, others shall seize.",புகழ் பொருந்திய செல்வர் உற்ற சிறிய வறுமை உலகத்தைக் காக்க வல்ல மேகம் வறுமை மிகுந்தாற் போன்ற தன்மை உடையது.,"Who love abandon, self-afflict, and virtue's way forsake
To heap up glittering wealth, their hoards shall others take.
Strangers will inherit the riches that have been acquired without regard for friendship, comfort and charity.
",Wealth without Benefaction,நன்றியில்செல்வம்,ஒழிப்பியல் ,Miscellaneous,WEALTH,பொருட்பால்
1010,சீருடைச் செல்வர் சிறுதுனி மாரி வறங்கூர்ந் தனைய துடைத்து,"When the famed wealthy go through poverty
They resemble clouds that lost their bounty.","தகாத செயல் காரணமாக நாணுவதே நாணமாகும், பெண்களுக்கு இயல்பான மற்ற நாணங்கள் வேறு வகையானவை.","Tis as when rain cloud in the heaven grows day,
When generous wealthy man endures brief poverty.
The short-lived poverty of those who are noble and rich is like the clouds becoming poor (for a while).",Wealth without Benefaction,நன்றியில்செல்வம்,ஒழிப்பியல் ,Miscellaneous,WEALTH,பொருட்பால்
1011,கருமத்தால் நாணுதல் நாணுத் திருநுதல் நல்லவர் நாணுப் பிற,"Compunction is having scruples about one’s action
Distinct from demureness of pretty-browed fine women.","உணவும், உடையும் எஞ்சி நிற்கும் மற்றவையும், எல்லா உயிர்களுக்கும் பொதுவானவை, மக்களின் சிறப்பியல்பாக விளங்குவது நாணுடைமையே ஆகும்.","To shrink abashed from evil deed is 'generous shame';
Other is that of bright-browed one of virtuous fame.
True modesty is the fear of (evil) deeds; all other modesty is (simply) the bashfulness of virtuous maids.
",Shame,நாணுடைமை,ஒழிப்பியல் ,Miscellaneous,WEALTH,பொருட்பால்
1012,ஊணுடை எச்சம் உயிர்க்கெல்லாம் வேறல்ல நாணுடைமை மாந்தர் சிறப்பு,"Needs of food, dress et al are not dissimilar for all
Compunction is the distinctive feature of good people.","எல்லா உயிர்களும் ஊனாலாகிய உடம்பை இருப்பிடமாகக் கொண்டவை, சால்பு என்பது நாணம் என்று சொல்லப்படும் நல்லப் பண்பை இருப்பிடமாகக் கொண்டது.","Food, clothing, and other things alike all beings own;
By sense of shame the excellence of men is known.
Food, clothing and the like are common to all men but modesty is peculiar to the good.
",Shame,நாணுடைமை,ஒழிப்பியல் ,Miscellaneous,WEALTH,பொருட்பால்
1013,ஊனைக் குறித்த உயிரெல்லாம் நாணென்னும் நன்மை குறித்தது சால்பு,"Food is the basis for all lives, the goodness
Of compunction is the basis for nobleness.","சான்றோர்க்கு நாணுடைமை அணிகலம் அன்றோ, அந்த அணிகலம் இல்லையானால் பெருமிதமாக நடக்கும் நடை ஒரு நோய் அன்றோ.","All spirits homes of flesh as habitation claim,
And perfect virtue ever dwells with shame.
As the body is the abode of the spirit, so the excellence of modesty is the abode of perfection.
",Shame,நாணுடைமை,ஒழிப்பியல் ,Miscellaneous,WEALTH,பொருட்பால்
1014,அணியன்றோ நாணுடைமை சான்றோர்க் கஃதின்றேற் பிணியன்றோ பீடு நடை,"For the noble, having compunction is an adornment;
Without it, ain’t their proud stride an ailment?","பிறர்க்கு வரும் பழிக்காகவும், தமக்கு வரும் பழிக்காகவும் நாணுகின்றவர் நாணத்திற்கு உறைவிட மானவர் என்று உலகம் சொல்லும்.","And is not shame an ornament to men of dignity?
Without it step of stately pride is piteous thing to see.
Is not the modesty ornament of the noble ? Without it, their haughtiness would be a pain (to others).
",Shame,நாணுடைமை,ஒழிப்பியல் ,Miscellaneous,WEALTH,பொருட்பால்
1015,பிறர்பழியும் தம்பழியும் நாணுவார் நாணுக் குறைபதி என்னும் உலகு,"If blame for others and self, moves one to the same sense of shame
The world shall call them the home for compunction.","நாணமாகிய வேலியை தமக்கு காவலாகச் செய்து கொள்ளாமல், மேலோர் பரந்த உலகில் வாழும் வாழ்க்கை விரும்பி மேற்கொள்ள மாட்டார்.","As home of virtuous shame by all the world the men are known,
Who feel ashamed for others, guilt as for their own.
The world regards as the abode of modesty him who fear his own and other's guilt.
",Shame,நாணுடைமை,ஒழிப்பியல் ,Miscellaneous,WEALTH,பொருட்பால்
1016,நாண்வேலி கொள்ளாது மன்னோ வியன்ஞாலம் பேணலர் மேலா யவர்,"Great men desire not the vast world under their reign
Without the protective fence of compunction.","நாணத்தை தமக்கரிய பண்பாகக் கொள்பவர் நாணத்தால் உயிரை விடுவர், உயிரைக் காக்கும் பொருட்டாக நாணத்தை விட மாட்டார்.","Unless the hedge of shame inviolate remain,
For men of lofty soul the earth's vast realms no charms retain.
The great make modesty their barrier (of defence) and not the wide world.
",Shame,நாணுடைமை,ஒழிப்பியல் ,Miscellaneous,WEALTH,பொருட்பால்
1017,நாணால் உயிரைத் துறப்பர் உயிர்ப்பொருட்டால் நாண்துறவார் நாணாள் பவர்,"Their lives they may shed but never their scruples to save their lives
They who by their scruples ever abide.","ஒருவன் மற்றவர் நாணத்தக்க பழிக்குக் காரணமாக இருந்தும் தான் நாணாமலிருப்பானானால், அறம் நாணி அவனைக் கைவிடும் தன்மையுடையதாகும்.","The men of modest soul for shame would life an offering make,
But ne'er abandon virtuous shame for life's dear sake.
The modest would rather lose their life for the sake of modesty than lose modesty for the sake of life.
",Shame,நாணுடைமை,ஒழிப்பியல் ,Miscellaneous,WEALTH,பொருட்பால்
1018,பிறர்நாணத் தக்கது தானாணா னாயின் அறநாணத் தக்க துடைத்து,"If what shames others doesn’t raise in him a qualm
Virtue’ll flee him feeling that shame.","ஒருவன் கொள்கை தவறினால் , அத் தவறு அவனுடையக் குடிப் பிறப்பைத் கெடுக்கும், நாணில்லாத தன்மை நிலைப் பெற்றால் நன்மை எல்லாவற்றையும் கெடுக்கும்.","Though know'st no shame, while all around asha med must be:
Virtue will shrink away ashamed of thee!
Virtue is likely to forsake him who shamelessly does what others are ashamed of.
",Shame,நாணுடைமை,ஒழிப்பியல் ,Miscellaneous,WEALTH,பொருட்பால்
1019,குலஞ்சுடும் கொள்கை பிழைப்பின் நலஞ்சுடும் நாணின்மை நின்றக் கடை,"The family is hurt if one breaches convention
All good is spoilt if there is lack of compunction.","மனத்தில் நாணம் இல்லாதவர் உலகத்தில் இயங்குதல், மரத்தால் செய்த பாவையைக் கயிறு கொண்டு ஆட்டி உயிருள்ளதாக மயக்கினாற் போன்றது.","Twill race consume if right observance fail;
'Twill every good consume if shamelessness prevail.
Want of manners injures one's family; but want of modesty injures one's character.
",Shame,நாணுடைமை,ஒழிப்பியல் ,Miscellaneous,WEALTH,பொருட்பால்
1020,நாணகத் தில்லார் இயக்கம் மரப்பாவை நாணால் உயிர்மருட்டி அற்று,"The actions of those who, deep within, have no compunction
Is akin to a stringed puppet seeming alive, an illusion.",குடிப் பெருமைக்கு உரிய கடமையைச் செய்வதற்குச் சோர்வடைய மாட்டேன் என்று ஒருவன் முயலும் பெருமையைப் போல மேம்பாடானது வேறொன்றும் இல்லை.,"Tis as with strings a wooden puppet apes life's functions, when
Those void of shame within hold intercourse with men.
The actions of those who are without modesty at heart are like those of puppet moved by a string.",Shame,நாணுடைமை,ஒழிப்பியல் ,Miscellaneous,WEALTH,பொருட்பால்
1021,கருமம் செயவொருவன் கைதூவேன் என்னும் பெருமையிற் பீடுடைய தில்,"To proclaim, “I shall never take my hands off” to do one’s duty
No acclaim can match that dignity.",முயற்சி நிறைந்த அறிவு என்று சொல்லப்படும் இரண்டினையும் உடைய இடைவிடாத செயலால் ஒருவனுடைய குடி உயர்ந்து விளங்கும்.,"Who says 'I'll do my work, nor slack my hand',
His greatness, clothed with dignity supreme, shall stand.
There is no higher greatness than that of one saying. I will not cease in my effort (to raise my family).
",The Way of Maintaining the Family,குடிசெயல்வகை,ஒழிப்பியல் ,Miscellaneous,WEALTH,பொருட்பால்
1022,ஆள்வினையும் ஆன்ற அறிவும் எனவிரண்டின் நீள்வினையான் நீளும் குடி,"Tasks one takes on with persistence and profound wisdom –
The people shall prosper through them.","என் குடியை உயரச் செய்வேன் என்று முயலும் ஒருவனுக்கு ஊழ், ஆடையைக் கட்டிக் கொண்டு தானே முன் வந்து துணை செய்யும்.","The manly act and knowledge full, when these combine
In deed prolonged, then lengthens out the race's line.
One's family is raised by untiring perseverance in both effort and wise contrivances.
",The Way of Maintaining the Family,குடிசெயல்வகை,ஒழிப்பியல் ,Miscellaneous,WEALTH,பொருட்பால்
1023,குடிசெய்வல் என்னும் ஒருவற்குத் தெய்வம் மடிதற்றுத் தான்முந் துறும்,"“I’ll serve my people,” for the one who so said
God shall gird up his robes and rush to his aid.",தம் குடி உயர்வதற்கான செயலை விரைந்து முயன்று செய்வோர்க்கு அவர் ஆராயமலே அச் செயல் தானே நிறைவேறும்.,"I'll make my race renowned,' if man shall say,
With vest succinct the goddess leads the way.
The Deity will clothe itself and appear before him who resolves on raising his family.
",The Way of Maintaining the Family,குடிசெயல்வகை,ஒழிப்பியல் ,Miscellaneous,WEALTH,பொருட்பால்
1024,சூழாமல் தானே முடிவெய்தும் தங்குடியைத் தாழா துஞற்று பவர்க்கு,"When for his kindred, one perseveres without respite:
With no contriving, on its own, it’ll turn out right.",குற்றம் இல்லாதவனாய்க் குடி உயர்வதற்கான செயல் செய்து வாழ்கின்றவனை உலகத்தார் சுற்றமாக விரும்பிச் சூழ்ந்து கொள்வர்.,"Who labours for his race with unremitting pain,
Without a thought spontaneously, his end will gain.
Those who are prompt in their efforts (to better their family) need no deliberation, such efforts will of themselves succee d.
",The Way of Maintaining the Family,குடிசெயல்வகை,ஒழிப்பியல் ,Miscellaneous,WEALTH,பொருட்பால்
1025,குற்றம் இலனாய்க் குடிசெய்து வாழ்வானைச் சுற்றமாச் சுற்றும் உலகு,"Doing no wrong, the one who serves his kin –
The world shall embrace as its own.",ஒருவனுக்கு நல்ல ஆண்மை என்று சொல்லப்படுவது தான் பிறந்த குடியை ஆளும் சிறப்பைத் தனக்கு உண்டாக்கி கொள்வதாகும்.,"With blameless life who seeks to build his race's fame,
The world shall circle him, and kindred claim.
People will eagerly seek the friendship of the prosperous soul who has raised his family without foul means.
",The Way of Maintaining the Family,குடிசெயல்வகை,ஒழிப்பியல் ,Miscellaneous,WEALTH,பொருட்பால்
1026,நல்லாண்மை என்ப தொருவற்குத் தான்பிறந்த இல்லாண்மை ஆக்கிக் கொளல்,"One will be known for his imposing command when
He takes command of the house where he was born.",போர்க்களத்தில் பலரிடையே பொறுப்பை ஏற்றுக் கொள்ளும் அஞ்சாத வீரரைப் போல் குடியில் பிறந்தவரிடையிலும் தாங்க வல்லவர் மேல் தான் பொறுப்பு உள்ளது.,"Of virtuous manliness the world accords the praise
To him who gives his powers, the house from which he sprang to raise.
A man's true manliness consists in making himself the head and benefactor of his family.",The Way of Maintaining the Family,குடிசெயல்வகை,ஒழிப்பியல் ,Miscellaneous,WEALTH,பொருட்பால்
1027,அமரகத்து வன்கண்ணர் போலத் தமரகத்தும் ஆற்றுவார் மேற்றே பொறை,"Like the bravehearts do on a battlefield
The ablest takes charge of the household.","குடி உயர்வதற்கான செயல் செய்கின்றவர்க்கு உரிய காலம் என்று ஒன்று இல்லை, சோம்பல் கொண்டு தம் மானத்தைக் கருதுவாரானால் குடிப்பெருமைக் கெடும்.","The fearless hero bears the brunt amid the warrior throng;
Amid his kindred so the burthen rests upon the strong.
Like heroes in the battle-field, the burden (of protection etc.) is borne by those who are the most efficient in a family.",The Way of Maintaining the Family,குடிசெயல்வகை,ஒழிப்பியல் ,Miscellaneous,WEALTH,பொருட்பால்
1028,குடிசெய்வார்க் கில்லை பருவம் மடிசெய்து மானங் கருதக் கெடும்,"To serve one’s people look not for the ripe hour
Being lethargic and ego-centric makes all suffer.",தன் குடிக்கு வரக்குடிய குற்றத்தை வராமல் நீக்க முயல்கின்ற ஒருவனுடைய உடம்பு துன்பத்திற்கே இருப்பிடமானதோ.,"Wait for no season, when you would your house uprear;
'Twill perish, if you wait supine, or hold your honour dear.
As a family suffers by (one's) indolence and false dignity there is to be so season (good or bad) to those who strive to raise their family.",The Way of Maintaining the Family,குடிசெயல்வகை,ஒழிப்பியல் ,Miscellaneous,WEALTH,பொருட்பால்
1029,இடும்பைக்கே கொள்கலம் கொல்லோ குடும்பத்தைக் குற்ற மறைப்பான் உடம்பு,"Is his body the bin for all stress
Who shields his kin from distress?","துன்பம் வந்த போது உடனிருந்து தாங்க வல்ல நல்ல ஆள் இல்லாத குடி, துன்பமாகிய கோடாரி அடியில் வெட்டி வீழ்த்த விழுந்துவிடும்.","Is not his body vase that various sorrows fill,
Who would his household screen from every ill?
Is it only to suffering that his body is exposed who undertakes to preserve his family from evil ?
",The Way of Maintaining the Family,குடிசெயல்வகை,ஒழிப்பியல் ,Miscellaneous,WEALTH,பொருட்பால்
1030,இடுக்கண்கால் கொன்றிட வீழும் அடுத்தூன்றும் நல்லாள் இலாத குடி,"The people who have not a good man to lean on
Shall fall with their base shorn by some affliction.","உலகம் பல தொழில் செய்து சுழன்றாலும் ஏர்த் தொழிலின் பின் நிற்கின்றது, அதனால் எவ்வளவு துன்புற்றாலும் உழவுத் தொழிலே சிறந்தது.","When trouble the foundation saps the house must fall,
If no strong hand be nigh to prop the tottering wall.
If there are none to prop up and maintain a family (in distress), it will fall at the stroke of the axe of misfortune.",The Way of Maintaining the Family,குடிசெயல்வகை,ஒழிப்பியல் ,Miscellaneous,WEALTH,பொருட்பால்
1031,சுழன்றும்ஏர்ப் பின்ன துலகம் அதனால் உழந்தும் உழவே தலை,"The world tails the plough despite other pursuit
Even if one toils, farming remains foremost.","உழவு செய்ய முடியாமல் உயிர் வாழ்கின்றவர், எல்லாரையும் தாங்குவதால், உழவு செய்கின்றவர் உலகத்தாற்கு அச்சாணி போன்றவர்.","Howe'er they roam, the world must follow still the plougher's team;
Though toilsome, culture of the ground as noblest toil esteem.
Agriculture, though laborious, is the most excellent (form of labour); for people, though they go about (in search of various employments), have at last to resort to the farmer.",Agriculture,உழவு,ஒழிப்பியல் ,Miscellaneous,WEALTH,பொருட்பால்
1032,உழுவார் உலகத்தார்க் காணியஃ தாற்றா தெழுவாரை எல்லாம் பொறுத்து,"Farmers are the linchpin of the world
All others not farming, it does hold.","உழவு செய்து அதனால் கிடைத்ததைக் கொண்டு வாழ்கின்றவரே உரிமையோடு வாழ்கின்றவர், மற்றவர் எல்லோரும் பிறரைத் தொழுது உண்டு பின் செல்கின்றவரே.","The ploughers are the linch-pin of the world; they bear
Them up who other works perform, too weak its toils to share.
Agriculturists are (as it were) the linch-pin of the world for they support all other workers who cannot till the soil.",Agriculture,உழவு,ஒழிப்பியல் ,Miscellaneous,WEALTH,பொருட்பால்
1033,உழுதுண்டு வாழ்வாரே வாழ்வார்மற் றெல்லாம் தொழுதுண்டு பின்செல் பவர்,"Only they live, who eat from what they plough
Others follow, and to eat, they kowtow.","நெல் வளம் உடைய தண்ணளி பொருந்திய உழவர், பல அரசரின் குடை நிழல்களையும் தம் குடையின் கீழ் காணவல்லவர் ஆவர்.","Who ploughing eat their food, they truly live:
The rest to others bend subservient, eating what they give.
They alone live who live by agriculture; all others lead a cringing, dependent life.",Agriculture,உழவு,ஒழிப்பியல் ,Miscellaneous,WEALTH,பொருட்பால்
1034,பலகுடை நீழலும் தங்குடைக்கீழ்க் காண்பர் அலகுடை நீழ லவர்,"Who bring their land under their crops’ shade
Many states under their king’s reign shall bade.","கையால் தொழில் செய்து உணவு தேடி உண்ணும் இயல்புடைய தொழிலாளர், பிறரிடம் சென்று இரக்கமாட்டார், தம்மிடம் இரந்தவர்க்கு ஒளிக்காமல் ஒரு பொருள் ஈவார்.","O'er many a land they 'll see their monarch reign,
Whose fields are shaded by the waving grain.
Patriotic farmers desire to bring all other states under the control of their own king.
",Agriculture,உழவு,ஒழிப்பியல் ,Miscellaneous,WEALTH,பொருட்பால்
1035,இரவார் இரப்பார்க்கொன் றீவர் கரவாது கைசெய்தூண் மாலை யவர்,"They never beg, nor deny others, givin’ what they seek
Whose nature is to eat what they till and make.","உழவருடைய கை, தொழில் செய்யாமல் மடங்கியிருக்குமானால், விரும்புகின்ற எந்தப் பற்றையும் விட்டுவிட்டோம் என்று கூறும் துறவிகளுக்கும் வாழ்வு இல்லை.","They nothing ask from others, but to askers give,
Who raise with their own hands the food on which they live.
Those whose nature is to live by manual labour will never beg but give something to those who beg.
",Agriculture,உழவு,ஒழிப்பியல் ,Miscellaneous,WEALTH,பொருட்பால்
1036,உழவினார் கைம்மடங்கின் இல்லை விழைவதூஉம் விட்டேமென் பார்க்கும் நிலை,"If tillers fold their hands still, sages who say
“I’ve given up desire,” as such cannot stay.","ஒரு பலம் புழுதி கால்பலம் ஆகும்படி உழுது காயவிட்டால், ஒரு பிடி எருவும் இடவேண்டாமல் அந் நிலத்தில் பயிர் செலுத்தி செழித்து விளையும்.","For those who 've left what all men love no place is found,
When they with folded hands remain who till the ground.
If the farmer's hands are slackened, even the ascetic state will fail.
",Agriculture,உழவு,ஒழிப்பியல் ,Miscellaneous,WEALTH,பொருட்பால்
1037,தொடிப்புழுதி கஃசா உணக்கின் பிடித்தெருவும் வேண்டாது சாலப் படும்,"If one measure of soil, is turned fine and dried to a quarter,
Good yield needs not a handful of manure.","ஏர் உழுதலை விட எரு இடுதல் நல்லது, இந்த இரண்டும் சேர்ந்துக் களை நீக்கிய பின், நீர் பாய்ச்சுதலை விடக் காவல்காத்தல் நல்லது.","Reduce your soil to that dry state, When ounce is quarter-ounce's weight;
Without one handful of manure, Abundant crops you thus secure.
If the land is dried so as to reduce one ounce of earth to a quarter, it will grow plentifully even without a handful of manure.",Agriculture,உழவு,ஒழிப்பியல் ,Miscellaneous,WEALTH,பொருட்பால்
1038,ஏரினும் நன்றால் எருவிடுதல் கட்டபின் நீரினும் நன்றதன் காப்பு,"Worthier than ploughing is to manure the field;
Weeding done, worthier than watering is to secure the yield.",நிலத்திற்கு உரியவன் நிலத்தைச் சென்று பார்க்காமல் வாளா இருந்தால் அந் நிலம் அவனுடைய மனைவியைப் போல் வெறுத்து அவனோடு பிணங்கிவிடும்.,"To cast manure is better than to plough;
Weed well; to guard is more than watering now
Manuring is better than ploughing; after weeding, watching is better than watering (it).",Agriculture,உழவு,ஒழிப்பியல் ,Miscellaneous,WEALTH,பொருட்பால்
1039,செல்லான் கிழவன் இருப்பின் நிலம்புலந் தில்லாளின் ஊடி விடும்,"If from the land, her master stays off
Like a wife, she’ll sulk and start a tiff.","எம்மிடம் ஒரு பொருளும் இல்லை என்று எண்ணி வறுமையால் சோம்பியிருப்பவரைக் கண்டால், நிலமகள் தன்னுள் சிரிப்பாள்.","When master from the field aloof hath stood;
Then land will sulk, like wife in angry mood.
If the owner does not (personally) attend to his cultivation, his land will behave like an angry wife and yield him no pleasure.
",Agriculture,உழவு,ஒழிப்பியல் ,Miscellaneous,WEALTH,பொருட்பால்
1040,இலமென் றசைஇ இருப்பாரைக் காணின் நிலமென்னும் நல்லாள் நகும்,"Seeing them say, “We have not” and loiter
The Fair Lady Earth scorns them with laughter.","வறுமையைப் போல் துன்பமானது எது என்று கேட்டால், வறுமையைப் போல் துன்பமானது வறுமை ஒன்றே ஆகும்.","The earth, that kindly dame, will laugh to see,
Men seated idle pleading poverty.
The maiden, Earth, will laug h at the sight of those who plead poverty and lead an idle life.",Agriculture,உழவு,ஒழிப்பியல் ,Miscellaneous,WEALTH,பொருட்பால்
1041,இன்மையின் இன்னாத தியாதெனின் இன்மையின் இன்மையே இன்னா தது,"If you ask, what torments more than poverty:
Only poverty can torment more than poverty.","வறுமை என்று சொல்லப்படும் பாவி ஒருவனை நெருங்கினால், அவனுக்கு மறுமையின்பமும், இன்மையின்பமும் இல்லாமற் போகும் நிலைமை வரும்.","You ask what sharper pain than poverty is known;
Nothing pains more than poverty, save poverty alone.
There is nothing that afflicts (one) like poverty.
",Poverty,நல்குரவு,ஒழிப்பியல் ,Miscellaneous,WEALTH,பொருட்பால்
1042,இன்மை எனவொரு பாவி மறுமையும் இம்மையும் இன்றி வரும்,"Poverty is a wretch;
This life and the next does it snatch.","வறுமை என்று சொல்லப்படும் ஆசைநிலை ஒருவனைப் பற்றினால், அவனுடைய பழைமையானக் குடிப் பண்பையும் புகழையும் ஒரு சேரக் கெடுக்கும்.","Malefactor matchless! poverty destroys
This world's and the next world's joys.
When cruel poverty comes on, it deprives one of both the present and future (bliss).
",Poverty,நல்குரவு,ஒழிப்பியல் ,Miscellaneous,WEALTH,பொருட்பால்
1043,தொல்வரவும் தோலும் கெடுக்கும் தொகையாக நல்குர வென்னும் நசை,"Ancestral legacy and parlance crumble in totality
Due to hankering caused by poverty.","வறுமை என்பது, நல்ல குடியிற் பிறந்தவரிடத்திலும் இழிவு தரும் சொல் பிறப்பதற்குக் காரணமான சோர்வை உண்டாக்கி விடும்.","Importunate desire, which poverty men name,
Destroys both old descent and goodly fame.
Hankering poverty destroys at once the greatness of (one's) ancient descent and (the dignity of one's) speech.
",Poverty,நல்குரவு,ஒழிப்பியல் ,Miscellaneous,WEALTH,பொருட்பால்
1044,இற்பிறந்தார் கண்ணேயும் இன்மை இளிவந்த சொற்பிறக்கும் சோர்வு தரும்,"From the high-born too, vile words may be born
When deprivation makes them so cast down.",வறுமை என்று சொல்லப்படும் துன்ப நிலையினுள் பலவகையாக வேறுபட்டுள்ள எல்லாத் துன்பங்களும் சென்று விளைந்திடும்.,"From penury will spring, 'mid even those of noble race,
Oblivion that gives birth to words that bring disgrace.
Even in those of high birth, poverty will produce the fault of uttering mean words.
",Poverty,நல்குரவு,ஒழிப்பியல் ,Miscellaneous,WEALTH,பொருட்பால்
1045,நல்குர வென்னும் இடும்பையுள் பல்குரைத் துன்பங்கள் சென்று படும்,"From the one misery named penury
Emanates many a worry.",நல்ல நூற் பொருளை நன்றாக உணர்ந்து எடுத்துச் சொன்னப் போதிலும் வறியவர் சொன்ன சொற்பொருள் கேட்பார் இல்லாமல் பயன்படாமல் போகும்.,"From poverty, that grievous woe,
Attendant sorrows plenteous grow.
The misery of poverty brings in its train many (more) miseries.
",Poverty,நல்குரவு,ஒழிப்பியல் ,Miscellaneous,WEALTH,பொருட்பால்
1046,நற்பொருள் நன்குணர்ந்து சொல்லினும் நல்கூர்ந்தார் சொற்பொருள் சோர்வு படும்,"After deep reflection they may say words of deep essence
Yet what the poor say may be seen to have no sense.",அறத்தோடு பொருந்தாத வறுமை ஒருவனைச் சேர்ந்தால் பெற்றத் தாயாலும் அவன் அயலானைப் போல் புறக்கணித்துப் பார்க்கப்படுவான்.,"Though deepest sense, well understood, the poor man's words convey,
Their sense from memory of mankind will fade away.
The words of the poor are profitless, though they may be sound in thought and clear in expression.
",Poverty,நல்குரவு,ஒழிப்பியல் ,Miscellaneous,WEALTH,பொருட்பால்
1047,அறஞ்சாரா நல்குர வீன்றதா யானும் பிறன்போல நோக்கப் படும்,"Poverty aligned to no virtue makes even one’s mother
Who bore bore him, to see him as a misfit.","நேற்றும் கொலை செய்தது போல் துன்புறுத்திய வறுமை இன்றும் என்னிடம் வருமோ, (என்று வறியவன் நாள்தோறும் கலங்கி வருந்துவான்).","From indigence devoid of virtue's grace,
The mother e'en that bare, estranged, will turn her face.
He that is reduced to absolute poverty will be regarded as a stranger even by his own mother.
",Poverty,நல்குரவு,ஒழிப்பியல் ,Miscellaneous,WEALTH,பொருட்பால்
1048,இன்றும் வருவது கொல்லோ நெருநலும் கொன்றது போலும் நிரப்பு,"Did not my privation kill me yesterday?
Does it have to be back again today?","ஒருவன் நெருப்பினுள் இருந்து தூங்குதலும் முடியும், ஆனால் வறுமை நிலையில் எவ்வகையாலும் கண்மூடித் தூங்குதல் அரிது.","And will it come today as yesterday,
The grief of want that eats my soul away?
Is the poverty that almost killed me yesterday, to meet me today too ?
",Poverty,நல்குரவு,ஒழிப்பியல் ,Miscellaneous,WEALTH,பொருட்பால்
1049,நெருப்பினுள் துஞ்சலும் ஆகும் நிரப்பினுள் யாதொன்றும் கண்பா டரிது,"One may snatch a nap amidst raging fire
But can not sleep a wink in poverty dire.","நுகரும் பொருள் இல்லாத வறியவர் முற்றுந் துறக்க கூடியவராக இருந்தும் துறக்காத காரணம், உப்புக்கும் கஞ்சிக்கும் எமனாக இருப்பதே ஆகும்.","Amid the flames sleep may men's eyelids close,
In poverty the eye knows no repose.
One may sleep in the midst of fire; but by no means in the midst of poverty.
",Poverty,நல்குரவு,ஒழிப்பியல் ,Miscellaneous,WEALTH,பொருட்பால்
1050,துப்புர வில்லார் துவரத் துறவாமை உப்பிற்கும் காடிக்கும் கூற்று,"When want does not make one give up desire
It spells doom for salt and sour gruel next door.","இரந்து கேட்க தக்கவரைக் கண்டால் அவனிடம் இரக்க வேண்டும், அவர் இல்லை என்று ஒளிப்பாரானால் அது அவர்க்கு பழி, தமக்கு பழி அன்று.","Unless the destitute will utterly themselves deny,
They cause their neighbour's salt and vinegar to die.
The destitute poor, who do not renounce their bodies, only consume their neighbour's salt and water.",Poverty,நல்குரவு,ஒழிப்பியல் ,Miscellaneous,WEALTH,பொருட்பால்
1051,இரக்க இரத்தக்கார்க் காணின் கரப்பின் அவர்பழி தம்பழி அன்று,"Seeks alms if you find those worthy of benefaction;
If they refuse, blame is theirs and not yours.","இரந்து கேட்ட பொருள் துன்பமுறாமல் கிடைக்குமானால், அவ்வாறு இரத்தலும் இன்பம் என்று சொல்லத் தக்கதாகும்.","When those you find from whom 'tis meet to ask,- for aid apply;
Theirs is the sin, not yours, if they the gift deny.
If you meet with those that may be begged of, you may beg; (but) if they withhold (their gift) it is their blame and not yours.",Mendicancy,இரவு,ஒழிப்பியல் ,Miscellaneous,WEALTH,பொருட்பால்
1052,இன்பம் ஒருவற் கிரத்தல் இரந்தவை துன்பம் உறாஅ வரின்,"Seeking alms causes us great delight
If what is sought is got without any plight.","ஒளிப்பு இல்லாத நெஞ்சும், கடைமையுணர்ச்சியும், உள்ளவரின் முன்னே நின்று இரந்து பொருள் கேட்பதும் ஓர் அழகு உடையதாகும்.","Even to ask an alms may pleasure give,
If what you ask without annoyance you receive.
Even begging may be pleasant, if what is begged for is obtained without grief (to him that begs).
",Mendicancy,இரவு,ஒழிப்பியல் ,Miscellaneous,WEALTH,பொருட்பால்
1053,கரப்பிலா நெஞ்சிற் கடனறிவார் முன்னின் றிரப்புமோர் ஏஎர் உடைத்து,"With ungrudging hearts, they view charity as a duty
To stand before them and beg – there’s a beauty!",உள்ளதை மறைத்துக் கூறும் தன்மையைக் கனவிலும் அறியாதவரிடத்தில் இரந்து கேட்பதும் பிறர்க்கு கொடுப்பதைப் போன்ற சிறப்புடையது.,"The men who nought deny, but know what's due, before their face
To stand as suppliants affords especial grace.
There is even a beauty in standing before and begging of those who are liberal in their gifts and understand their duty (to beggars).",Mendicancy,இரவு,ஒழிப்பியல் ,Miscellaneous,WEALTH,பொருட்பால்
1054,இரத்தலும் ஈதலே போலும் கரத்தல் கனவிலும் தேற்றாதார் மாட்டு,"They know not withholding even in their dreams
Same as giving it seems, asking them for alms.","ஒருவர் முன் நின்று இரப்பவர் அந்த இரத்தலை மேற்கொள்வது, உள்ளதை இல்லை என்று ஒளித்துக்கூறாத நன்மைகள் உலகத்தில் இருப்பதால் தான்.","Like giving alms, may even asking pleasant seem,
From men who of denial never even dream.
To beg of such as never think of withholding (their charity) even in their dreams, is in fact the same as giving (it oneself);",Mendicancy,இரவு,ஒழிப்பியல் ,Miscellaneous,WEALTH,பொருட்பால்
1055,கரப்பிலார் வையகத் துண்மையாற் கண்ணின் றிரப்பவர் மேற்கொள் வது,"That the world has them who give and nothing conceal
Is why others appear before them and for alms appeal.","உள்ளதை ஒளிக்கும் துன்பநிலை இல்லாதவரைக் கண்டால், இரப்பவரின் வறுமைத் துன்பம் எல்லாம் ஒரு சேரக் கெடும்.உள்ளதை ஒளிக்கும் துன்பநிலை இல்லாதவரைக் கண்டால், இரப்பவரின் வறுமைத் துன்பம் எல்லாம் ஒரு சேரக் கெடும்.","Because on earth the men exist, who never say them nay,
Men bear to stand before their eyes for help to pray.
As there are in the world those that give without refusing, there are (also) those that prefer to beg by simply standing before them.",Mendicancy,இரவு,ஒழிப்பியல் ,Miscellaneous,WEALTH,பொருட்பால்
1056,கரப்பிடும்பை யில்லாரைக் காணின் நிரப்பிடும்பை யெல்லா மொருங்கு கெடும்,"When we see those without the folly of concealing
Gone are all the ills of having nothing.","இகழ்ந்து எள்ளாமல் பொருள் கொடுப்பவரைக் கண்டால், இரப்பவரின் உள்ளம் மகிழ்ந்து உள்ளுக்குள்ளே உவகை அடையும் தன்மையுடையதாகும்.","It those you find from evil of 'denial' free,
At once all plague of poverty will flee.
All the evil of begging will be removed at the sight of those who are far from the evil of refusing.
",Mendicancy,இரவு,ஒழிப்பியல் ,Miscellaneous,WEALTH,பொருட்பால்
1057,இகழ்ந்தெள்ளா தீவாரைக் காணின் மகிழ்ந்துள்ளம் உள்ளுள் உவப்ப துடைத்து,"Seeing givers who do not mock and deride
The heart delights and rejoices deep inside.","இரப்பவர் இல்லையானால், இப் பெரிய உலகின் இயக்கம் மரத்தால் செய்த பாவை கயிற்றினால் ஆட்டப்பட்டுச் சென்று வந்தாற் போன்றதாகும்.","If men are found who give and no harsh words of scorn employ,
The minds of askers, through and through, will thrill with joy.
Beggars rejoice exceedingly when they behold those who bestow (their alms) with kindness and courtesy.
",Mendicancy,இரவு,ஒழிப்பியல் ,Miscellaneous,WEALTH,பொருட்பால்
1058,இரப்பாரை யில்லாயின் ஈர்ங்கண்மா ஞாலம் மரப்பாவை சென்றுவந் தற்று,"If there be no mendicants, this vast moist world
Will resemble wooden puppets that come and go.","பொருள் இல்லை என்று இரந்து அதைப் பெற்றுக் கொள்ள விரும்புவோர் இல்லாதபோது, பொருள் கொடுப்பவனிடத்தில் என்ன புகழ் உண்டாகும்.","If askers cease, the mighty earth, where cooling fountains flow,
Will be a stage where wooden puppets come and go.
If there were no beggars, (the actions done in) the cool wide world would only resemble the movement of a puppet.",Mendicancy,இரவு,ஒழிப்பியல் ,Miscellaneous,WEALTH,பொருட்பால்
1059,ஈவார்கண் என்னுண்டாம் தோற்றம் இரந்துகோள் மேவார் இலாஅக் கடை,"Ah, what is there to brag about those who give
If there be none to seek and gladly receive.","இரப்பவன் எவரிடத்திலும் சினம் கொள்ளாதிருக்க வேண்டும், அவன் அடைந்துள்ள வறுமைத் துன்பமே அவனுக்கு அறிவு புகட்டும் சான்றாக அமையும்.","What glory will there be to men of generous soul,
When none are found to love the askers' role?
What (praise) would there be to givers (of alms) if there were no beggars to ask for and reveive (them).
",Mendicancy,இரவு,ஒழிப்பியல் ,Miscellaneous,WEALTH,பொருட்பால்
1060,இரப்பான் வெகுளாமை வேண்டும் நிரப்பிடும்பை தானேயும் சாலும் கரி,"The denied mendicant should never feel indignant
The pain of poverty is proof enough of its worth.",உள்ளதை மறைக்காமல் உள்ளம் மகிழ்ந்து கொடுக்கும் கண்போல் சிறந்தவரிடத்திலும் சென்று இரவாமலிருப்பதே கோடி மடங்கு நல்லதாகும்.,"Askers refused from wrath must stand aloof;
The plague of poverty itself is ample proof.
He who begs ought not to be angry (at a refusal); for even the misery of (his own) poverty should be a sufficient reason (for so doing).",Mendicancy,இரவு,ஒழிப்பியல் ,Miscellaneous,WEALTH,பொருட்பால்
1061,கரவா துவந்தீயும் கண்ணன்னார் கண்ணும் இரவாமை கோடி உறும்,"Not concealing, they give with joy, and are as dear as eyes;
Yet, to resist asking even from them is worth crores.","உலகத்தை படைத்தவன் உலகில் சிலர் இரந்தும் உயிர்வாழுமாறு ஏற்படுத்தியிருந்தால், அவன் இரப்பவரைப் போல் எங்கும் அலைந்து கெடுவானாக.","Ten million-fold 'tis greater gain, asking no alms to live,
Even from those, like eyes in worth, who nought concealing gladly give.
Not to beg (at all) even from those excellent persons who cheerfully give without refusing, will do immense good.",The Dread of Mendicancy,இரவச்சம்,ஒழிப்பியல் ,Miscellaneous,WEALTH,பொருட்பால்
1062,இரந்தும் உயிர்வாழ்தல் வேண்டின் பரந்து கெடுக உலகியற்றி யான்,"Having to beg for survival, if anyone is destined,
The Maker of this world be damned.","வறுமைத் துன்பத்தை இரப்பதன் வாயிலாகத் தீர்ப்போம், என்று கருதி முயற்சியைக் கைவிட்ட வன்மையைப் போல் வன்மையானது வேறு இல்லை.","If he that shaped the world desires that men should begging go,
Through life's long course, let him a wanderer be and perish so.
If the Creator of the world has decreed even begging as a means of livelihood, may he too go abegging and perish.",The Dread of Mendicancy,இரவச்சம்,ஒழிப்பியல் ,Miscellaneous,WEALTH,பொருட்பால்
1063,இன்மை இடும்பை இரந்துதீர் வாமென்னும் வன்மையின் வன்பாட்ட தில்,"Nothing can be more brazen than
Banking on charity to end deprivation.","வாழ வழி இல்லாத போதும் இரந்து கேட்க உடன்படாத சால்பு, உலகத்தில் இடமெல்லாம் கொள்ளாத அவ்வளவு பொருமையுடையதாகும்.","Nothing is harder than the hardness that will say,
'The plague of penury by asking alms we'll drive away.'
There is no greater folly than the boldness with which one seeks to remedy the evils of poverty by begging (rather than by working).",The Dread of Mendicancy,இரவச்சம்,ஒழிப்பியல் ,Miscellaneous,WEALTH,பொருட்பால்
1064,இடமெல்லாம் கொள்ளாத் தகைத்தே இடமில்லாக் காலும் இரவொல்லாச் சால்பு,"No place is adequate to hold their nobility
When, in direst straits, they seek no charity.","தெளிந்த நீர் போல் சமைத்த கூழே ஆனாலும், முயற்சியால் கிடைத்ததை உண்பதைவிட இனிமையானது வேறொன்றும் இல்லை.","Who ne'er consent to beg in utmost need, their worth
Has excellence of greatness that transcends the earth.
Even the whole world cannot sufficiently praise the dignity that would not beg even in the midst of destitution.
",The Dread of Mendicancy,இரவச்சம்,ஒழிப்பியல் ,Miscellaneous,WEALTH,பொருட்பால்
1065,தெண்ணீர் அடுபுற்கை ஆயினும் தாள்தந்த துண்ணலின் ஊங்கினிய தில்,"Mere gruel made of clear water tastes sweetest
When it is earned through earnest effort.","பசுவிற்கு நீர் வேண்டும் என்று அறம் நோக்கி இரந்து கேட்டாலும், இர த்தலை விட நாவிற்கு இழிவானது மற்றொன்று இல்லை.","Nothing is sweeter than to taste the toil-won cheer,
Though mess of pottage as tasteless as the water clear.
Even thin gruel is ambrosia to him who has obtained it by labour.
",The Dread of Mendicancy,இரவச்சம்,ஒழிப்பியல் ,Miscellaneous,WEALTH,பொருட்பால்
1066,ஆவிற்கு நீரென் றிரப்பினும் நாவிற் கிரவின் இளிவந்த தில்,"Nothing but begging shames the tongue more
Even if what is sought is water for the cow.",இரந்து கேட்பதனால் உள்ளதை ஒளிப்பவரிடத்தில் சென்று இரக்க வேண்டுடாம் என்று இரப்பவர் எல்லோரையும் இரந்து வேண்டுகின்றேன்.,"E'en if a draught of water for a cow you ask,
Nought's so distasteful to the tongue as beggar's task.
There is nothing more disgraceful to one's tongue than to use it in begging water even for a cow.
",The Dread of Mendicancy,இரவச்சம்,ஒழிப்பியல் ,Miscellaneous,WEALTH,பொருட்பால்
1067,இரப்பான் இரப்பாரை எல்லாம் இரப்பிற் கரப்பார் இரவன்மின் என்று,"I beg of all beggars: beg if you must,
But beg not from those who conceal.",இரத்தல் என்னும் காவல் இல்லாத மரக்கலம் உள்ளதை ஒளித்துவைக்கும் தன்மையாகிய வன்னிலம் தாக்கினால் உடைந்து விடும்.,"One thing I beg of beggars all, 'If beg ye may,
Of those who hide their wealth, beg not, I pray.'
I beseech all beggars and say, ""If you need to beg, never beg of those who give unwillingly.""
",The Dread of Mendicancy,இரவச்சம்,ஒழிப்பியல் ,Miscellaneous,WEALTH,பொருட்பால்
1068,இரவென்னும் ஏமாப்பில் தோணி கரவென்னும் பார்தாக்கப் பக்கு விடும்,"The fragile boat of begging will be wrecked
When it knocks against the rock of refusal.","இரத்தலின் கொடுமையை நினைத்தால் உள்ளம் கரைந்து உருகும், உள்ளதை ஒழிக்கும் கொடுமையை நினைத்தால் உருகுமளவும் இல்லாமல் அழியும்.","The fragile bark of beggary
Wrecked on denial's rock will lie.
The unsafe raft of begging will split when it strikes on the rock of refusal.
",The Dread of Mendicancy,இரவச்சம்,ஒழிப்பியல் ,Miscellaneous,WEALTH,பொருட்பால்
1069,இரவுள்ள உள்ளம் உருகும் கரவுள்ள உள்ளதூஉம் இன்றிக் கெடும்,"When I think of those who beg, my heart melts;
When I think of those who refuse, it wilts.","இரப்பவர் இல்லை என்று சொல்கின்ற அளவிலேயே உயிர் போகின்றதே, உள்ளதை இல்லை என்று ஒளிப்பவர்க்கு உயிர் எங்கு ஒளிந்திருக்குமோ.","The heart will melt away at thought of beggary,
With thought of stern repulse 'twill perish utterly.
To think of (the evil of) begging is enough to melt one's heart; but to think of refusal is enough to break it.
",The Dread of Mendicancy,இரவச்சம்,ஒழிப்பியல் ,Miscellaneous,WEALTH,பொருட்பால்
1070,கரப்பவர்க் கியாங்கொளிக்கும் கொல்லோ இரப்பவர் சொல்லாடப் போஒம் உயிர்,"When one asks but is denied, his life departs;
Where will he hide, the one who denies.","மக்களே போல் இருப்பார் கயவர், அவர் மக்களை ஒத்திருப்பது போன்ற ஒப்புமை வேறு எந்த இருவகைப் பொருள்களிடத்திலும் யாம் கண்டதில்லை.","E'en as he asks, the shamefaced asker dies;
Where shall his spirit hide who help denies?
Saying ""No"" to a beggar takes away his life. (but as that very word will kill the refuser) where then would the latter's life hide itself ?",The Dread of Mendicancy,இரவச்சம்,ஒழிப்பியல் ,Miscellaneous,WEALTH,பொருட்பால்
1071,மக்களே போல்வர் கயவர் அவரன்ன ஒப்பாரி யாங்கண்ட தில்,"By all appearances, the vile look so human;
Such resemblance, I’ve nowhere seen.","நன்மை அறிந்தவரை விடக் கயவரே நல்ல பேறு உடையவர், ஏன் என்றால், கயவர் தம் நெஞ்சில் எதைப் பற்றியும் கவலை இல்லாதவர்.","The base resemble men in outward form, I ween;
But counterpart exact to them I've never seen.
The base resemble men perfectly (as regards form); and we have not seen such (exact) resemblance (among any other species).",Baseness,கயமை,ஒழிப்பியல் ,Miscellaneous,WEALTH,பொருட்பால்
1072,நன்றறி வாரிற் கயவர் திருவுடையர் நெஞ்சத் தவலம் இலர்,"More gifted than those who know the right course
Are the vile: their hearts have no remorse.","கயவரும் தேவரைப் போல் தான் விரும்புகின்றவைகளைச் செய்து மனம் போன போக்கில் நடத்தலால், கயவர் தேவரைப் போன்றவர்.","Than those of grateful heart the base must luckier be,
Their minds from every anxious thought are free!
The low enjoy more felicity than those who know what is good; for the former are not troubled with anxiety (as to the good).",Baseness,கயமை,ஒழிப்பியல் ,Miscellaneous,WEALTH,பொருட்பால்
1073,தேவ ரனையர் கயவர் அவருந்தாம் மேவன செய்தொழுக லான்,"Those who are base are like Devas
They are free to do as they please.","கீழ் மக்கள் தமக்கு கீழ் பட்டவராய் நடப்பவரைக் கண்டால், அவரை விடத் தாம் மேம்பாடு உடையவராய் இறுமாப்படைவர்.","The base are as the Gods; they too
Do ever what they list to do!
The base resemble the Gods; for the base ac t as they like.",Baseness,கயமை,ஒழிப்பியல் ,Miscellaneous,WEALTH,பொருட்பால்
1074,அகப்பட்டி ஆவாரைக் காணின் அவரின் மிகப்பட்டுச் செம்மாக்கும் கீழ்,"When they meet brutish people unfettered by scruples
The lowest of the low take pride in surpassing them.","கீழ் மக்களின் ஆசாரத்திற்கு காரணமாக இருப்பது அச்சமே, எஞ்சியவற்றில் அவா உண்டானால் அதனாலும் சிறிதளவு ஆசாரம் உண்டாகும்.","When base men those behold of conduct vile,
They straight surpass them, and exulting smile.
The base feels proud when he sees persons whose acts meaner than his own.",Baseness,கயமை,ஒழிப்பியல் ,Miscellaneous,WEALTH,பொருட்பால்
1075,அச்சமே கீழ்கள தாசாரம் எச்சம் அவாவுண்டேல் உண்டாம் சிறிது,"The conformity of the vile is forced by fear
And perhaps, a wee bit by desire.","கயவர், தாம் கேட்டறிந்த மறைப்பொருளைப் பிறர்க்கு வலிய கொண்டுபோய்ச் சொல்லுவதலால், அறையப்படும் பறை போன்றவர்.","Fear is the base man's virtue; if that fail,
Intense desire some little may avail.
(The principle of) behaviour in the mean is chiefly fear; if not, hope of gain, to some extent.",Baseness,கயமை,ஒழிப்பியல் ,Miscellaneous,WEALTH,பொருட்பால்
1076,அறைபறை அன்னர் கயவர்தாம் கேட்ட மறைபிறர்க் குய்த்துரைக்க லான்,"Like the broadcasting drum are the vile,
Revealing everything confidential.",கயவர் தம் கன்னத்தை இடித்து உடைக்கும் படி வளைந்த கை உடையவரல்லாத மற்றவர்க்கு உண்ட எச்சில் கையையும் உதற மாட்டார்.,"The base are like the beaten drum; for, when they hear
The sound the secret out in every neighbour's ear.
The base are like a drum that is beaten, for they unburden to others the secrets they have heard.",Baseness,கயமை,ஒழிப்பியல் ,Miscellaneous,WEALTH,பொருட்பால்
1077,ஈர்ங்கை விதிரார் கயவர் கொடிறுடைக்குங் கூன்கையர் அல்லா தவர்க்கு,"The vile will not even wiggle their smeared dining fingers
Unless their cheeks are cracked by a clenched fist.","அணுகி குறைச் சொல்லுகின்ற அளவிலேயே சான்றோர் பயன்படுவர், கரும்புபோல் அழித்துப் பிழிந்தால் தான் கீழ்மக்கள் பயன்படுவர்.","From off their moistened hands no clinging grain they shake,
Unless to those with clenched fist their jaws who break.
The mean will not (even) shake off (what sticks to) their hands (soon after a meal) to any but those who would break their jaws with their clenched fists.",Baseness,கயமை,ஒழிப்பியல் ,Miscellaneous,WEALTH,பொருட்பால்
1078,சொல்லப் பயன்படுவர் சான்றோர் கரும்புபோல கொல்லப் பயன்படும் கீழ்,"A word is enough to move the noble to help;
Crushed like a sugarcane, the vile maybe of some use.","கீழ் மகன் பிறர் உடுப்பதையும், உண்பதையும் கண்டால் அவர் மேல் பொறாமை கொண்டு, வேண்டும் என்றே குற்றம் காண வல்லவனாவான்.","The good to those will profit yield fair words who use;
The base, like sugar-cane, will profit those who bruise.
The great bestow (their alms) as soon as they are informed; (but) the mean, like the sugar-cane, only when they are tortured to death.",Baseness,கயமை,ஒழிப்பியல் ,Miscellaneous,WEALTH,பொருட்பால்
1079,உடுப்பதூஉம் உண்பதூஉம் காணின் பிறர்மேல் வடுக்காண வற்றாகும் கீழ்,"When they see others well fed and well dressed
The vile are adept at getting their flaws exposed.","கயவர், எதற்கு உரியவர், ஒரு துன்பம் வந்தடைந்த காலத்தில் அதற்காக தம்மை பிறர்க்கு விலையாக விற்றுவிடுவதற்கு உரியவர் ஆவர்.","If neighbours clothed and fed he see, the base
Is mighty man some hidden fault to trace?
The base will bring an evil (accusation) against others, as soon as he sees them (enjoying) good food and clothing.",Baseness,கயமை,ஒழிப்பியல் ,Miscellaneous,WEALTH,பொருட்பால்
1080,எற்றிற் குரியர் கயவரொன் றுற்றக்கால் விற்றற் குரியர் விரைந்து,"When in trouble, themselves, the vile swiftly sell.
What else do they have as a skill?","தெய்வப் பெண்ணோ! மயிலோ, கனமான குழை அணிந்த மனிதப் பெண்ணோ, என் நெஞ்சம் மயங்குகின்றதே.","For what is base man fit, if griefs assail?
Himself to offer, there and then, for sale!
The base will hasten to sell themselves as soon as a calamity has befallen them. For what else are they fitted ?",Baseness,கயமை,ஒழிப்பியல் ,Miscellaneous,WEALTH,பொருட்பால்
1081,அணங்குகொல் ஆய்மயில் கொல்லோ கனங்குழை மாதர்கொல் மாலுமென் நெஞ்சு,"Is it an angel? A fair peacock
Or jewelled belle? To my mind a shock! ","நோக்கிய அவள் பார்வைக்கு எதிரே நோக்குதல் தானே தாக்கி வருத்தும் அணங்கு, ஒரு சேனையையும் கொண்டு வந்து தாக்கினாற் போன்றது.","Goddess? or peafowl rare? She whose ears rich jewels wear,
Is she a maid of human kind? All wildered is my mind!
Is this jewelled female a celestial, a choice peahen, or a human being ? My mind is perplexed.
",Mental Disturbance caused by the Beauty of the Princess,தகையணங்குறுத்தல்,களவியல் , The Pre-marital love,LOVE,இன்பத்துப்பால்
1082,நோக்கினாள் நோக்கெதிர் நோக்குதல் தாக்கணங்கு தானைக்கொண் டன்ன துடைத்து,"The counter glances of this belle
Are armied dart of the Love-Angel.  ","எமன் என்று சொல்லப்படுவதை முன்பு அறியேன், இப்பொழுது கண்டறிந்தேன், அது பெண் தனமையுடன் போர் செய்யும் பெரிய கண்களை உடையது","She of the beaming eyes, To my rash look her glance replies,
As if the matchless goddess' hand Led forth an armed band.
This female beauty returning my looks is like a celestial maiden coming with an army to contend against me.
",Mental Disturbance caused by the Beauty of the Princess,தகையணங்குறுத்தல்,களவியல் , The Pre-marital love,LOVE,இன்பத்துப்பால்
1083,பண்டறியேன் கூற்றென் பதனை இனியறிந்தேன் பெண்டகையால் பேரமர்க் கட்டு,"Not known before - I spy Demise
In woman's guise with battling eyes.",பெண்தன்மை உடைய இந்தப் பேதைக்குக் கண்கள் கண்டவரின் உயிரை உண்ணும் தோற்றத்தோடு கூடி ஒன்றோடொன்று மாறுபட்டிருந்தன.,"Death's form I formerly Knew not; but now 'tis plain to me;
He comes in lovely maiden's guise, With soul-subduing eyes.
I never knew before what is called Yama; I see it now; it is the eyes that carry on a great fight with (the help of) female qualities.",Mental Disturbance caused by the Beauty of the Princess,தகையணங்குறுத்தல்,களவியல் , The Pre-marital love,LOVE,இன்பத்துப்பால்
1084,கண்டார் உயிருண்ணும் தோற்றத்தால் பெண்டகைப் பேதைக் கமர்த்தன கண்,"This artless dame has darting eyes
That drink the life of men who gaze. ","எமனோ. கண்ணோ, பெண்மானோ, இந்த இளம் பெண்ணின் பார்வை இந்த மூன்றன் தன்மையும் உடையதாக இருக்கிறது.","In sweet simplicity, A woman's gracious form hath she;
But yet those eyes, that drink my life, Are with the form at strife!
These eyes that seem to kill those who look at them are as it were in hostilities with this feminine simplicity.
",Mental Disturbance caused by the Beauty of the Princess,தகையணங்குறுத்தல்,களவியல் , The Pre-marital love,LOVE,இன்பத்துப்பால்
1085,கூற்றமோ கண்ணோ பிணையோ மடவரல் நோக்கமிம் மூன்றும் உடைத்து,"Is it death, eye or doe? All three
In winsome woman's look I see. ","வளைந்த புருவங்கள் கோணாமல் நேராக இருந்து மறைக்குமானால், இவளுடைய கண்கள் யான் நடுங்கும் படியான துன்பத்தைச் செய்யமாட்டா.","The light that on me gleams, Is it death's dart? or eye's bright beams?
Or fawn's shy glance? All three appear In form of maiden here.
Is it Yama, (a pair of) eyes or a hind ?- Are not all these three in the looks of this maid ?
",Mental Disturbance caused by the Beauty of the Princess,தகையணங்குறுத்தல்,களவியல் , The Pre-marital love,LOVE,இன்பத்துப்பால்
1086,கொடும்புருவம் கோடா மறைப்பின் நடுங்கஞர் செய்யல மன்னிவள் கண்,"If cruel brows unbent, would screen
Her eyes won't cause me trembling pain.","மாதருடைய சாயாத கொங்கைகளின் மேல் அணிந்த ஆடை, மதம் பிடித்த யானையின் மேல் இட்ட முகப்படாம் போன்றது.","If cruel eye-brow's bow, Unbent, would veil those glances now;
The shafts that wound this trembling heart Her eyes no more would dart.
Her eyes will cause (me) no trembling sorrow, if they are properly hidden by her cruel arched eye-brows.
",Mental Disturbance caused by the Beauty of the Princess,தகையணங்குறுத்தல்,களவியல் , The Pre-marital love,LOVE,இன்பத்துப்பால்
1087,கடாஅக் களிற்றின்மேற் கட்படாம் மாதர் படாஅ முலைமேல் துகில்,"Vest on the buxom breast of her
Looks like rutting tusker's eye-cover.","போர்க்களத்தில் பகைவரும் அஞ்சுதற்க்கு காரணமான என் வலிமை, இவளுடைய ஒளி பொருந்திய நெற்றிக்குத் தோற்று அழிந்ததே.","As veil o'er angry eyes Of raging elephant that lies,
The silken cincture's folds invest This maiden's panting breast.
The cloth that covers the firm bosom of this maiden is (like) that which covers the eyes of a rutting elephant.
",Mental Disturbance caused by the Beauty of the Princess,தகையணங்குறுத்தல்,களவியல் , The Pre-marital love,LOVE,இன்பத்துப்பால்
1088,ஒண்ணுதற் கோஒ உடைந்ததே ஞாட்பினுள் நண்ணாரும் உட்குமென் பீடு,"Ah these fair brows shatter my might
Feared by foemen yet to meet.","பெண்மானைப் போன்ற இளமைப் பார்வையும் நாணமும் உடைய இவளுக்கு, ஒரு தொடர்பும் இல்லாத அணிகளைச் செய்து அணிவது ஏனோ.","Ah! woe is me! my might, That awed my foemen in the fight,
By lustre of that beaming brow Borne down, lies broken now!
On her bright brow alone is destroyed even th at power of mine that used to terrify the most fearless foes in the battlefield.",Mental Disturbance caused by the Beauty of the Princess,தகையணங்குறுத்தல்,களவியல் , The Pre-marital love,LOVE,இன்பத்துப்பால்
1089,பிணையேர் மடநோக்கும் நாணும் உடையாட் கணியெவனோ ஏதில தந்து,"Which jewel can add to her beauty
With fawn-like looks and modesty? ","கள், தன்னை உண்டவரிடத்தில் அல்லாமல் காமத்தைப் போல் தன்னைக் கண்டவரிடத்தில் மயக்கத்தை உண்டாக்குவதில்லையே.","Like tender fawn's her eye; Clothed on is she with modesty;
What added beauty can be lent; By alien ornament?
Of what use are other jewels to her who is adorned with modesty, and the meek looks of a hind ?
",Mental Disturbance caused by the Beauty of the Princess,தகையணங்குறுத்தல்,களவியல் , The Pre-marital love,LOVE,இன்பத்துப்பால்
1090,உண்டார்க ணல்லது அடுநறாக் காமம்போல் கண்டார் மகிழ்செய்தல் இன்று,"To the drunk alone is wine delight
Nothing delights like love at sight.     ","இவளுடைய மை தீட்டிய கண்களில் உள்ளது இருவகைப்பட்ட நோக்கமாகும், அவற்றுள் ஒரு நோக்கம் நோய் செய்யும் நோக்கம், மற்றொன்று அந் நோய்க்கு மருந்தாகும்.","The palm-tree's fragrant wine, To those who taste yields joys divine;
But love hath rare felicity For those that only see!
Unlike boiled honey which yields delight only when it is drunk, love gives pleasure even when looked at.",Mental Disturbance caused by the Beauty of the Princess,தகையணங்குறுத்தல்,களவியல் , The Pre-marital love,LOVE,இன்பத்துப்பால்
1091,இருநோக் கிவளுண்கண் உள்ள தொருநோக்கு நோய்நோக்கொன் றந்நோய் மருந்து,"Her painted eyes, two glances dart
One hurts; the other heals my heart.","கண்ணால் என்னை நோக்கிக் களவு கொள்கின்ற சுருங்கிய பார்வை காமத்தில் நேர்பாதி அன்று, அதைவிடப் பெரிய பகுதியாகும்.","A double witchery have glances of her liquid eye;
One glance is glance that brings me pain; the other heals again.
There are two looks in the dyed eyes of this (fair one); one causes pain, and the other is the cure thereof.
",Recognition of the Signs (of Mutual Love),குறிப்பறிதல்,களவியல் , The Pre-marital love,LOVE,இன்பத்துப்பால்
1092,கண்களவு கொள்ளும் சிறுநோக்கம் காமத்தில் செம்பாகம் அன்று பெரிது,"Her furtive lightning glance is more
Than enjoyment of sexual lore. ","என்னை நோக்கினாள், யான் கண்டதும் நோக்கித் தலைகுனிந்தால், அது அவள் வளர்க்கும் அன்பினுள் வார்க்கின்ற நீராகும்.","The furtive glance, that gleams one instant bright,
Is more than half of love's supreme delight.
A single stolen glance of her eyes is more than half the pleasure (of sexual embrace).
",Recognition of the Signs (of Mutual Love),குறிப்பறிதல்,களவியல் , The Pre-marital love,LOVE,இன்பத்துப்பால்
1093,நோக்கினாள் நோக்கி இறைஞ்சினாள் அஃதவள் யாப்பினுள் அட்டிய நீர்,"She looked; looking bowed her head
And love-plant was with water fed","யான் நோக்கும் போது அவள் நிலத்தை நோக்குவாள், யான் நோக்காத போது அவள் என்னை நோக்கி மெல்லத் தனக்குள் மகிழ்வாள்.","She looked, and looking drooped her head:
On springing shoot of love 'its water shed!
She has looked (at men) and stooped (her head); and that (sign) waters as it were (the corn of) our love.
",Recognition of the Signs (of Mutual Love),குறிப்பறிதல்,களவியல் , The Pre-marital love,LOVE,இன்பத்துப்பால்
1094,யானோக்கும் காலை நிலனோக்கும் நோக்காக்கால் தானோக்கி மெல்ல நகும்,"I look; she droops to earth awhile
I turn; she looks with gentle smile.","என்னை நேராகக் குறித்துப் பார்க்காத அத் தன்மையே அல்லாமல், ஒரு கண்ணைச் சுருக்கினவள் போல் என்னைப் பார்த்து தனக்குள் மகிழ்வாள்.","I look on her: her eyes are on the ground the while:
I look away: she looks on me with timid smile.
When I look, she looks down; when I do not, she looks and smiles gently.
",Recognition of the Signs (of Mutual Love),குறிப்பறிதல்,களவியல் , The Pre-marital love,LOVE,இன்பத்துப்பால்
1095,குறிக்கொண்டு நோக்காமை அல்லால் ஒருகண் சிறக்கணித்தாள் போல நகும்,"No direct gaze; a side-long glance
She darts at me and smiles askance. ","புறத்தே அயலார் போல் அன்பில்லாத சொற்களைச் சொன்னாலும், அகத்தே பகையில்லாதவரின் சொல் என்பது விரைவில் அறியப்படும்.","She seemed to see me not; but yet the maid
Her love, by smiling side-long glance, betrayed.
She not only avoids a direct look at me, but looks as it were with a half-closed eye and smiles.
",Recognition of the Signs (of Mutual Love),குறிப்பறிதல்,களவியல் , The Pre-marital love,LOVE,இன்பத்துப்பால்
1096,உறாஅ தவர்போற் சொலினும் செறாஅர்சொல் ஒல்லை உணரப் படும்,"Their words at first seem an offence
But quick we feel them friendly ones.  ","பகை கொள்ளாத கடுஞ்சொல்லும், பகைவர் போல் பார்க்கும் பார்வையும் புறத்தே அயலார் போல் இருந்து அகத்தே அன்பு கொண்டவரின் குறிப்பாகும்.","Though with their lips affection they disown,
Yet, when they hate us not, 'tis quickly known.
Though they may speak harshly as if they were strangers, the words of the friendly are soon understood.
",Recognition of the Signs (of Mutual Love),குறிப்பறிதல்,களவியல் , The Pre-marital love,LOVE,இன்பத்துப்பால்
1097,செறாஅச் சிறுசொல்லும் செற்றார்போல் நோக்கும் உறாஅர்போன் றுற்றார் குறிப்பு,"Harsh little words; offended looks,
Are feigned consenting love-lorn tricks.","யான் நோக்கும் போது அதற்காக அன்பு கொண்டவனாய் மெல்லச் சிரிப்பாள், அசையும் மெல்லிய இயல்பை உடைய அவளுக்கு அப்போது ஓர் அழகு உள்ளது.","The slighting words that anger feign, while eyes their love reveal.
Are signs of those that love, but would their love conceal.
Little words that are harsh and looks that are hateful are (but) the expressions of lovers who wish to act like strangers.",Recognition of the Signs (of Mutual Love),குறிப்பறிதல்,களவியல் , The Pre-marital love,LOVE,இன்பத்துப்பால்
1098,அசையியற் குண்டாண்டோர் ஏஎர்யான் நோக்கப் பசையினள் பைய நகும்,"What a grace the slim maid has!
As I look she slightly smiles.   ","புறத்தே அயலார்போல் அன்பில்லாத பொது நோக்கம் கொண்டு பார்த்தல், அகத்தே காதல் கொண்டவரிடம் உள்ள இயல்பாகும்.","I gaze, the tender maid relents the while;
And, oh the matchless grace of that soft smile!
When I look, the pitying maid looks in return and smiles gently; and that is a comforting sign for me.
",Recognition of the Signs (of Mutual Love),குறிப்பறிதல்,களவியல் , The Pre-marital love,LOVE,இன்பத்துப்பால்
1099,ஏதிலார் போலப் பொதுநோக்கு நோக்குதல் காதலார் கண்ணே உள,"Between lovers we do discern
A stranger's look of unconcern. ",கண்களோடு கண்கள் நோக்காமல் ஒத்திருந்து அன்பு செய்யுமானால் வாய்ச் சொற்கள் என்ன பயனும் இல்லாமற் போகின்றன.,"The look indifferent, that would its love disguise,
Is only read aright by lovers' eyes.
Both the lovers are capable of looking at each other in an ordinary way, as if they were perfect strangers.
",Recognition of the Signs (of Mutual Love),குறிப்பறிதல்,களவியல் , The Pre-marital love,LOVE,இன்பத்துப்பால்
1100,கண்ணொடு கண்இணை நோக்கொக்கின் வாய்ச்சொற்கள் என்ன பயனும் இல,"The words of mouth are of no use
When eye to eye agrees the gaze.  ",கண்டும் கேட்டும் உண்டும் முகர்ந்தும் உற்றும் அறிகின்ற ஐந்து புலன்களாகிய இன்பங்களும் ஒளி பொருந்திய வளையல் அணிந்த இவளிடத்தில் உள்ளன.,"When eye to answering eye reveals the tale of love,
All words that lips can say must useless prove.
The words of the mouths are of no use whatever, when there is perfect agreement between the eyes (of lovers).",Recognition of the Signs (of Mutual Love),குறிப்பறிதல்,களவியல் , The Pre-marital love,LOVE,இன்பத்துப்பால்
1101,கண்டுகேட் டுண்டுயிர்த் துற்றறியும் ஐம்புலனும் ஒண்தொடி கண்ணே உள,"In this bangled beauty dwell
The joys of sight sound touch taste smell. ","நோய்களுக்கு மருந்து வேறு பொருள்களாக இருக்கின்றன, ஆனால் அணிகலன் அணிந்த இவளால் வளர்ந்த நோய்க்கு இவளே மருந்தாக இருக்கின்றாள்.","All joys that senses five- sight, hearing, taste, smell, touch- can give,
In this resplendent armlets-bearing damsel live!
The (simultaneous) enjoyment of the five senses of sight, hearing, taste, smell and touch can only be found with bright braceleted (women).",Rejoicing in the Embrace,புணர்சசி மகிழ்தல்,களவியல் , The Pre-marital love,LOVE,இன்பத்துப்பால்
1102,பிணிக்கு மருந்து பிறமன் அணியிழை தன்னோய்க்குத் தானே மருந்து,"The cure for ailment is somewhere
For fair maid's ill she is the cure. ","தாமரைக் கண்ணனுடைய உலகம், தாம் விரும்பும் காதலியரின் மெல்லிய தோள்களில் துயிலும் துயில் போல் இனிமை உடையதோ.","Disease and medicine antagonists we surely see;
This maid, to pain she gives, herself is remedy.
The remedy for a disease is always something different (from it); but for the disease caused by this jewelled maid, she is herself the cure.
",Rejoicing in the Embrace,புணர்சசி மகிழ்தல்,களவியல் , The Pre-marital love,LOVE,இன்பத்துப்பால்
1103,தாம்வீழ்வார் மென்றோள் துயிலின் இனிதுகொல் தாமரைக் கண்ணான் உலகு,"Is lotus-eyed lord's heaven so sweet
As sleep in lover's arms so soft? ","நீங்கினால் சுடுகின்றது, அணுகினால் குளிர்ச்சியாக இருக்கின்றது, இத்தகைய புதுமையானத் தீயை இவள் எவ்விடத்திலிருந்து பெற்றாள்.","Than rest in her soft arms to whom the soul is giv'n,
Is any sweeter joy in his, the Lotus-eyed-one's heaven?
Can the lotus-eyed Vishnu's heaven be indeed as sweet to those who delight to sleep in the delicate arms of their beloved ?",Rejoicing in the Embrace,புணர்சசி மகிழ்தல்,களவியல் , The Pre-marital love,LOVE,இன்பத்துப்பால்
1104,நீங்கின் தெறூஉம் குறுகுங்கால் தண்ணென்னும் தீயாண்டுப் பெற்றாள் இவள்,"Away it burns and cools anear
Wherefrom did she get this fire?     ",மலரணிந்த கூந்தலை உடைய இவளுடைய தோள்கள் விருப்பமான பொருள்களை நினைத்து விரும்பிய பொழுது அவ்வப் பொருள்களைப் போலவே இன்பம் செய்கின்றன.,"Withdraw, it burns; approach, it soothes the pain;
Whence did the maid this wondrous fi re obtain?
From whence has she got this fire that burns when I withdraw and cools when I approach ?
",Rejoicing in the Embrace,புணர்சசி மகிழ்தல்,களவியல் , The Pre-marital love,LOVE,இன்பத்துப்பால்
1105,வேட்ட பொழுதின் அவையவை போலுமே தோட்டார் கதுப்பினாள் தோள்,"The arms of my flower-tressed maid
Whatever I wish that that accord. ",பொருந்து போதெல்லாம் உயிர் தளிர்க்கும் படியாகத் தீண்டுதலால் இவளுக்கு தோள்கள் அமிழ்தத்தால் செய்யப்பட்டிருக்க வேண்டும்.,"In her embrace, whose locks with flowery wreaths are bound,
Each varied form of joy the soul can wish is found.
The shoulders of her whose locks are adorned with flowers delight me as if they were the very sweets I have desired (to get).
",Rejoicing in the Embrace,புணர்சசி மகிழ்தல்,களவியல் , The Pre-marital love,LOVE,இன்பத்துப்பால்
1106,உறுதோ றுயிர்தளிர்ப்பத் தீண்டலாற் பேதைக் கமிழ்தின் இயன்றன தோள்,"My simple maid has nectar arms
Each embrace brings life-thrilling charms.","அழகிய மா நிறம் உடைய இவளுடைய தழுவுதல், தம்முடைய வீட்டிலிருந்து தாம் ஈட்டிய பொருளைப் பகுந்து கொடுத்து உண்டாற் போன்றது.","Ambrosia are the simple maiden's arms; when I attain
Their touch, my withered life puts forth its buds again!
The shoulders of this fair one are made of ambrosia, for they revive me with pleasure every time I embrace them.",Rejoicing in the Embrace,புணர்சசி மகிழ்தல்,களவியல் , The Pre-marital love,LOVE,இன்பத்துப்பால்
1107,தம்மில் இருந்து தமதுபாத் துண்டற்றால் அம்மா அரிவை முயக்கு,"Ah the embrace of this fair dame
Is like sharing one's food at home.   ","காற்று இடையறுத்துச் செல்லாதபடி தழுவும் தழுவுதல், ஒருவரை ஒருவர் விரும்பிய காதலர் இருவருக்கும் இனிமை உடையதாகும்.","As when one eats from household store, with kindly grace
Sharing his meal: such is this golden maid's embrace.
The embraces of a gold-complexioned beautiful female are as pleasant as to dwell in one's own house and live by one's own (earnings) after distributing (a portion of it in charity).
",Rejoicing in the Embrace,புணர்சசி மகிழ்தல்,களவியல் , The Pre-marital love,LOVE,இன்பத்துப்பால்
1108,வீழும் இருவர்க் கினிதே வளியிடை போழப் படாஅ முயக்கு,"Joy is the fast embrace that doth
Not admit e'en air between both.    ","ஊடுதல், ஊடலை உணர்ந்து விடுதல், அதன்பின் கூடுதல் ஆகிய இவை காதல் வாழ்வு நிறைவேறப் பெற்றவர் பெற்ற பயன்களாகும்.","Sweet is the strict embrace of those whom fond affection binds,
Where no dissevering breath of discord entrance finds.
To ardent lovers sweet is the embrace that cannot be penetrated even by a breath of breeze.
",Rejoicing in the Embrace,புணர்சசி மகிழ்தல்,களவியல் , The Pre-marital love,LOVE,இன்பத்துப்பால்
1109,ஊடல் உணர்தல் புணர்தல் இவைகாமம் கூடியார் பெற்ற பயன்,"Sulking, feeling and clasping fast
These three are sweets of lover's tryst.","செந்நிற அணிகலன்களை அணிந்த இவளிடம் பொருந்துந்தோறும் காதல் உணர்தல்,நூற் பொருள்களை அறிய அறிய அறியாதமைக் கண்டாற் போன்றது.","The jealous variance, the healing of the strife, reunion gained:
These are the fruits from wedded love obtained.
Love quarrel, reconciliation and intercourse - these are the advantages reaped by those who marry for lust.
",Rejoicing in the Embrace,புணர்சசி மகிழ்தல்,களவியல் , The Pre-marital love,LOVE,இன்பத்துப்பால்
1110,அறிதோ றறியாமை கண்டற்றால் காமம் செறிதோறும் சேயிழை மாட்டு,"As knowledge reveals past ignorance
So is the belle as love gets close. ","அனிச்சப்பூவே நல்ல மென்மை தன்மை பெற்றிறுக்கின்றாய், நீ வாழ்க, யாம் விரும்பும் காதலி உன்னை விட மெல்லியத் தன்மை கொண்டவள்.","The more men learn, the more their lack of learning they detect;
'Tis so when I approach the maid with gleaming jewels decked.
As (one's) ignorance is discovered the more one learns, so does repeated intercourse with a well-adorned female (only create a desire for more).",Rejoicing in the Embrace,புணர்சசி மகிழ்தல்,களவியல் , The Pre-marital love,LOVE,இன்பத்துப்பால்
1111,நன்னீரை வாழி அனிச்சமே நின்னினும் மென்னீரள் யாம்வீழ் பவள்,"Soft blessed anicha flower, hail
On whom I dote is softer still.","நெஞ்சமே! இவளுடைய கண்கள் பலரும் காண்கின்ற மலர்களை ஒத்திருக்கின்றன, என்று நினைத்து ஒத்த மலர்களைக் கண்டால் நீ மயங்குகின்றாய்.","O flower of the sensitive plant! than thee
More tender's the maiden beloved by me.
May you flourish, O Anicham! you have a delicate nature. But my beloved is more delicate than you.
", The Praise of her Beauty,நலம் புனைந்துரைத்தல்,களவியல் , The Pre-marital love,LOVE,இன்பத்துப்பால்
1112,மலர்காணின் மையாத்தி நெஞ்சே இவள்கண் பலர்காணும் பூவொக்கும் என்று,"You can't liken flowers by many eyed,
To her bright eyes, O mind dismayed.","மூங்கில் போன்ற தோளை உடைய இவளுக்குத் தளிரே மேன், முத்தே பல், இயற்கை மணமே மணம், வேலே மை உண்ட கண்.","You deemed, as you saw the flowers, her eyes were as flowers, my soul,
That many may see; it was surely some folly that over you stole!
O my soul, fancying that flowers which are seen by many can resemble her eyes, you become confused at the sight of them.", The Praise of her Beauty,நலம் புனைந்துரைத்தல்,களவியல் , The Pre-marital love,LOVE,இன்பத்துப்பால்
1113,முறிமேனி முத்தம் முறுவல் வெறிநாற்றம் வேலுண்கண் வேய்த்தோ ளவட்கு,"The bamboo-shouldered has pearl-like smiles
Fragrant breath and lance-like eyes.","குவளை மலர்கள் காணும் தன்மைப் பெற்றுக் கண்டால், இவளுடைய கண்களுக்கு தாம் ஒப்பாக வில்லையே என்று தலை கவிழ்ந்து நிலத்தை நோக்கும்.","As tender shoot her frame; teeth, pearls; around her odours blend;
Darts are the eyes of her whose shoulders like the bambu bend.
The complexion of this bamboo-shouldered one is that of a shoot; her teeth, are pearls; her breath, fragrance; and her dyed eyes, lances.
", The Praise of her Beauty,நலம் புனைந்துரைத்தல்,களவியல் , The Pre-marital love,LOVE,இன்பத்துப்பால்
1114,காணின் குவளை கவிழ்ந்து நிலனோக்கும் மாணிழை கண்ணொவ்வேம் என்று,"Lily droops down to ground and says
I can't equal the jewelled-one's eyes. ","அவள் தன் மென்மை அறியாமல் அனிச்ச மலர்களைக் காம்பு களையாமல் சூடினால், அவற்றால் நொந்து வருத்தும் அவளுடைய இடைக்குப் பறைகள் நல்லனவாய் ஒலியா.","The lotus, seeing her, with head demiss, the ground would eye,
And say, 'With eyes of her, rich gems who wears, we cannot vie.'
If the blue lotus could see, it would stoop and look at the ground saying, ""I can never resemble the eyes of this excellent jewelled one.""", The Praise of her Beauty,நலம் புனைந்துரைத்தல்,களவியல் , The Pre-marital love,LOVE,இன்பத்துப்பால்
1115,அனிச்சப்பூக் கால்களையாள் பெய்தாள் நுசுப்பிற்கு நல்ல படாஅ பறை,"Anicha flower with stem she wears
To her breaking waist sad-drum-blares!",விண்மீன்கள் திங்களையும் இவளுடைய முகத்தையும் வேறுபாடு கண்டு அறியமுடியாமல் தம் நிலையில் நிற்காமல் கலங்கித் திரிகின்றன.,"The flowers of the sensitive plant as a girdle around her she placed;
The stems she forgot to nip off; they 'll weigh down the delicate waist.
No merry drums will be beaten for the (tender) waist of her who has adorned herself with the anicham without having removed its stem.", The Praise of her Beauty,நலம் புனைந்துரைத்தல்,களவியல் , The Pre-marital love,LOVE,இன்பத்துப்பால்
1116,மதியும் மடந்தை முகனும் அறியா பதியின் கலங்கிய மீன்,"Stars are confused to know which is
The moon and which is woman's face. ",குறைந்த இடமெல்லாம் படிப்படியாக நிறைந்து விளங்குகின்ற திங்களிடம் உள்ளது போல் இந்த மாதர் முகத்தில் களங்கம் உண்டோ.இல்லையே.,"The stars perplexed are rushing wildly from their spheres;
For like another moon this maiden's face appears.
The stars have become confused in their places not being able to distinguish between the moon and the maid's countenance.", The Praise of her Beauty,நலம் புனைந்துரைத்தல்,களவியல் , The Pre-marital love,LOVE,இன்பத்துப்பால்
1117,அறுவாய் நிறைந்த அவிர்மதிக்குப் போல மறுவுண்டோ மாதர் முகத்து,"Are there spots on the lady's face
Just as in moon that changes phase?","திங்களே! இம் மாதரின் முகத்தைப் போல உண்ணால் ஒளி வீச முடியுமானால், நீயும் இவள் போல் என் காதலுக்கு உரிமை பெறுவாய்.","In moon, that waxing waning shines, as sports appear,
Are any spots discerned in face of maiden here?
Could there be spots in the face of this maid like those in the bright full moon ?
", The Praise of her Beauty,நலம் புனைந்துரைத்தல்,களவியல் , The Pre-marital love,LOVE,இன்பத்துப்பால்
1118,மாதர் முகம்போல் ஒளிவிட வல்லையேல் காதலை வாழி மதி,"Like my lady's face if you shine
All my love to you; hail O moon!    ","திங்களே! மலர்போன்ற கண்களை உடைய இவளுடைய முகத்தை ஒத்திருக்க விரும்பினால், நீ பலரும் காணும்படியாகத் தோன்றாதே.","Farewell, O moon! If that thine orb could shine
Bright as her face, thou shouldst be love of mine.
If you can indeed shine like the face of women, flourish, O moon, for then would you be worth loving ?
", The Praise of her Beauty,நலம் புனைந்துரைத்தல்,களவியல் , The Pre-marital love,LOVE,இன்பத்துப்பால்
1119,மலரன்ன கண்ணாள் முகமொத்தி யாயின் பலர்காணத் தோன்றல் மதி,"Like the face of my flower-eyed one
If you look, then shine alone O moon!","அனிச்ச மலரும், அன்னப்பறவையின் இறகும் ஆகிய இவைகள் மாதரின் மெல்லிய அடிகளுக்கு நெருஞ்சிமுள் போன்றவை.","If as her face, whose eyes are flowers, thou wou ldst have charms for me,
Shine for my eyes alone, O moon, shine not for all to see!
O moon, if you wish to resemble the face of her whose eyes are like (these) flowers, do not appear so as to be seen by all.", The Praise of her Beauty,நலம் புனைந்துரைத்தல்,களவியல் , The Pre-marital love,LOVE,இன்பத்துப்பால்
1120,அனிச்சமும் அன்னத்தின் தூவியு மாதர் அடிக்கு நெருஞ்சிப் பழம்,"The soft flower and the swan's down are
Like nettles to the feet of the fair",மென்மையான மொழிகளைப் பேசு கின்ற இவளுடைய தூய பற்களில் ஊறிய நீர் பாலுடன் தேனைக் கலந்தாற் போன்றதாகும்.,"The flower of the sensitive plant, and the down on the swan's white breast,
As the thorn are harsh, by the delicate feet of this maiden pressed.
The anicham and the feathers of the swan are to the feet of females, like the fruit of the (thorny) Nerunji.", The Praise of her Beauty,நலம் புனைந்துரைத்தல்,களவியல் , The Pre-marital love,LOVE,இன்பத்துப்பால்
1121,பாலொடு தேன்கலந் தற்றே பணிமொழி வாலேயி றூறிய நீர்,"Like milk and honey the dew is sweet
From her white teeth whose word is soft. ","இம் மடந்தையோடு எம்மிடையே உள்ள நட்பு முறைகள், உடம்போடு உயிர்க்கு உள்ள தொடர்புகள், எத்தன்மையானவையோ அத்தன்மையானவை.","The dew on her white teeth, whose voice is soft and low,
Is as when milk and honey mingled flow.
The water which oozes from the white teeth of this soft speeched damsel is like a mixture of milk and honey.
",Declaration of Love's special Excellence,காதற்சிறப்புரைத்தல்,களவியல் , The Pre-marital love,LOVE,இன்பத்துப்பால்
1122,உடம்பொ டுயிரிடை என்னமற் றன்ன மடந்தையொ டெம்மிடை நட்பு,"Love between me and this lady
Is like bond between soul and body.","என் கண்ணின் கருமணியில் உள்ள பாவையே நீ போய் விடு, யாம் விரும்புகின்ற இவளுக்கு என் கண்ணில் இருக்க இடம் இல்லையே.","Between this maid and me the friendship kind
Is as the bonds that soul and body bind.
The love between me and this damsel is like the union of body and soul.
",Declaration of Love's special Excellence,காதற்சிறப்புரைத்தல்,களவியல் , The Pre-marital love,LOVE,இன்பத்துப்பால்
1123,கருமணியிற் பாவாய்நீ போதாயாம் வீழும் திருநுதற் கில்லை யிடம்,"Depart image in my pupil
Giving room to my fair-browed belle!  ","ஆராய்ந்து அணிகலன்களை அணிந்த இவள் கூடும் போது உயிர்க்கு வாழ்வு போன்றவள், பிரியும் போது உயிர்க்கு சாவு போன்றவள்.","For her with beauteous brow, the maid I love, there place is none;
To give her image room, O pupil of mine eye, begone!
O you image in the pupil (of my eye)! depart; there is no room for (my) fair-browed beloved.
",Declaration of Love's special Excellence,காதற்சிறப்புரைத்தல்,களவியல் , The Pre-marital love,LOVE,இன்பத்துப்பால்
1124,வாழ்தல் உயிர்க்கன்னள் ஆயிழை சாதல் அதற்கன்னள் நீங்கும் இடத்து,"Life with my jewel is existence
Death it is her severance.   ",போர் செய்யும் பண்புகளை உடைய இவளுடைய பண்புகளை யான் மறந்தால் பிறகு நினைக்க முடியும் ஆனால் ஒரு போதும் மறந்ததில்லையே.,"Life is she to my very soul when she draws nigh;
Dissevered from the maid with jewels rare, I die!
My fair-jewelled one resembles the living soul (when she is in union with me), the dying soul when she leaves me.",Declaration of Love's special Excellence,காதற்சிறப்புரைத்தல்,களவியல் , The Pre-marital love,LOVE,இன்பத்துப்பால்
1125,உள்ளுவன் மன்யான் மறப்பின் மறப்பறியேன் ஒள்ளமர்க் கண்ணாள் குணம்,"Can I forget? I recall always
The charms of her bright battling eyes. ","எம் காதலர் எம் கண்ணுள்ளிருந்து போக மாட்டார், கண்ணை மூடி இமைத்தாலும் அதனால் வருந்த மாட்டார், அவர் அவ்வளவு நுட்பமானவர்.","I might recall, if I could once forget; but from my heart
Her charms fade not, whose eyes gleam like the warrior's dart.
If I had forgotten her who has bright battling eyes, I would have remembered (thee); but I never forget her. (Thus says he to her maid).",Declaration of Love's special Excellence,காதற்சிறப்புரைத்தல்,களவியல் , The Pre-marital love,LOVE,இன்பத்துப்பால்
1126,கண்ணுள்ளிற் போகார் இமைப்பிற் பருவரார் நுண்ணியர்எம் காத லவர்,"So subtle is my lover's form
Ever in my eyes winking, no harm. ","எம் காதலர் கண்ணினுள் இருக்கின்றார், ஆகையால் மை எழுதினால் அவர் மறைவதை எண்ணிக் கண்ணுக்கு மையும் எழுதமாட்டோம்.","My loved one's subtle form departs not from my eyes;
I wink them not, lest I should pain him where he lies.
My lover would not depart from mine eyes; even if I wink, he would not suffer (from pain); he is so ethereal.
",Declaration of Love's special Excellence,காதற்சிறப்புரைத்தல்,களவியல் , The Pre-marital love,LOVE,இன்பத்துப்பால்
1127,கண்ணுள்ளார் காத லவராகக் கண்ணும் எழுதேம் கரப்பாக் கறிந்து,"My lover in my eyes abides
I paint them not lest he hides. ","எம் காதலர் நெஞ்சினுள் இருக்கின்றார், ஆகையால் சூடான பொருளை உண்டால் அவர் வெப்பமுறுதலை எண்ணிச் சூடான பொருளை உண்ண அஞ்சு கின்றோம்.","My love doth ever in my eyes reside;
I stain them not, fearing his form to hide.
As my lover abides in my eyes, I will not even paint them, for he would (then) have to conceal himself.
",Declaration of Love's special Excellence,காதற்சிறப்புரைத்தல்,களவியல் , The Pre-marital love,LOVE,இன்பத்துப்பால்
1128,நெஞ்சத்தார் காத லவராக வெய்துண்டல் அஞ்சுதும் வேபாக் கறிந்து,"My lover abides in my heart
I fear hot food lest he feels hot.   ","கண் இமைத்தால் காதலர் மறைந்து போதலை அறிகின்றேன், அவ்வளவிற்கே இந்த ஊரார் அவரை அன்பில்லாதவர் என்று சொல்லுவர்.","Within my heart my lover dwells; from food I turn
That smacks of heat, lest he should feel it burn.
As my lover is in my heart, I am afraid of eating (anything) hot, for I know it would pain him.
",Declaration of Love's special Excellence,காதற்சிறப்புரைத்தல்,களவியல் , The Pre-marital love,LOVE,இன்பத்துப்பால்
1129,இமைப்பிற் கரப்பாக் கறிவல் அனைத்திற்கே ஏதிலர் என்னுமிவ் வூர்,"My eyes wink not lest he should hide
And him as cruel the townsmen chide.  ","காதலர் எப்போதும் என் உள்ளத்தில் மகிழ்ந்து வாழ்கின்றார், ஆனால் அதை அறியாமல் பிரிந்து வாழ்கின்றார், அன்பில்லாதவர் என்று இந்த ஊரார் அவரைப் பழிப்பர்.","I fear his form to hide, nor close my eyes:
'Her love estranged is gone!' the village cries.
I will not wink, knowing that if I did, my lover would hide himself; and for this reason, this town says, he is unloving.
",Declaration of Love's special Excellence,காதற்சிறப்புரைத்தல்,களவியல் , The Pre-marital love,LOVE,இன்பத்துப்பால்
1130,உவந்துறைவர் உள்ளத்துள் என்றும் இகந்துறைவர் ஏதிலர் என்னுமிவ் வூர்,"He abides happy in my heart
But people mistake he is apart. ",காமத்தால் துன்புற்று (காதலின் அன்பு பெறாமல்) வருந்தினவர்க்குக் காவல் மடலூர்தல் அல்லாமல் வலிமையானத் துணை வேறொன்றும் இல்லை.,"Rejoicing in my very soul he ever lies;
'Her love estranged is gone far off!' the village cries.
My lover dwells in my heart with perpetual delight; but the town says he is unloving and (therefore) dwells afar.",Declaration of Love's special Excellence,காதற்சிறப்புரைத்தல்,களவியல் , The Pre-marital love,LOVE,இன்பத்துப்பால்
1131,காமம் உழந்து வருந்தினார்க் கேம மடலல்ல தில்லை வலி,"Pangs of passion find no recourse
Except riding *'palmyra horse'.","(காதலின் பிரிவால் ஆகிய துன்பத்தைப்) பொறுக்காத என் உடம்பும் உயிரும், நாணத்தை நீக்கி நிறுத்தி விட்டு மடலூரத் துணிந்தன.","To those who 've proved love's joy, and now afflicted mourn,
Except the helpful 'horse of palm', no other strength remains.
To those who after enjoyment of sexual pleasure suffer (for want of more), there is no help so efficient as the palmyra horse.",The Abandonment of Reserve,நாணுத்துறவுரைத்தல்,களவியல் , The Pre-marital love,LOVE,இன்பத்துப்பால்
1132,நோனா உடம்பும் உயிரும் மடலேறும் நாணினை நீக்கி நிறுத்து,"Pining body and mind lose shame
And take to riding of the palm.  ","நாணமும் நல்ல ஆண்மையும் முன்பு பெற்றிருந்தேன், (காதலியை பிரிந்து வருந்துகின்ற) இப்போது காமம் மிக்கவர் ஏறும் மடலையே உடையேன்.","My body and my soul, that can no more endure,
Will lay reserve aside, and mount the 'horse of palm'.
Having got rid of shame, the suffering body and soul save themselves on the palmyra horse.
",The Abandonment of Reserve,நாணுத்துறவுரைத்தல்,களவியல் , The Pre-marital love,LOVE,இன்பத்துப்பால்
1133,நாணொடு நல்லாண்மை பண்டுடையேன் இன்றுடையேன் காமுற்றார் ஏறும் மடல்,"Once I was modest and manly
My love has now Madal only.",நாணமும் நல்ல ஆண்மையுமாகிய தோணிகளைக் காமம் என்னும் கடுமையான வெள்ளம் அடித்துக் கொண்டு போய் விடுகின்றன.,"I once retained reserve and seemly manliness;
To-day I nought possess but lovers' 'horse of palm'.
Modesty and manliness were once my own; now, my own is the palmyra horse that is ridden by the lustful.
",The Abandonment of Reserve,நாணுத்துறவுரைத்தல்,களவியல் , The Pre-marital love,LOVE,இன்பத்துப்பால்
1134,காமக் கடும்புனல் உய்க்குமே நாணொடு நல்லாண்மை என்னும் புணை,"Rushing flood of love sweeps away
The raft of shame and firmness, aye!",மடலோறுதலோடு மாலைக்காலத்தில் வருந்தும் துயரத்தை மாலைபோல் தொடர்ந்த சிறு வளையல் அணிந்த காதலி எனக்கு தந்தாள்.,"Love's rushing tide will sweep away the raft
Of seemly manliness and shame combined.
The raft of modesty and manliness, is, alas, carried-off by the strong current of lust.
",The Abandonment of Reserve,நாணுத்துறவுரைத்தல்,களவியல் , The Pre-marital love,LOVE,இன்பத்துப்பால்
1135,தொடலைக் குறுந்தொடி தந்தாள் மடலொடு மாலை உழக்கும் துயர்,"Palm-ride and pangs of eventide
Are gifts of wreath-like bracelet maid. ","மடலூர்தலைப் பற்றி நள்ளிரவிலும் உறுதியாக நினைக்கின்றேன், காதலியின் பிரிவின் காரணமாக என் கண்கள் உறங்காமல் இருக்கின்றன.","The maid that slender armlets wears, like flowers entwined,
Has brought me 'horse of palm,' and pangs of eventide!
She with the small garland-like bracelets has given me the palmyra horse and the sorrow that is endured at night.",The Abandonment of Reserve,நாணுத்துறவுரைத்தல்,களவியல் , The Pre-marital love,LOVE,இன்பத்துப்பால்
1136,மடலூர்தல் யாமத்தும் உள்ளுவேன் மன்ற படலொல்லா பேதைக்கென் கண்,"Madal I ride at midnight for
My eyes sleep not seeing this fair.   ","கடல் போன்ற காமநோயால் வருந்தியும், மடலேறாமல் துன்பத்தை பொருத்துக் கொண்டிருக்கும் பெண் பிறப்பை போல் பெருமை உடைய பிறவி இல்லை.","Of climbing 'horse of palm' in midnight hour, I think;
My eyes know no repose for that same simple maid.
Mine eyes will not close in sleep on your mistress's account; even at midnight will I think of mounting the palmyra horse.
",The Abandonment of Reserve,நாணுத்துறவுரைத்தல்,களவியல் , The Pre-marital love,LOVE,இன்பத்துப்பால்
1137,கடலன்ன காமம் உழந்தும் மடலேறாப் பெண்ணிற் பெருந்தக்க தில்,"Her sea-like lust seeks not Madal!
Serene is woman's self control. ","இவர் நெஞ்சை நிறுத்தும் நிறை இல்லாதவர், மிகவும் இரங்கத்தக்கவர் என்று கருதாமல் காமம் மறைந்திருத்தலைக் கடந்து மன்றத்திலும் வெளிப்படுகின்றதே.","There's nought of greater worth than woman's long-enduring soul,
Who, vexed by love like ocean waves, climbs not the 'horse of palm'.
There is nothing so noble as the womanly nature that would not ride the palmyra horse, though plunged a sea of lust.",The Abandonment of Reserve,நாணுத்துறவுரைத்தல்,களவியல் , The Pre-marital love,LOVE,இன்பத்துப்பால்
1138,நிறையரியர் மன்னளியர் என்னாது காமம் மறையிறந்து மன்று படும்,"Lust betrays itself in haste
Though women are highly soft and chaste",அமைதியாய் இருந்ததால் எல்லோரும் அறியவில்லை என்று கருதி என்னுடைய காமம் தெருவில் பரவி மயங்கிச் சுழல்கின்றது.,"In virtue hard to move, yet very tender, too, are we;
Love deems not so, would rend the veil, and court publicity!
Even the Lust (of women) transgresses its secrecy and appears in public, forgetting that they are too chaste and liberal (to be overcome by it).
",The Abandonment of Reserve,நாணுத்துறவுரைத்தல்,களவியல் , The Pre-marital love,LOVE,இன்பத்துப்பால்
1139,அறிகிலார் எல்லாரும் என்றேயென் காமம் மறுகின் மறுகும் மருண்டு,"My perplexed love roves public street
Believing that none knows its secret.",யாம் பட்ட துன்பங்களைத் தாம் படாமையால் அறிவில்லாதவர் யாம் கண்ணால் காணுமாறு எம் எதிரில் எம்மைக்கண்டு நகைக்கின்றனர்.,"There's no one knows my heart,' so says my love,
And thus, in public ways, perturbed will rove.
My lust, feeling that it is not known by all, reels confused in the streets (of this town).
",The Abandonment of Reserve,நாணுத்துறவுரைத்தல்,களவியல் , The Pre-marital love,LOVE,இன்பத்துப்பால்
1140,யாம்கண்ணிற் காண நகுப அறிவில்லார் யாம்பட்ட தாம்படா ஆறு,"Fools laugh at me before my eyes
For they feel not my pangs and sighs","(எம் காதலைப் பற்றி) அலர் எழுவதால் அறிய உயிர் போகாமல் நிற்கின்றது, எம் நல்வினைப் பயனால் பலரும் அறியாமலிருக்கின்றனர்.","Before my eyes the foolish make a mock of me,
Because they ne'er endured the pangs I now must drie.
Even strangers laugh (at us) so as to be seen by us, for they have not suffered.",The Abandonment of Reserve,நாணுத்துறவுரைத்தல்,களவியல் , The Pre-marital love,LOVE,இன்பத்துப்பால்
1141,அலரெழ ஆருயிர் நிற்கும் அதனைப் பலரறியார் பாக்கியத் தால்,"Rumour sustains my existence
Good luck! many know not its sense.","மலர் போன்ற கண்ணை உடைய இவளுடைய அருமை அறியாமல், இந்த ஊரார் எளியவளாகக் கருதி அலர் கூறி எமக்கு உதவி செய்தனர்.","By this same rumour's rise, my precious life stands fast;
Good fortune grant the many know this not!
My precious life is saved by the raise of rumour, and this, to my good luck no others are aware of.",The Announcement of the Rumour,அலரறிவுரைத்தல்,களவியல் , The Pre-marital love,LOVE,இன்பத்துப்பால்
1142,மலரன்ன கண்ணாள் அருமை அறியா தலரெமக் கீந்ததிவ் வூர்,"Rumour gives me the flower-like belle
People know not what rare angel. ","ஊரார் எல்லோரும் அறிந்துள்ள அலர் நமக்குப் பொருந்தாதோ, (பொருந்தும்) அந்த அலர் பெறமுடியாமலிருந்து பெற்றார் போன்ற நன்மை உடையதாக இருக்கின்றது.","The village hath to us this rumour giv'n, that makes her mine;
Unweeting all the rareness of the maid with flower-like eyne.
Not knowing the value of her whose eyes are like flowers this town has got up a rumour about me.",The Announcement of the Rumour,அலரறிவுரைத்தல்,களவியல் , The Pre-marital love,LOVE,இன்பத்துப்பால்
1143,உறாஅதோ ஊரறிந்த கௌவை அதனைப் பெறாஅது பெற்றன்ன நீர்த்து,"I profit by this public rumour
Having not, I feel, I have her.   ","எம் காமம் ஊரார் சொல்லுகின்ற அலரால் வளர்வதாயிற்று, அந்த அலர் இல்லையானால் அது தன் தன்மை இழந்து சுருங்கிப் போய்விடும்.","The rumour spread within the town, is it not gain to me?
It is as though that were obtained that may not be.
Will I not get a rumour that is known to the (whole) town ? For what I have not got is as if I had got it (already).",The Announcement of the Rumour,அலரறிவுரைத்தல்,களவியல் , The Pre-marital love,LOVE,இன்பத்துப்பால்
1144,கவ்வையாற் கவ்விது காமம் அதுவின்றேல் தவ்வென்னும் தன்மை இழந்து,"Rumour inflames the love I seek
Or else it becomes bleak and weak. ","காமம் அலரால் வெளிப்பட இனியதாதல், கள்ளுண்பவர் கள்ளுண்டு மயங்க மயங்க அக் கள்ளுண்பதையே விரும்பினாற் போன்றது.","The rumour rising makes my love to rise;
My love would lose its power and languish otherwise.
Rumour increases the violence of my passion; without it it would grow weak and waste away.",The Announcement of the Rumour,அலரறிவுரைத்தல்,களவியல் , The Pre-marital love,LOVE,இன்பத்துப்பால்
1145,களித்தொறும் கள்ளுண்டல் வேட்டற்றால் காமம் வெளிப்படுந் தோறும் இனிது,"Drink delights as liquor flows
Love delights as rumour grows. ","காதலரைக் கண்டது ஒருநாள் தான், அதனால் உண்டாகிய அலரோ, திங்களைப் பாம்பு கொண்ட செய்தி போல் எங்கும் பரந்து விட்டது.","The more man drinks, the more he ever drunk would be;
The more my love's revealed, the sweeter 'tis to me!
As drinking liquor is delightful (to one) whenever one is in mirth, so is lust delightful to me whenever it is the subject of rumour.",The Announcement of the Rumour,அலரறிவுரைத்தல்,களவியல் , The Pre-marital love,LOVE,இன்பத்துப்பால்
1146,கண்டது மன்னும் ஒருநாள் அலர்மன்னும் திங்களைப் பாம்புகொண் டற்று,"One lasting day we met alone
Lasting rumours eclipse our moon.",இந்தக் காம நோய் ஊராரின் அலர் தூற்றலே எருவாகவும் அன்னை கடிந்து சொல்லும் கடுஞ்சொல்லே நீராகவும் கொண்டு செழித்து வளர்கின்றது.,"I saw him but one single day: rumour spreads soon
As darkness, when the dragon seizes on the moon.
It was but a single day that I looked on (my lover); but the rumour thereof has spread like the seizure of the moon by the serpent.",The Announcement of the Rumour,அலரறிவுரைத்தல்,களவியல் , The Pre-marital love,LOVE,இன்பத்துப்பால்
1147,ஊரவர் கௌவை எருவாக அன்னைசொல் நீராக நீளுமிந் நோய்,"Scandal manures; mother's refrain
Waters the growth of this love-pain.  ","அலர் கூறுவதால் காமத்தை அடக்குவோம் என்று முயலுதல், நெய்யால் நெருப்பை அவிப்போம் என்று முயல்வதைப் போன்றது.","My anguish grows apace: the town's report
Manures it; my mother's word doth water it.
This malady (of lust) is manured by the talk of women and watered by the (harsh) words of my mother.
",The Announcement of the Rumour,அலரறிவுரைத்தல்,களவியல் , The Pre-marital love,LOVE,இன்பத்துப்பால்
1148,நெய்யால் எரிநுதுப்பேம் என்றற்றால் கௌவையால் காமம் நுதுப்பேம் எனல்,"To quench the lust by rumour free
Is to quench fire by pouring ghee. ","அஞ்ச வேண்டா என்று அன்று உறுதிகூறியவர், இன்று பலரும் நாணும்படியாக நம்மை விட்டுப் பிரிந்தால் அதனால் அலருக்கு நாணியிருக்க முடியுமோ.","With butter-oil extinguish fire! 'Twill prove
Harder by scandal to extinguish love.
To say that one could extinguish passion by rumour is like extinguishing fire with ghee.
",The Announcement of the Rumour,அலரறிவுரைத்தல்,களவியல் , The Pre-marital love,LOVE,இன்பத்துப்பால்
1149,அலர்நாண ஒல்வதோ அஞ்சலோம் பென்றார் பலர்நாண நீத்தக் கடை,"Who said ""fear not"" flared up rumour
Why then should I blush this clamour? ","யாம் விரும்புகின்ற அலரை இவ்வூரார் எடுத்துக்கூறுகின்றனர், அதனால் இனிமேல் காதலர் விரும்பினால் விரும்பியவாறு அதனை உதவுவார்.","When he who said 'Fear not!' hath left me blamed,
While many shrink, can I from rumour hide ashamed?
When the departure of him who said ""fear not"" has put me to shame before others, why need I be ashamed of scandal.
",The Announcement of the Rumour,அலரறிவுரைத்தல்,களவியல் , The Pre-marital love,LOVE,இன்பத்துப்பால்
1150,தாம்வேண்டின் நல்குவர் காதலர் யாம்வேண்டும் கௌவை எடுக்குமிவ் வூர்,"Town raising this cry, I desire
Consent is easy from my sire. ","பிரிந்து செல்லாத நிலைமை இருந்தால் எனக்குச் சொல், பிரிந்து சென்று விரைந்து வருதலைப் பற்றியானால் அதுவரையில் உயிர்வாழ வல்லவர்க்குச் சொல்.","If we desire, who loves will grant what we require;
This town sends forth the rumour we desire!
The rumour I desire is raised by the town (itself); and my lover would if desired consent (to my following him).",The Announcement of the Rumour,அலரறிவுரைத்தல்,களவியல் , The Pre-marital love,LOVE,இன்பத்துப்பால்
1151,செல்லாமை உண்டேல் எனக்குரை மற்றுநின் வல்வரவு வாழ்வார்க் குரை,"Tell me if you but do not leave,
Your quick return to those who live.   ","அவருடைய பார்வை முன்பு இன்பம் உடையதாக இருந்தது, இப்போது அவருடைய கூட்டம் பிரிவுக்கு அஞ்சுகின்ற துன்பம் உடையதாக இருக்கின்றது.","If you will say, 'I leave thee not,' then tell me so;
Of quick return tell those that can survive this woe.
If it is not departure, tell me; but if it is your speedy return, tell it to those who would be alive then.
",Separation unendurable,பிரிவாற்றாமை,கற்பியல் ,The Post-marital love,LOVE,இன்பத்துப்பால்
1152,இன்கண் உடைத்தவர் பார்வல் பிரிவஞ்சும் புன்கண் உடைத்தால் புணர்வு,"His sight itself was pleasing, near
Embrace pains now by partings fear.  ",அறிவுடைய காதலரிடத்தும் பிரிவு ஒரு காலத்தில் உள்ள படியால் அவர் பிரியேன் என்று சொல்லும் உறுதி மொழியை நம்பித் தெளிவது அரிது.,"It once was perfect joy to look upon his face;
But now the fear of parting saddens each embrace.
His very look was once pleasing; but (now) even intercourse is painful through fear of separation.
",Separation unendurable,பிரிவாற்றாமை,கற்பியல் ,The Post-marital love,LOVE,இன்பத்துப்பால்
1153,அரிதரோ தேற்றம் அறிவுடையார் கண்ணும் பிரிவோ ரிடத்துண்மை யான்,"On whom shall I lay my trust hence
While parting lurks in knowing ones? ",அருள் மிகுந்தவராய் அஞ்ச வேண்டா என்று முன் தேற்றியவர் பிரிந்து செல்வாரானால் அவர் கூறிய உறுதிமொழியை நம்பித் தெளிந்தவர்க்கு குற்றம் உண்டோ.,"To trust henceforth is hard, if ever he depart,
E'en he, who knows his promise and my breaking heart.
As even the lover who understands (everything) may at times depart, confidence is hardly possible.
",Separation unendurable,பிரிவாற்றாமை,கற்பியல் ,The Post-marital love,LOVE,இன்பத்துப்பால்
1154,அளித்தஞ்சல் என்றவர் நீப்பின் தெளித்தசொல் தேறியார்க் குண்டோ தவறு,"He parts whose love told me - fear not
Is my trust in him at default?     ","காத்துக் கொள்வதானால் காதலராக அமைந்தவரின் பிரிவு நேராமல் காக்க வேண்டும், அவர் பிரிந்து நீங்கினால் மீண்டும் கூடுதல் அரிது.","If he depart, who fondly said, 'Fear not,' what blame's incurred
By those who trusted to his reassuring word?
If he who bestowed his love and said ""fear not"" should depart, will it be the fault of those who believed in (his) assuring words ?",Separation unendurable,பிரிவாற்றாமை,கற்பியல் ,The Post-marital love,LOVE,இன்பத்துப்பால்
1155,ஓம்பின் அமைந்தார் பிரிவோம்பல் மற்றவர் நீங்கின் அரிதால் புணர்வு,"Stop his parting - my life to save
Meeting is rare if he would leave.","பிரிவைப்பற்றி தெரிவிக்கும் அளவிற்குக் கல் நெஞ்சம் உடையவரானால் , அத்தகையவர் திரும்பிவந்து அன்பு செய்வார் என்னும் ஆசை பயனற்றது.","If you would guard my life, from going him restrain
Who fills my life! If he depart, hardly we meet again.
If you would save (my life), delay the departure of my destined (husband); for if he departs, intercourse will become impossible.",Separation unendurable,பிரிவாற்றாமை,கற்பியல் ,The Post-marital love,LOVE,இன்பத்துப்பால்
1156,பிரிவுரைக்கும் வன்கண்ணர் ஆயின் அரிதவர் நல்குவர் என்னும் நசை,"His hardness says, ""I leave you now""
Is there hope of his renewed love?","என் மெலிவால் முன் கையில் இறை கடந்து கழலும் வளையல்கள், தலைவன் விட்டுப் பிரிந்த செய்தியைப் பலரறியத் தெரிவித்துத் தூற்றாமலிருக்குமோ.","To cherish longing hope that he should ever gracious be,
Is hard, when he could stand, and of departure speak to me.
If he is so cruel as to mention his departure (to me), the hope that he would bestow (his love) must be given up.
",Separation unendurable,பிரிவாற்றாமை,கற்பியல் ,The Post-marital love,LOVE,இன்பத்துப்பால்
1157,துறைவன் துறந்தமை தூற்றாகொல் முன்கை இறைஇறவா நின்ற வளை,"Will not my gliding bangles' cry
The parting of my lord betray?  ","இனத்தவராக நம்மேல் அன்புடையார் இல்லாத ஊரில் வாழ்தல் துன்பமானது, இனியக் காதலரின் பிரிவு அதை விடத் துன்பமானது.","The bracelet slipping from my wrist announced before
Departure of the Prince that rules the ocean shore.
Do not the rings that begin to slide down my fingers forebode the separation of my lord ?
",Separation unendurable,பிரிவாற்றாமை,கற்பியல் ,The Post-marital love,LOVE,இன்பத்துப்பால்
1158,இன்னா தினன்இல்லூர் வாழ்தல் அதனினும் இன்னா தினியார்ப் பிரிவு,"Bitter is life in friendless place;
Worse is parting love's embrace! ","நெருப்பு, தன்னைத் தொட்டால் சுடுமே அல்லாமல் காமநோய் போல் தன்னை விட்டு நீங்கிய பொழுது சுடவல்லதாகுமோ.","Tis sad to sojourn in the town where no kind kinsmen dwell;
'Tis sadder still to bid a friend beloved farewell.
Painful is it to live in a friendless town; but far more painful is it to part from one's lover.
",Separation unendurable,பிரிவாற்றாமை,கற்பியல் ,The Post-marital love,LOVE,இன்பத்துப்பால்
1159,தொடிற்சுடின் அல்லது காமநோய் போல விடிற்சுடல் ஆற்றுமோ தீ,"Can fire that burns by touch burn like
Parting of the hearts love-sick?    ","பிரிய முடியாத பிரிவிற்கு உடன்பட்டு,( பிரியும் போது) துன்பத்தால் கலங்குவதையும், விட்டு பிரிந்த பின் பொருத்திருந்து பின்னும் உயிரோடிருந்து வாழ்வோர் உலகில் பலர்.","Fire burns the hands that touch; but smart of love
Will burn in hearts that far away remove.
Fire burns when touched; but, like the sickness of love, can it also burn when removed ?
",Separation unendurable,பிரிவாற்றாமை,கற்பியல் ,The Post-marital love,LOVE,இன்பத்துப்பால்
1160,அரிதாற்றி அல்லல்நோய் நீக்கிப் பிரிவாற்றிப் பின்இருந்து வாழ்வார் பலர்,"Many survive pangs of parting
Not I this sore so distressing. ","இக் காமநோயைப் பிறர் அறியாமல் யான் மறைப்பேன், ஆனால் இது இறைப்பவர்க்கு ஊற்று நீர் மிகுவது போல் மிகுகின்றது.","Sorrow's sadness meek sustaining, Driving sore distress away,
Separation uncomplaining Many bear the livelong day!
As if there were many indeed that can consent to the impossible, kill their pain, endure separation and yet continue to live afterwards.",Separation unendurable,பிரிவாற்றாமை,கற்பியல் ,The Post-marital love,LOVE,இன்பத்துப்பால்
1161,மறைப்பேன்மன் யானிஃதோ நோயை தறைப்பவர்க் கூற்றுநீர் போல மிகும்,"It swells out like baled out spring
How to bear this pain so writhing? ","இக் காமநோயைப் பிறர் அறியாமல் முற்றிலும் மறைக்கவும் முடியவில்லை, நோய் செய்த காதலர்க்குச் சொல்வதும் நாணம் தருகின்றது.","I would my pain conceal, but see! it surging swells,
As streams to those that draw from ever-springing wells.
I would hide this pain from others; but it (only) swells like a spring to those who drain it.
",Complainings,படர்மெலிந்திரங்கல்,கற்பியல் ,The Post-marital love,LOVE,இன்பத்துப்பால்
1162,கரத்தலும் ஆற்றேன்இந் நோயைநோய் செய்தார்க் குரைத்தலும் நாணுத் தரும்,"I can't conceal this nor complain
For shame to him who caused this pain.   ",துன்பத்தைப் பொருக்காமல் வருந்துகின்ற என் உடம்பினிடத்தில் உயிரே காவடித்தண்டாகக் கொண்டு காமநோயும் நாணமும் இருப்பக்கமாக தொங்குகின்றன.,"I cannot hide this pain of mine, yet shame restrains
When I would tell it out to him who caused my pains.
I cannot conceal this pain, nor can I relate it without shame to him who has caused it.
",Complainings,படர்மெலிந்திரங்கல்,கற்பியல் ,The Post-marital love,LOVE,இன்பத்துப்பால்
1163,காமமும் நாணும் உயிர்காவாத் தூங்குமென் நோனா உடம்பின் அகத்து,"In life - poles of this wearied frame
Are poised the weights of lust and shame",காமநோயாகிய கடல் இருக்கின்றது. ஆனால் அதை நீந்திக்கடந்து செல்வதற்கு வேண்டிய காவலான ‌தோணியோ இல்லை.,"My soul, like porter's pole, within my wearied frame,
Sustains a two-fold burthen poised, of love and shame.
(Both) lust and shame, with my soul for their shoulder pole balance themselves on a body that cannot bear them.",Complainings,படர்மெலிந்திரங்கல்,கற்பியல் ,The Post-marital love,LOVE,இன்பத்துப்பால்
1164,காமக் கடல்மன்னும் உண்டே அதுநீந்தும் ஏமப் புணைமன்னும் இல்,"My lust is a sea, I do not see
A raft to go across safely.     ",( இன்பமான) நட்பிலேயே துயரத்தை வரச் செய்வதில் வல்லவர். ( துன்பம் தரும் பகையை வெல்லும்) வலிமை வேண்டும்போது என்ன ஆவாரோ?,"A sea of love, 'tis true, I see stretched out before,
But not the trusty bark that wafts to yonder shore.
There is indeed a flood of lust; but there is no raft of safety to cross it with.
",Complainings,படர்மெலிந்திரங்கல்,கற்பியல் ,The Post-marital love,LOVE,இன்பத்துப்பால்
1165,துப்பின் எவனாவர் மன்கொல் துயர்வரவு நட்பினுள் ஆற்று பவர்,"What wilt they prove when they are foes
Who in friendship bring me woes! ",காமம் மகிழ்விக்கும்போது அதன் இன்பம் கடல் போன்றது; அது வருத்தும்போது அதன் துன்பமோ கடலைவிடப் பெரியது.,"Who work us woe in friendship's trustful hour,
What will they prove when angry tempests lower?
He who can produce sorrow from friendship, what can he not bring forth out of enmity ?
",Complainings,படர்மெலிந்திரங்கல்,கற்பியல் ,The Post-marital love,LOVE,இன்பத்துப்பால்
1166,இன்பம் கடல்மற்றுக் காமம் அஃதடுங்கால் துன்பம் அதனிற் பெரிது,"The pleasure in love is oceanful
But its pangs are more painful. ",காமம் என்னும்‌ வெள்ளத்தை நீந்தியும் அதன் கரையை யான் காணவில்லை; நள்ளிரவிலும் யான் தனியே இருக்கின்றேன்.,"A happy love 's sea of joy; but mightier sorrows roll
From unpropitious love athwart the troubled soul.
The pleasure of lust is (as great as) the sea; but the pain of lu st is far greater.
",Complainings,படர்மெலிந்திரங்கல்,கற்பியல் ,The Post-marital love,LOVE,இன்பத்துப்பால்
1167,காமக் கடும்புனல் நீந்திக் கரைகாணேன் யாமத்தும் யானே உளேன்,"Wild waves of love I swim shoreless
Pining alone in midnight hush. ",இந்த இராக்காலம் இரங்கத்தக்கது; எல்லா உயிரையும் தூங்கச் செய்துவிட்டு என்னை அல்லாமல் வேறு துணை இல்லாமல் இருக்கின்றது,"I swim the cruel tide of love, and can no shore descry,
In watches of the night, too, 'mid the waters, only I!
I have swam across the terrible flood of lust, but have not seen its shore; even at midnight I am alone; still I live.",Complainings,படர்மெலிந்திரங்கல்,கற்பியல் ,The Post-marital love,LOVE,இன்பத்துப்பால்
1168,மன்னுயிர் எல்லாம் துயிற்றி அளித்திரா என்னல்ல தில்லை துணை,"Night's mercy lulls all souls to sleep
Keeping but me for companionship.","( பிரிந்து துன்புறுகின்ற) இந்நாட்களில் நெடுநேரம் உடையனவாய்க் கழிகின்ற இராக்காலங்கள், பிரிந்த கொடியவரின் கொடுமையை விடத் தாம் கொடியவை.","All living souls in slumber soft she steeps;
But me alone kind night for her companing keeps!
The night which graciously lulls to sleep all living creatures, has me alone for her companion.
",Complainings,படர்மெலிந்திரங்கல்,கற்பியல் ,The Post-marital love,LOVE,இன்பத்துப்பால்
1169,கொடியார் கொடுமையின் தாம்கொடிய இந்நாள் நெடிய கழியும் இரா,"Crueller than that cruel he
Are midnight hours gliding slowly. ","காதலர் உள்ள இடத்திற்கு என் மனத்தைப்போல் செல்ல முடியுமானால், என்‌ கண்கள் இவ்வாறு வெள்ளமாகிய கண்ணீரில் நீந்த வேண்டியதில்லை.","More cruel than the cruelty of him, the cruel one,
In these sad times are lengthening hours of night I watch alone.
The long nights of these days are far more cruel than the heartless one who is torturing me.
",Complainings,படர்மெலிந்திரங்கல்,கற்பியல் ,The Post-marital love,LOVE,இன்பத்துப்பால்
1170,உள்ளம்போன் றுள்வழிச் செல்கிற்பின் வெள்ளநீர் நீந்தல மன்னோவென் கண்,"Like heart, if my sight reaches him
It won't in floods of tears swim!   ","தீராத இக்காமநோய், கண்கள் காட்ட யாம் கண்டதால் விளைந்தது; அவ்வாறிருக்க, காட்டிய கண்கள், இன்று அன்பு கொண்டு உணராமல் துன்பத்தால் வருந்துவது ஏன்?","When eye of mine would as my soul go forth to him,
It knows not how through floods of its own tears to swim.
Could mine eyes travel like my thoughts to the abode (of my absent lord), they would not swim in this flood of tears.",Complainings,படர்மெலிந்திரங்கல்,கற்பியல் ,The Post-marital love,LOVE,இன்பத்துப்பால்
1171,கண்டாம் கலுழ்வ தெவன்கொலோ தண்டாநோய் தாங்காட்ட யாங்கண் டது,"The eye pointed him to me; why then
They weep with malady and pine? ","ஆராய்ந்து உணராமல் அன்று நோக்கிக் காதல் கொண்ட கண்கள், இன்று அன்பு கொண்டு உணராமல் துன்பத்தால் வருந்துவது ஏன்?","They showed me him, and then my endless pain
I saw: why then should weeping eyes complain?
As this incurable malady has been caused by my eyes which showed (him) to me, why should they now weep for (him).",Eyes consumed with Grief,கணவிதுப்பழிதல்,கற்பியல் ,The Post-marital love,LOVE,இன்பத்துப்பால்
1172,தெரிந்துணரா நோக்கிய உண்கண் பரிந்துணராப் பைதல் உழப்ப தெவன்,"Why should these dyed eyes grieve now sans
Regrets for their thoughtless glance?",அன்று காதலரைக் கண்கள் தாமே விரைந்து நோக்கி இன்று தாமே அழுகின்றன; இது நகைக்கத்தக்க தன்மை உடையது.,"How glancing eyes, that rash unweeting looked that day,
With sorrow measureless are wasting now away!
The dyed eyes that (then) looked without foresight, why should they now endure sorrow, without feeling sharply (their own fault).
",Eyes consumed with Grief,கணவிதுப்பழிதல்,கற்பியல் ,The Post-marital love,LOVE,இன்பத்துப்பால்
1173,கதுமெனத் தாநோக்கித் தாமே கலுழும் இதுநகத் தக்க துடைத்து,"Eyes darted eager glance that day
It's funny that they weep today. ","என் கண்கள், தப்பிப் பிழைக்க முடியாத தீராத காமநோயை என்னிடத்தில் உண்டாக்கி நிறுத்திவிட்டு, தாமும் அழமுடியாமல் நீர் வறண்டு விட்டன.","The eyes that threw such eager glances round erewhile
Are weeping now. Such folly surely claims a smile!
They themselves looked eagerly (on him) and now they weep. Is not this to be laughed at ?
",Eyes consumed with Grief,கணவிதுப்பழிதல்,கற்பியல் ,The Post-marital love,LOVE,இன்பத்துப்பால்
1174,பெயலாற்றா நீருலந்த உண்கண் உயலாற்றா உய்வில்நோய் என்கண் நிறுத்து,"These eyes left me to endless grief
Crying adry without relief.","அன்று கடலும் தாங்கமுடியாத காமநோயை உண்டாக்கிய என் கண்கள், இன்று உறங்க முடியாமல் துன்பத்தால் வருந்துகின்றன.","Those eyes have wept till all the fount of tears is dry,
That brought upon me pain that knows no remedy.
These painted eyes have caused me a lasting mortal disease; and now they can weep no more, the tears having dried up.",Eyes consumed with Grief,கணவிதுப்பழிதல்,கற்பியல் ,The Post-marital love,LOVE,இன்பத்துப்பால்
1175,படலாற்றா பைதல் உழக்கும் கடலாற்றக் காமநோய் செய்தவென் கண்,"My eyes causing lust more than sea
Suffer that torture sleeplessly.","எமக்கு இந்தக் காமநோயைஉண்டாக்கிய கண்கள், தாமும் இத்தகைய துன்பத்தைப்பட்டு வருந்துவது மிகவும் நல்லதே!","The eye that wrought me more than sea could hold of woes,
Is suffering pangs that banish all repose.
Mine eyes have caused me a lust that is greater than the sea and (they themselves) endure the torture of sleeplessness.",Eyes consumed with Grief,கணவிதுப்பழிதல்,கற்பியல் ,The Post-marital love,LOVE,இன்பத்துப்பால்
1176,ஓஒ இனிதே எமக்கிந் நோய் செய்தகண் தாஅம் இதற்பட் டது,"Lo! eyes that wrought this love-sickness
Are victims of the same themselves.  ",அன்று விரும்பி நெகிழ்ந்து காதலரைக் கண்ட கண்கள் இன்று உறக்கமில்லாத துன்பத்தால் வருந்தி வருந்திக் கண்ணீரும் அற்றுப் போகட்டும்.,"Oho! how sweet a thing to see! the eye
That wrought this pain, in the same gulf doth lie.
The eyes that have given me this disease have themselves been seized with this (suffering). Oh! I am much delighted.",Eyes consumed with Grief,கணவிதுப்பழிதல்,கற்பியல் ,The Post-marital love,LOVE,இன்பத்துப்பால்
1177,உழந்துழந் துள்நீர் அறுக விழைந்திழைந்து வேண்டி அவர்க்கண்ட கண்,"Let tears dry up pining pining
In eyes that eyed him longing longing.  ",உள்ளத்தால் விரும்பாமலே சொல்லளவில் விரும்பிப் பழகியவர் ஒருவர் இருக்கின்றார்; அவரைக் காணாமல் கண்கள் அமைதியுறவில்லை.,"Aching, aching, let those exhaust their stream,
That melting, melting, that day gazed on him.
The eyes that became tender and gazed intently on him, may they suffer so much as to dry up the fountain of their tears.",Eyes consumed with Grief,கணவிதுப்பழிதல்,கற்பியல் ,The Post-marital love,LOVE,இன்பத்துப்பால்
1178,பேணாது பெட்டார் உளர்மன்னோ மற்றவர்க் காணா தமைவில கண்,"Ther's he whose lips loved, not his heart
Yet my eyes pine seeing him not. ",காதலர் வாராவிட்டால் தூங்குவதில்லை; வந்தாலும் தூங்குவதில்லை; இவற்றுக்கி‌டையே என் கண்கள் மிக்க துன்பத்தை அடைந்தன.,"Who loved me once, onloving now doth here remain;
Not seeing him, my eye no rest can gain.
He is indeed here who loved me with his lips but not with his heart but mine eyes suffer from not seeing him.
",Eyes consumed with Grief,கணவிதுப்பழிதல்,கற்பியல் ,The Post-marital love,LOVE,இன்பத்துப்பால்
1179,வாராக்கால் துஞ்சா வரின்துஞ்சா ஆயிடை ஆரஞர் உற்றன கண்,"He comes; no sleep; he goes; no sleep
This is the fate of eyes that weep. ",அறையப்படும் பறைபோல் துன்பத்தை வெளிப்படுத்தும் கண்களை உடைய எம்மைப் போன்றவரிடத்தில் மறைபொருளான செய்தியை அறிதல் ஊரார்க்கு அரிது அன்று.,"When he comes not, all slumber flies; no sleep when he is there;
Thus every way my eyes have troubles hard to bear.
When he is away they do not sleep; when he is present they do not sleep; in either case, mine eyes endure unbearable agony.",Eyes consumed with Grief,கணவிதுப்பழிதல்,கற்பியல் ,The Post-marital love,LOVE,இன்பத்துப்பால்
1180,மறைபெறல் ஊராhக் கரிதன்றால் எம்போல் அறைபறை கண்ணார் அகத்து,"Like drum beats eyes declare my heart;
From people who could hide his secret? ",விரும்பிய காதலர்க்கு அன்று பிரிவை உடன்பட்டேன்; பிரிந்தபின் பசலை உற்ற என் தன்மையை வேறு யார்க்குச் சென்று சொல்வேன்?,"It is not hard for all the town the knowledge to obtain,
When eyes, as mine, like beaten tambours, make the mystery plain.
It is not difficult for the people of this place to understand the secret of those whose eyes, like mine, are as it were beaten drums.",Eyes consumed with Grief,கணவிதுப்பழிதல்,கற்பியல் ,The Post-marital love,LOVE,இன்பத்துப்பால்
1181,நயந்தவர்க்கு நல்காமை நேர்ந்தேன் பசந்தவென் பண்பியார்க் குரைக்கோ பிற,"My lover's parting, I allowed
Whom to complain my hue pallid?   ",அந்தக் காதலர் உண்டாக்கினார் என்னும் பெருமிதத்தோடு இந்தப் பசலை நிறம் என்னுடைய மேனிமேல் ஏறி ஊர்ந்து பரவி வருகிறது.,"I willed my lover absent should remain;
Of pining's sickly hue to whom shall I complain?
I who (then) consented to the absence of my loving lord, to whom can I (now) relate the fact of my having turned sallow.",The Pallid Hue,பசப்புறு பருவரல்,கற்பியல் ,The Post-marital love,LOVE,இன்பத்துப்பால்
1182,அவர்தந்தார் என்னும் தகையால் இவர்தந்தென் மேனிமேல் ஊரும் பசப்பு,"Claiming it is begot through him
Pallor creeps and rides over my frame. ","காம நோயையும் பசலை நிறத்தையும் எனக்குக் கைம்மாறாக ‌‌கொடுத்து விட்டு, என் சாயலையும் நாணத்தையும் அவர் என்னிடமிருந்து பெற்றுக் கொண்டார்.","He gave': this sickly hue thus proudly speaks,
Then climbs, and all my frame its chariot makes. < br> Sallowness, as if proud of having been caused by him, would now ride on my person.",The Pallid Hue,பசப்புறு பருவரல்,கற்பியல் ,The Post-marital love,LOVE,இன்பத்துப்பால்
1183,சாயலும் நாணும் அவர்கொண்டார் கைம்மாறா நோயும் பசலையும் தந்து,"He seized my beauty and modesty
Leaving pangs and Pallor to me.",யான் அவருடைய நல்லியல்புகளை நினைக்கின்றேன்; யான் உரைப்பதும் அவற்றையே; அவ்வாறிருந்தும் பசலை வந்தது வஞ்சனையோ? வேறு வகையோ?,"Of comeliness and shame he me bereft,
While pain and sickly hue, in recompense, he left.
He has taken (away) my beauty and modesty, and given me instead disease and sallowness.
",The Pallid Hue,பசப்புறு பருவரல்,கற்பியல் ,The Post-marital love,LOVE,இன்பத்துப்பால்
1184,உள்ளுவன் மன்யான் உரைப்ப தவர்திறமால் கள்ளம் பிறவோ பசப்பு,"He is my thought, his praise my theme
Yet this pallor steals over my frame. ",அதோ பார்! எம்முடைய காதலர் பிரிந்து செல்கின்றார்; இதோ பார்! என்னுடைய மேனியில் பசலை நிறம் வந்து படர்கிறது.,"I meditate his words, his worth is theme of all I say,
This sickly hue is false that would my trust betray.
I think (of him); and what I speak about is but his excellence; still is there sallowness; and this is
deceitful.
",The Pallid Hue,பசப்புறு பருவரல்,கற்பியல் ,The Post-marital love,LOVE,இன்பத்துப்பால்
1185,உவக்காணெம் காதலர் செல்வார் இவக்காணென் மேனி பசப்பூர் வது,"My lover departed me there
And pallor usurped my body here.","விளக்கினுடைய மறைவைப் பார்த்துக் காத்திருக்கின்ற இருளைப் போலவே, தலைவனுடைய தழுவுதலின் ‌சோர்வைப் பார்த்துக் காத்திருக்கினறது.","My lover there went forth to roam;
This pallor of my frame usurps his place at home.
Just as my lover departed then, did not sallowness spread here on my person ?
",The Pallid Hue,பசப்புறு பருவரல்,கற்பியல் ,The Post-marital love,LOVE,இன்பத்துப்பால்
1186,விளக்கற்றம் பார்க்கும் இருளேபோல் கொண்கண் முயக்கற்றம் பார்க்கும் பசப்பு,"Just as darkness waits for light-off
Pallor looks for lover's arms-off.",தலைவனைத் தழுவிக் கிடந்தேன்; பக்கத்தே சிறிது அகன்றேன்; அவ்வளவிலேயே பசலை நிறம் அள்ளிக் கொள்வதுபோல் வந்து பரவி விட்டதே!,"As darkness waits till lamp expires, to fill the place,
This pallor waits till I enjoy no more my lord's embrace.
Just as darkness waits for the failing light; so does sallowness wait for the laxity of my husband's intercourse.
",The Pallid Hue,பசப்புறு பருவரல்,கற்பியல் ,The Post-marital love,LOVE,இன்பத்துப்பால்
1187,புல்லிக் கிடந்தேன் புடைபெயர்ந்தேன் அவ்வளவில் அள்ளிக்கொள் வற்றே பசப்பு,"From his embrace I turned a nonce
This pallor swallowed me at once. ","இவள் பிரிவால் வருத்திப் பசலை நிறம் அடைந்தாள் என்ற பழி சொல்வதே அல்லாமல், இவளைக் காதலர் விட்டுப் பிரிந்தார் என்று சொல்பவர் இல்லையே!","I lay in his embrace, I turned unwittingly;
Forthwith this hue, as you might grasp it, came on me.
I who was in close embrace just turned aside and the moment I did so, sallowness came on me like something to be seized on.
",The Pallid Hue,பசப்புறு பருவரல்,கற்பியல் ,The Post-marital love,LOVE,இன்பத்துப்பால்
1188,பசந்தாள் இவளென்ப தல்லால் இவளைத் துறந்தார் அவரென்பார் இல்,"On my pallor they cast a slur
But none says ""lo he parted her"". ","பிரிவுக்கு உடன்படச் செய்த காதலர் நல்ல நிலையுடையவர் ஆவார் என்றால், என்னுடைய மேனி உள்ளபடி பசலை நிறம் அடைவதாக.","On me, because I pine, they cast a slur;
But no one says, 'He first deserted her.'
Besides those who say ""she has turned sallow"" there are none who say ""he has forsaken her"".
",The Pallid Hue,பசப்புறு பருவரல்,கற்பியல் ,The Post-marital love,LOVE,இன்பத்துப்பால்
1189,பசக்கமற் பட்டாங்கென் மேனி நயப்பித்தார் நன்னிலையர் ஆவர் எனின்,"Let all my body become pale
If he who took my leave fares well.","பிரிவுக்கு உடன்படச் செய்த காதலர் பிரிந்து வருத்துதலைப் பிறர் தூற்றாமல் இருப்பாரானால், யான் பசலை உற்றதாக பெயர் எடுத்தல் நல்லதே.","Well! let my frame, as now, be sicklied o'er with pain,
If he who won my heart's consent, in good estate remain!
If he is clear of guilt who has conciliated me (to his departure) let my body suffer its due and turn sallow.
",The Pallid Hue,பசப்புறு பருவரல்,கற்பியல் ,The Post-marital love,LOVE,இன்பத்துப்பால்
1190,பசப்பெனப் பேர்பெறுதல் நன்றே நயப்பித்தார் நல்காமை தூற்றார் எனின்,"Let people call me all pallid
But my lover let them not deride.  ","தாம் விரும்பும் காதலர் தம்மை விரும்புகின்ற பேறு பெற்றவர், காதல் வாழ்க்கையின் பயனாகிய விதை இல்லாத பழத்தைப் பெற்றவரே ஆவார்.","Tis well, though men deride me for my sickly hue of pain;
If they from calling him unkind, who won my love, refrain.
It would be good to be said of me that I have turned sallow, if friends do not reproach with unkindness him who pleased me (then).",The Pallid Hue,பசப்புறு பருவரல்,கற்பியல் ,The Post-marital love,LOVE,இன்பத்துப்பால்
1191,தாம்வீழ்வார் தம்வீழப் பெற்றவர் பெற்றாரே காமத்துக் காழில் கனி,"Stoneless fruit of love they have
Who are beloved by those they love.","தம்மை விரும்புகின்றவர்க்குக் காதலர் அளிக்கும் அன்பு, உயிர் வாழ்கினறவர்க்கு மேகம் மழை பெய்து காப்பாற்றுதலைப் போன்றது.","The bliss to be beloved by those they love who gains,
Of love the stoneless, luscious fruit obtains.
The women who are beloved by those whom they love, have they have not got the stone-less fruit of sexual delight ?",The Solitary Anguish,தனிப்படர்மிகுதி,கற்பியல் ,The Post-marital love,LOVE,இன்பத்துப்பால்
1192,வாழ்வார்க்கு வானம் பயந்தற்றால் வீழ்வார்க்கு வீழ்வார் அளிக்கும் அளி,"The lover - and -beloved's self-givings
Are like rains to living beings. ",காதலரால் விரும்பப்படுகின்றவர்க்கும் ( பிரிவுத் துன்பம் இருந்தாலும்) மீண்டும் வந்தபின் வாழ்வோம் என்று இருக்கும் செருக்குத் தகும்.,"As heaven on living men showers blessings from above,
Is tender grace by lovers shown to those they love.
The bestowal of love by the beloved on those who love them is like the rain raining (at the proper season) on those who live by it.
",The Solitary Anguish,தனிப்படர்மிகுதி,கற்பியல் ,The Post-marital love,LOVE,இன்பத்துப்பால்
1193,வீழுநர் வீழப் படுவார்க் கமையுமே வாழுநம் என்னும் செருக்கு,"The pride of living is for those
Whose love is returned by love so close.",தாம் விரும்பும் காதலரால் விரும்பப்படாவிட்டால் உலகத்தாரால் விரும்பப்படும் நிலையில் உள்ளவரும் நல்வினை பொருந்தியவர் அல்லர்.,"Who love and are beloved to them alone
Belongs the boast, 'We've made life's very joys our own.'
The pride that says ""we shall live"" suits only those who are loved by their beloved (husbands).
",The Solitary Anguish,தனிப்படர்மிகுதி,கற்பியல் ,The Post-marital love,LOVE,இன்பத்துப்பால்
1194,வீழப் படுவார் கெழீஇயிலர் தாம்வீழ்வார் வீழப் படாஅர் எனின்,"Whose love is void of love in turn
Are luckless with all esteems they earn.","நாம் காதல் கொண்ட காதலர் தாமும் அவ்வாறே நம்மிடம் காதல் கொள்ளாதபோது, நமக்கு அவர் என்ன நன்மை செய்வார்?","Those well-beloved will luckless prove,
Unless beloved by those they love.
Even those who are esteemed (by other women) are devoid of excellence, if they are not loved by their beloved.
",The Solitary Anguish,தனிப்படர்மிகுதி,கற்பியல் ,The Post-marital love,LOVE,இன்பத்துப்பால்
1195,நாம்காதல் கொண்டார் நமக்கெவன் செய்பவோ தாம்காதல் கொள்ளாக் கடை,"What can our lover do us now
If he does not requite our love?   ",காதல் ஒரு பக்கமாக இருத்தல் துன்பமானது; காவடியின் பாரம் போல் இருபக்கமாகவும் ஒத்திருப்பது இன்பமானதாகும்.,"From him I love to me what gain can be,
Unless, as I love him, he loveth me?
He who is beloved by me, what will he do to me, if I am not beloved by him ?
",The Solitary Anguish,தனிப்படர்மிகுதி,கற்பியல் ,The Post-marital love,LOVE,இன்பத்துப்பால்
1196,ஒருதலையான் இன்னாது காமங்காப் போல இருதலை யானும் இனிது,"One sided pains; love in both souls
Poises well like shoulder poles.","( காதலர் இருவரிடத்திலும் ஒத்திருக்காமல்) ஒருவரிடத்தில் மட்டும் காமன் நின்று இயங்குவதால், என்னுடைய துன்பத்தையும் வருத்தத்தையும் அறியானோ?","Love on one side is bad; like balanced load
By porter borne, love on both sides is good.
Lust, like the weight of the KAVADI, pains if it lies in one end only but pleases if it is in both.
",The Solitary Anguish,தனிப்படர்மிகுதி,கற்பியல் ,The Post-marital love,LOVE,இன்பத்துப்பால்
1197,பருவரலும் பைதலும் காணான்கொல் காமன் ஒருவர்கண் நின்றொழுகு வான்,"This cupid aims at me alone;
Knows he not my pallor and pain?",தான் விரும்பும் காதலரின் இனிய சொல்லைப் பெறாமல் உலகத்தில் ( பிரிவுத் துன்பத்தைப் பொறுத்து) வாழ்கின்றவரைப் போல் வன்கண்மை உடையவர் இல்லை.,"While Kaman rushes straight at me alone,
Is all my pain and wasting grief unknown?
Would not cupid who abides and contends in one party (only) witness the pain and sorrow (in that party)?
",The Solitary Anguish,தனிப்படர்மிகுதி,கற்பியல் ,The Post-marital love,LOVE,இன்பத்துப்பால்
1198,வீழ்வாரின் இன்சொல் பெறாஅ துலகத்து வாழ்வாரின் வன்கணார் இல்,"None is so firm as she who loves
Without kind words from whom she dotes.","யான் விரும்பிய காதலர் மீண்டு வந்து அன்பு செய்யமாட்டார் என்றாலும், அவரைப் பற்றிய புகழைக் ‌கேட்பதும் என் செவிக்கு இன்பமாக இருக்கின்றது.","Who hear from lover's lips no pleasant word from day to day,
Yet in the world live out their life,- no braver souls than they!
There is no one in the world so hard-hearted as those who can live without receiving (even) a kind word from their beloved.",The Solitary Anguish,தனிப்படர்மிகுதி,கற்பியல் ,The Post-marital love,LOVE,இன்பத்துப்பால்
1199,நசைஇயார் நல்கார் எனினும் அவர்மாட் டிசையும் இனிய செவிக்கு,"The lover accords not my desires
And yet his words sweeten my ears.",நெஞ்சமே! நீ வாழி! அன்பு இல்லாதவரிடம் உன் மிகுந்த துன்பத்தைச் சொல்கின்றாய்! அதை விட எளிதாகக் கடலைத் தூர்ப்பாயாக.,"Though he my heart desires no grace accords to me,
Yet every accent of his voice is melody.
Though my beloved bestows no love on one, still are his words sweet to my ears.
",The Solitary Anguish,தனிப்படர்மிகுதி,கற்பியல் ,The Post-marital love,LOVE,இன்பத்துப்பால்
1200,உறாஅர்க் குறுநோய் உரைப்பாய் கடலைச் செறாஅஅய் வாழிய நெஞ்சு,"You tell your grief to listless he
Bless my heart! rather fill up sea!   ",நினைத்தாலும் தீராத பெரிய மகிழ்ச்சியைச் செய்தலால் ( உண்டபோது மட்டும் மகிழ்ச்சி தரும் ) கள்ளை விட காமம் இன்பமானதாகும்.,"Tell him thy pain that loves not thee?
Farewell, my soul, fill up the sea!
Live, O my soul, would you who relate your great sorrow to strangers, try rather to fill up your own sea (of sorrow).",The Solitary Anguish,தனிப்படர்மிகுதி,கற்பியல் ,The Post-marital love,LOVE,இன்பத்துப்பால்
1201,உள்ளினும் தீராப் பெருமகிழ் செய்தலால் கள்ளினும் காமம் இனிது,"Love is sweeter than wine; for vast
Is its delight at very thought. ",தாம் விரும்புகின்ற காதலர் தம்மை நினைத்தலும் பிரிவால் வரக்கூடிய துன்பம் இல்லாமல் போகின்றது. அதனால் காமம் எவ்வளவாயினும் இன்பம் தருவதே ஆகும்.,"From thought of her unfailing gladness springs,
Sweeter than palm-rice wine the joy love brings.
Sexuality is sweeter than liquor, because when remembered, it creates a most rapturous delight.
",Sad Memories,நினைந்தவர்புலம்பல்,கற்பியல் ,The Post-marital love,LOVE,இன்பத்துப்பால்
1202,எனைத்தொன் றினிதேகாண் காமந்தாம் வீழ்வார் நினைப்ப வருவதொன் றில்,"Pains are off at the lover's thought
In all aspects this love is sweet. ",தும்மல் வருவது போலிருந்து வாராமல் அடங்குகின்றதே! என் காதலர் என்னை நினைப்பவர் போலிருந்து நினையாமல் விடுகின்றாரோ?,"How great is love! Behold its sweetness past belief!
Think on the lover, and the spirit knows no grief.
Even to think of one's beloved gives one no pain. Sexuality, in any degree, is always delightful.
",Sad Memories,நினைந்தவர்புலம்பல்,கற்பியல் ,The Post-marital love,LOVE,இன்பத்துப்பால்
1203,நினைப்பவர் போன்று நினையார்கொல் தும்மல் சினைப்பது போன்று கெடும்,"To sneeze I tried hence but could not
Me he tried to think but did not.",எம்முடைய நெஞ்சில் காதலராகிய அவர் இருக்கின்றாரே! ( அது போலவே) யாமும் அவருடைய நெஞ்சத்தில் நீங்காமல் இருக்கின்றோ‌மோ?,"A fit of sneezing threatened, but it passed away;
He seemed to think of me, but do his fancies stray?
I feel as if I am going to sneeze but do not, and (therefore) my beloved is about to think (of me) but does not.
",Sad Memories,நினைந்தவர்புலம்பல்,கற்பியல் ,The Post-marital love,LOVE,இன்பத்துப்பால்
1204,யாமும் உளேங்கொல் அவர்நெஞ்சத் தெந்நெஞ்சத் தோஒ உளரே அவர்,"Have I a place within his heart?
Ah from mine he will never depart. ","தம்முடைய நெஞ்சில் எம்மை வரவிடாது காவல் கொண்ட காதலர், எம்முடைய நெஞ்சில் தாம் ஓயாமல் வரவதைப் பற்றி நாணமாட்டாரோ?","Have I a place within his heart!
From mine, alas! he never doth depart.
He continues to abide in my soul, do I likewise abide in his ?
",Sad Memories,நினைந்தவர்புலம்பல்,கற்பியல் ,The Post-marital love,LOVE,இன்பத்துப்பால்
1205,தம்நெஞ்சத் தெம்மைக் கடிகொண்டார் நாணார்கொல் எம்நெஞ்சத் தோவா வரல்,"Shame! My heart often he enters
Banning me entry into his. ",காதலராகிய அவரோடு யான் பொருந்தியிருந்த நாட்களை நினைத்துக் கொள்வதால்தான் உயிரோடு இருக்கின்றேன்; வேறு எதனால் உயிர் வாழ்கின்றேன்?,"Me from his heart he jealously excludes:
Hath he no shame who ceaseless on my heart intrudes?
He who has imprisoned me in his soul, is he ashamed to enter incessantly into mine.
",Sad Memories,நினைந்தவர்புலம்பல்,கற்பியல் ,The Post-marital love,LOVE,இன்பத்துப்பால்
1206,மற்றியான் என்னுளேன் மன்னோ அவரொடுயான் உற்றநாள் உள்ள உளேன்,"Beyond the thought of life with him
What else of life can I presume?   ",( காதலரை ) மறந்தறியாமல் நினைத்தாலும் உள்ளத்தைப் பிரிவுத் துன்பம் சுடுகின்றதே! நினைக்காமல் மறந்து விட்டால் என்ன ஆவேனோ?,"How live I yet? I live to ponder o'er
The days of bliss with him that are no more.
I live by remembering my (former) intercourse with him; if it were not so, how could I live ?
",Sad Memories,நினைந்தவர்புலம்பல்,கற்பியல் ,The Post-marital love,LOVE,இன்பத்துப்பால்
1207,மறப்பின் எவனாவன் மற்கொல் மறப்பறியேன் உள்ளினும் உள்ளம் சுடும்,"What will happen if I forget
When his memory burns my heart? ",காதலரை எவ்வளவு மிகுதியாக நினைத்தாலும் அவர் என்மேல் சினங்கொள்ளார்; காதலர் செய்யும் சிறந்த உதவி அத்தன்மையானது அன்றோ!,"If I remembered not what were I then? And yet,
The fiery smart of what my spirit knows not to forget!
I have never forgotten (the pleasure); even to think of it burns my soul; could I live, if I should ever forget it ?
",Sad Memories,நினைந்தவர்புலம்பல்,கற்பியல் ,The Post-marital love,LOVE,இன்பத்துப்பால்
1208,எனைத்து நினைப்பினும் காயார் அனைத்தன்றோ காதலர் செய்யும் சிறப்பு,"I bring him to ceaseless memory
He chides not; and thus honours me. ",நாம் இருவரும் வேறு அல்லேம் என்று அடிக்கடி சொல்லும் அவர் இப்போது அன்பு இல்லாதிருத்தலை மிக நினைத்து என் இனிய உயிர் அழிகின்றது.,"My frequent thought no wrath excites. It is not so?
This honour doth my love on me bestow.
He will not be angry however much I may think of him; is it not so much the delight my beloved affords me ?
",Sad Memories,நினைந்தவர்புலம்பல்,கற்பியல் ,The Post-marital love,LOVE,இன்பத்துப்பால்
1209,விளியுமென் இன்னுயிர் வேறல்லம் என்பார் அளியின்மை ஆற்ற நினைந்து,"Dear life ebbs away by thought
Of him who said we are one heart.   ",தி்ங்களே! பிரியாமல் இருந்து இறுதியில் பிரிந்து சென்ற காதலரை என் கண்ணால் தேடிக் காணும்படியாக நீ மறைந்து விடாமல் இருப்பாயாக!,"Dear life departs, when his ungracious deeds I ponder o'er,
Who said erewhile, 'We're one for evermore'.
My precious life is wasting away by thinking too much on the cruelty of him who said we were not different.
",Sad Memories,நினைந்தவர்புலம்பல்,கற்பியல் ,The Post-marital love,LOVE,இன்பத்துப்பால்
1210,விடாஅது சென்றாரைக் கண்ணினால் காணப் படாஅதி வாழி மதி,"Hail moon! Set not so that I find
Him who left me but not my mind.",( யான் பிரிவால் வருந்தி உறங்கியபோது) காதலர் அனுப்பிய தூதோடு வந்த கனவுக்கு உரிய விருந்தாக என்ன செய்து உதவுவேன்?,"Set not; so may'st thou prosper, moon! that eyes may see
My love who went away, but ever bides with me.
May you live, O Moon! Do not set, that I mine see him who has departed without quitting my soul.",Sad Memories,நினைந்தவர்புலம்பல்,கற்பியல் ,The Post-marital love,LOVE,இன்பத்துப்பால்
1211,காதலர் தூதொடு வந்த கனவினுக் கியாதுசெய் வேன்கொல் விருந்து,"How shall I feast this dream-vision
That brings the beloved's love-mission? ","கண்கள் யான் வேண்டுவதுபோல் தூங்குமானால், ( அப்போது வரும் கனவில் காணும்) காதலர்க்கு யான் தப்பிப் பிழைத்திருக்கும்‌ தன்மையைச் சொல்வேன்.","It came and brought to me, that nightly vision rare,
A message from my love,- what feast shall I prepare?
Where with shall I feast the dream which has brought me my dear one's messenger ?",The Visions of the Night,கனவு நிலையுரைத்தல்,கற்பியல் ,The Post-marital love,LOVE,இன்பத்துப்பால்
1212,கயலுண்கண் யானிரப்பத் துஞ்சின் கலந்தார்க் குயலுண்மை சாற்றுவேன் மன்,"I beg these fish-like dark eyes sleep
To tell my lover how life I keep",நனவில் வந்து அன்பு செய்யாத காதலரைக் கனவில் காண்பதால்தான் என்னுடைய உயிர் இன்னும் நீங்காமல் உள்ளதாகின்றது.,"If my dark, carp-like eye will close in sleep, as I implore,
The tale of my long-suffering life I'll tell my loved one o'er.
If my fish-like painted eyes should, at my begging, close in sleep, I could fully relate my sufferings to my lord.
",The Visions of the Night,கனவு நிலையுரைத்தல்,கற்பியல் ,The Post-marital love,LOVE,இன்பத்துப்பால்
1213,நனவினான் நல்கா தவரைக் கனவினால் காண்டலின் உண்டென் உயிர்,"In wakeful hours who sees me not
I meet in dreams and linger yet.   ",நனவில் வந்து அன்பு செய்யாத காதலரைத் தேடி அழைத்துக் கொண்டு வருவதற்காகக் கனவில் அவரைப் பற்றிய காதல் நிகழ்ச்சிகள் உண்டாகின்றன.,"Him, who in waking hour no kindness shows,
In dreams I see; and so my lifetime goes!
My life lasts because in my dream I behold him who does not favour me in my waking hours.
",The Visions of the Night,கனவு நிலையுரைத்தல்,கற்பியல் ,The Post-marital love,LOVE,இன்பத்துப்பால்
1214,கனவினான் உண்டாகும் காமம் நனவினான் நல்காரை நாடித் தரற்கு,"In dreams I enjoy his love-bliss
Who in wakeful hours I miss. ",முன்பு நனவில் கண்ட இன்பமும் அப்பொழுது மட்டும் இனிதாயிற்று; இப்‌பொழுது காணும் கனவும் கண்ட பொழுது மட்டுமே இன்பமாக உள்ளது.,"Some pleasure I enjoy when him who loves not me
In waking hours, the vision searches out and makes me see.
There is pleasure in my dream, because in it I seek and obtain him who does not visit me in my wakefulness.
",The Visions of the Night,கனவு நிலையுரைத்தல்,கற்பியல் ,The Post-marital love,LOVE,இன்பத்துப்பால்
1215,நனவினாற் கண்டதூஉம் ஆங்கே கனவுந்தான் கண்ட பொழுதே இனிது,"Dream-sight of him delights at once
Awake- What of seeing him -hence.  ","நனவு என்று சொல்லப்படுகின்ற ஒன்று இல்லாதிருக்குமானால், கனவில் வந்த காதலர் என்னை விட்டுப் பிரியாமலே இருப்பர்.","As what I then beheld in waking hour was sweet,
So pleasant dreams in hour of sleep my spirit greet.
I saw him in my waking hours, and then it was pleasant; I see him just now in my dream, and it is (equally) pleasant.",The Visions of the Night,கனவு நிலையுரைத்தல்,கற்பியல் ,The Post-marital love,LOVE,இன்பத்துப்பால்
1216,நனவென ஒன்றில்லை ஆயின் கனவினாற் காதலர் நீங்கலர் மன்,"If wakeful hours cometo nought
My lov'r in dreams would nev'r depart ","நனவில் வந்து எமக்கு அன்பு செய்யாத கொடுமை உடைய அவர், கனவில் வந்து எம்மை வருத்துவது என்ன காரணத்தால்?","And if there were no waking hour, my love
In d reams would never from my side remove.
Were there no such thing as wakefulness, my beloved (who visited me) in my dream would not depart from me.
",The Visions of the Night,கனவு நிலையுரைத்தல்,கற்பியல் ,The Post-marital love,LOVE,இன்பத்துப்பால்
1217,நனவினான் நல்காக் கொடியார் கனவினான் என்னெம்மைப் பீழிப் பது,"Awake he throws my overtures
Adream, ah cruel! he tortures! ","தூங்கும்போது கனவில் வந்து என் தோள்மேல் உள்ளவராகி, விழி்த்தெழும்போது விரைந்து என் நெஞ்சில் உள்ளவராகிறார்‌.","The cruel one, in waking hour, who all ungracious seems,
Why should he thus torment my soul in nightly dreams?
The cruel one who would not favour me in my wakefulness, what right has he to torture me in my dreams?
",The Visions of the Night,கனவு நிலையுரைத்தல்,கற்பியல் ,The Post-marital love,LOVE,இன்பத்துப்பால்
1218,துஞ்சுங்கால் தோள்மேலர் ஆகி விழிக்குங்கால் நெஞ்சத்தார் ஆவர் விரைந்து,"Asleep he embraces me fast;
Awake he enters quick my heart. ","கனவில் காதலர் வரக் காணாத மகளிர், நனவில் வந்து அன்பு செய்யாத கா‌தலரை ( அவர் வராத காரணம் பற்றி ) நொந்து கொள்வர்.","And when I sleep he holds my form embraced;
And when I wake to fill my heart makes haste!
When I am asleep he rests on my shoulders, (but) when I awake he hastens into my soul.
",The Visions of the Night,கனவு நிலையுரைத்தல்,கற்பியல் ,The Post-marital love,LOVE,இன்பத்துப்பால்
1219,நனவினான் நல்காரை நோவர் கனவினான் காதலர்க் காணா தவர்,"In dreams who don't discern lovers
Rue their missing in wakeful hours",நனவில் நம்‌மை விட்டு நீங்கினார் என்று காதலரைப் பழித்து பேசுகின்றனரே! இந்த ஊரார் கனவில் அவரைக் காண்பதில்லையோ?,"In dreams who ne'er their lover's form perceive,
For those in waking hours who show no love will grieve.
They who have no dear ones to behold in their dreams blame him who visits me not in my waking hours.
",The Visions of the Night,கனவு நிலையுரைத்தல்,கற்பியல் ,The Post-marital love,LOVE,இன்பத்துப்பால்
1220,நனவினான் நம்நீத்தார் என்பர் கனவினான் காணார்கொல் இவ்வூ ரவர்,"The townsmen say he left me thus
In dreams failing to see him close",பொழுதே! நீ மாலைக்காலம் அல்ல; (காதலரோடு கூடியிருந்து பிறகு பிரிந்து வாழும்) மகளிரின் உயிரை உண்ணும் முடிவுக் காலமாக இருக்கினறாய்!,"They say, that he in waking hours has left me lone;
In dreams they surely see him not,- these people of the town;
The women of this place say he has forsaken me in my wakefulness. I think they have not seen him visit me in my dreams.",The Visions of the Night,கனவு நிலையுரைத்தல்,கற்பியல் ,The Post-marital love,LOVE,இன்பத்துப்பால்
1221,மாலையோ அல்லை மணந்தார் உயிருண்ணும் வேலைநீ வாழி பொழுது,"Bless you! you are not eventide
But killing dart to wedded bride! ",மயங்கிய மாலைப்‌பொழுதே! நீயும் எம்மைப்போல் துன்பப்படுகின்‌றாயே! உன் துணையும் எம் காதலர் போல் இரக்கம் அற்றதோ?,"Thou art not evening, but a spear that doth devour
The souls of brides; farewell, thou evening hour!
Live, O you evening are you (the former) evening? No, you are the season that slays (married) women.
",Lamentations at Eventide,பொழுதுகண்டிரங்கல்,கற்பியல் ,The Post-marital love,LOVE,இன்பத்துப்பால்
1222,புன்கண்ணை வாழி மருள்மாலை எங்கேள்போல் வன்கண்ண தோநின் துணை,"Hail sad eventide dim and grim
Has your mate like mine, cruel whim!   ",பனி தோன்றிப் பசந்த நிறம் கொண்ட மாலைப் பொழுது எனக்கு வருத்தம் ஏற்பட்டுத் துன்பம் மேன்மேலும் வளரும்படியாக வருகின்றது.,"Thine eye is sad; Hail, doubtful hour of eventide!
Of cruel eye, as is my spouse, is too thy bride?
A long life to you, O dark evening! You are sightless. Is your help-mate (also) as hard-hearted as mine.
",Lamentations at Eventide,பொழுதுகண்டிரங்கல்,கற்பியல் ,The Post-marital love,LOVE,இன்பத்துப்பால்
1223,பனியரும்பிப் பைதல்கொள் மாலை துனியரும்பித் துன்பம் வளர வரும்,"Wet eve came pale and trembling then
Now it makes bold with growing pain.","காதலர் இல்லாத இப்போது, கொலை செய்யும் இடத்தில் பகைவர் வருவது போல் மாலைப்பொழுது ( என் உயிரைக் கொள்ள) வருகின்றது.","With buds of chilly dew wan evening's shade enclose;
My anguish buds space and all my sorrow grows.
The evening that (once) came in with trembling and dimness (now) brings me an aversion for life and increasing sorrow.",Lamentations at Eventide,பொழுதுகண்டிரங்கல்,கற்பியல் ,The Post-marital love,LOVE,இன்பத்துப்பால்
1224,காதலர் இல்வழி மாலை கொலைக்களத் தேதிலர் போல வரும்,"Lover away, comes eventide
Like slayer to field of homicide.  ",யான் காலைப்பொழுதிற்குச் செய்த நன்மை என்ன? (என்னைத் துன்புறுத்துகின்ற) மாலைப் பொழுதிற்குச் செய்த பகையான தீமை என்ன?,"When absent is my love, the evening hour descends,
As when an alien host to field of battle wends.
In the absence of my lover, evening comes in like slayers on the field of slaughter.
",Lamentations at Eventide,பொழுதுகண்டிரங்கல்,கற்பியல் ,The Post-marital love,LOVE,இன்பத்துப்பால்
1225,காலைக்குச் செய்தநன் றென்கொல் எவன்கொல்யான் மாலைக்குச் செய்த பகை,"What good have I done to morning
And what evil to this evening?  ",மாலைப் பொழுது இவ்வாறு துன்பம் செய்ய வல்லது என்பதைக் காதலர் என்னை விட்டு அகலாமல் உடனிருந்த காலத்தில் யான் அறியவில்லை.,"O morn, how have I won thy grace? thou bring'st relief
O eve, why art thou foe! thou dost renew my grief.
What good have I done to morning (and) what evil to evening?
",Lamentations at Eventide,பொழுதுகண்டிரங்கல்,கற்பியல் ,The Post-marital love,LOVE,இன்பத்துப்பால்
1226,மாலைநோய் செய்தல் மணந்தார் அகலாத காலை அறிந்த திலேன்,"Evening pangs I have not known
When my lord nev'r left me alone.  ","இந்த காமநோய், காலைப்பொழுதில் அரும்பாய்த் தோன்றி, பகற்பொழுதெல்லாம் பேரரும்பாய் வளர்ந்து மாலைப்பொழுதில் மலராகின்றது.","The pangs that evening brings I never knew,
Till he, my wedded spouse, from me withdrew.
Previous to my husband's departure, I know not the painful nature of evening.
",Lamentations at Eventide,பொழுதுகண்டிரங்கல்,கற்பியல் ,The Post-marital love,LOVE,இன்பத்துப்பால்
1227,காலை அரும்பிப் பகலெல்லாம் போதாகி மாலை மலருமிந் நோய்,"Budding at dawn burgeoning all day
This disease blooms in evening gay. ","ஆயனுடைய புல்லாங்குழல், நெருப்புப்போல் வருத்தும்‌ மாலைப்பொழுதிற்குத் தூதாகி என்னைக் கொல்லும்‌‌ படையாகவும் வருகின்றது.","My grief at morn a bud, all day an opening flower,
Full-blown expands in evening hour.
This malady buds forth in the morning, expands all day long and blossoms in the evening.
",Lamentations at Eventide,பொழுதுகண்டிரங்கல்,கற்பியல் ,The Post-marital love,LOVE,இன்பத்துப்பால்
1228,அழல்போலும் மாலைக்குக் தூதாகி ஆயன் குழல்போலும் கொல்லும் படை,"A deadly arm, this shepherd's flute
Hails flaming eve and slays my heart.  ","அறிவு மயங்கும்படியாக மாலைப்பொழுது வந்து படரும்போது, இந்த ஊரும் மயங்கி என்னைப் போல் துன்பத்தால் வருந்தும்.","The shepherd's pipe is like a murderous weapon, to my ear,
For it proclaims the hour of ev'ning's fiery anguish near.
The shepherd's flute now sounds as a fiery forerunner of night, and is become a weapon that slays (me).
",Lamentations at Eventide,பொழுதுகண்டிரங்கல்,கற்பியல் ,The Post-marital love,LOVE,இன்பத்துப்பால்
1229,பதிமருண்டு பைதல் உழக்கும் மதிமருண்டு மாலை படர்தரும் போழ்து,"Deluding eve if it prolongs
The whole town will suffer love-pangs.  ","( பிரிவுத் துன்பத்தால்) மாயமாய் நின்ற என் உயிர், பொருள் காரணமாகப் பிரிந்து சென்ற காதலரை நினைந்து மயங்குகின்ற இம் மாலைப்பொழுதில் மாய்கின்றது.","If evening's shades, that darken all my soul, extend;
From this afflicted town will would of grief ascend.
When night comes on confusing (everyone's) mind, the (whole) town will lose its sense and be plunged in sorrow.",Lamentations at Eventide,பொழுதுகண்டிரங்கல்,கற்பியல் ,The Post-marital love,LOVE,இன்பத்துப்பால்
1230,பொருள்மாலை யாளரை உள்ளி மருள்மாலை மாயுமென் மாயா உயிர்,"Thinking of him whose quest is wealth
My life outlives the twilight stealth. ",இத்துன்பத்தை நமக்கு விட்டு விட்டுத் தொலைவில் உள்ள நாட்டுக்குச் சென்ற காதலரை நினைந்து அழுதமையால் கண்கள் அழகு இழந்து நறுமலர்களுக்கு நாணி விட்டன.,"This darkening eve, my darkling soul must perish utterly;
Remembering him who seeks for wealth, but seeks not me.
My (hitherto) unextinguished life is now lost in this bewildering night at the thought of him who
has the nature of wealth.",Lamentations at Eventide,பொழுதுகண்டிரங்கல்,கற்பியல் ,The Post-marital love,LOVE,இன்பத்துப்பால்
1231,சிறுமை நமக்கொழியச் சேட்சென்றார் உள்ளி நறுமலர் நாணின கண்,"To lift from want he left me afar
His thought makes my eyes blush the flower.   ","பசலை நிறம் அடைந்து நீர் சொரியும் கண்கள், நாம் விரும்பிய காதலர் நமக்கு அன்பு செய்யாத தன்மையைப் ( பிறர்க்குச்) சொல்வன போல் உள்ளன.","Thine eyes grown dim are now ashamed the fragrant flow'rs to see,
Thinking on him, who wand'ring far, leaves us in misery.
While we endure the unbearable sorrow, your eyes weep for him who is gone afar, and shun (the
sight of) fragrant flowers.",Wasting Away,உறுப்புநலனழிதல்,கற்பியல் ,The Post-marital love,LOVE,இன்பத்துப்பால்
1232,நயந்தவர் நல்காமை சொல்லுவ போலும் பசந்து பனிவாரும் கண்,"My pale tearful eyes betray
The hardness of my husband, away","கூடியிருந்த காலத்தில் மகிழ்ந்து பூரித்திருந்த தோள்கள், ( இப்போது மெலிந்தும்) காதலருடைய பிரிவை நன்றாக அறிவிப்பவை போல் உள்ளன.","The eye, with sorrow wan, all wet with dew of tears,
As witness of the lover's lack of love appears.
The discoloured eyes that shed tears p rofusely seem to betray the unkindness of our beloved.
",Wasting Away,உறுப்புநலனழிதல்,கற்பியல் ,The Post-marital love,LOVE,இன்பத்துப்பால்
1233,தணந்தமை சால அறிவிப்ப போலும் மணந்தநாள் வீங்கிய தோள்,"These arms that swelled on nuptial day
Now shrunk proclaim ""He is away"".  ","துணைவர் விட்டு நீங்கியதால் பழைய அழகு கெட்டு வாடிய தோள்கள், பருத்த தன்மை கெட்டு மெலிந்து வளையல்களும் கழலச் செய்கின்றன.","These withered arms, desertion's pangs abundantly display,
That swelled with joy on that glad nuptial day.
The shoulders that swelled on the day of our union (now) seem to announce our separation clearly (to the public).",Wasting Away,உறுப்புநலனழிதல்,கற்பியல் ,The Post-marital love,LOVE,இன்பத்துப்பால்
1234,பணைநீங்கிப் பைந்தொடி சோரும் துணைநீங்கித் தொல்கவின் வாடிய தோள்,"Bracelets slip off the arms that have
Lost old beauty for He took leave.  ","வளையல்களும் கழன்று பழைய அழகும் கெட்டு, வாடிய தோள்கள் (என் துன்பம் உணராத) கொடியவரி்ன கொடுமையைப் பிறர் அறியச் சொல்கின்றன.","When lover went, then faded all their wonted charms,
And armlets' golden round slips off from these poor wasted arms.
In the absence of your consort, your shoulders having lost their former beauty and fulness, your bracelets of pure gold have become loose.",Wasting Away,உறுப்புநலனழிதல்,கற்பியல் ,The Post-marital love,LOVE,இன்பத்துப்பால்
1235,கொடியார் கொடுமை உரைக்கும் தொடியொடு தொல்கவின் வாடிய தோள்,"Bereft of bracelets and old beauty
Arms tell the cruel's cruelty.  ",வளையல்கள் கழன்று தோள்களும் மெலிவடைவதால் (அவற்றைக் காண்போர்) காதலரைக் கொடியவர் என்று கூறுவதைக் கேட்டு வருந்துகின்றேன்.,"These wasted arms, the bracelet with their wonted beauty gone,
The cruelty declare of that most cruel one.
The (loosened) bracelets, and the shoulders from which the old beauty has faded, relate the cruelty of the pitiless one.",Wasting Away,உறுப்புநலனழிதல்,கற்பியல் ,The Post-marital love,LOVE,இன்பத்துப்பால்
1236,தொடியொடு தோள்நேகிழ நோவல் அவரைக் கொடியார் எனக்கூறல் நொந்து,"Arms thin, armlets loose make you call
My sire cruel; that pains my soul. ","நெஞ்சே! கொடியவர் என்று சொல்லப்படுகின்ற காதலர்க்கு என் மெலிந்த தோள்களின் ஆரவாரத்தை உரைத்து, அந்த உதவியால் பெருமை அடைவாயோ?","I grieve, 'tis pain to me to hear him cruel chid,
Because the armlet from my wasted arm has slid.
I am greatly pained to hear you call him a cruel man, just because your shoulders are reduced and your bracelets loosened.",Wasting Away,உறுப்புநலனழிதல்,கற்பியல் ,The Post-marital love,LOVE,இன்பத்துப்பால்
1237,பாடு பெறுதியோ நெஞ்சே கொடியார்க்கென் வாடுதோட் பூசல் உரைத்து,"Go and tell the cruel, O mind
Bruit ov'r my arms and glory find.   ","தழுவிய கை‌களைத் தளர்த்தியவுடனே, பைந்தொடி அணிந்த காதலியின் நெற்றி, ( அவ்வளவு சிறியதாகிய பிரிவையும் பொறுக்காமல்) பசலை நிறம் அடைந்தது.","My heart! say ought of glory wilt thou gain,
If to that cruel one thou of thy wasted arms complain?
Can you O my soul! gain glory by relating to the (so-called) cruel one the clamour of my fading shoulders?
",Wasting Away,உறுப்புநலனழிதல்,கற்பியல் ,The Post-marital love,LOVE,இன்பத்துப்பால்
1238,முயங்கிய கைகளை ஊக்கப் பசந்தது பைந்தொடிப் பேதை நுதல்,"The front of this fair one O paled
As my clasping arms loosed their hold.  ","தழுவுதலுக்கு இடையே குளி்ந்த காற்று நுழைய, காதலியின் பெரிய மழை போன்ற கண்கள் பசலை நிறம் அடைந்தன.","One day the fervent pressure of embracing arms I checked,
Grew wan the forehead of the maid with golden armlet decked.
When I once loosened the arms that were in embrace, the forehead of the gold-braceleted women turned sallow.",Wasting Away,உறுப்புநலனழிதல்,கற்பியல் ,The Post-marital love,LOVE,இன்பத்துப்பால்
1239,முயக்கிடைத் தண்வளி போழப் பசப்புற்ற பேதை பெருமழைக் கண்,"Cool breeze crept between our embrace
Her large rain-cloud-eyes paled at once. ","காதலியின் ஒளி பொருந்திய நெற்றி, பசலை நிறம் உற்றதைக் கண்டு, அவளுடைய க்ண்களில் பசலையும் துன்பம் அடைந்து விட்டது.","As we embraced a breath of wind found entrance there;
The maid's large liquid eyes were dimmed with care.
When but a breath of breeze penetrated our embrace, her large cool eyes became sallow.
",Wasting Away,உறுப்புநலனழிதல்,கற்பியல் ,The Post-marital love,LOVE,இன்பத்துப்பால்
1240,கண்ணின் பசப்போ பருவரல் எய்தின்றே ஒண்ணுதல் செய்தது கண்டு,"Pale eyes pained seeing the pallor
Of the bright forehead of this fair.",நெஞ்சே! ( காதலால் வளர்ந்த) இத் துன்ப நோயைத் தீர்க்கும் மருந்து ஏதாவது ஒன்றை நீ நினைத்துப் பார்த்து எனக்குச் சொல்ல மாட்டாயோ?,"The dimness of her eye felt sorrow now,
Beholding what was done by that bright brow.
Was it at the sight of what the bright forehead had done that the sallowness of her eyes became sad?",Wasting Away,உறுப்புநலனழிதல்,கற்பியல் ,The Post-marital love,LOVE,இன்பத்துப்பால்
1241,நினைத்தொன்று சொல்லாயோ நெஞ்சே எனைத்தொன்றும் எவ்வநோய் தீர்க்கு மருந்து,"Think of, O heart, some remedy
To cure this chronic malady.  ","என் நெஞ்சே! வாழ்க! அவர் நம்மிடம் காதல் இல்லாதவராக இருக்க, நீ மட்டும் அவரை நினைந்து வருந்துவது உன் அறியாமையே!","My heart, canst thou not thinking of some med'cine tell,
Not any one, to drive away this grief incurable?
O my soul, will you not think and tell me some medicine be it what it may, that can cure this incurable malady?
",Soliloquy,நெஞ்சொடுகிளத்தல்,கற்பியல் ,The Post-marital love,LOVE,இன்பத்துப்பால்
1242,காத லவரிலர் ஆகநீ நோவது பேதமை வாழியென் நெஞ்சு,"Bless O mind! you pine in vain
For me he has no love serene. ",நெஞ்சே (என்னுடன்) இருந்து அவரை நினைந்து வருந்துவது ஏன்? இந்தத் துன்பநோயை உண்டாக்கியவரிடம் இவ்வாறு அன்பு கொண்டு நினைக்கும் தன்மை இல்லையே!,"Since he loves not, thy smart
Is folly, fare thee well my heart!
May you live, O my soul! While he is without love, for you to suffer is (simple) folly.
",Soliloquy,நெஞ்சொடுகிளத்தல்,கற்பியல் ,The Post-marital love,LOVE,இன்பத்துப்பால்
1243,இருந்துள்ளி என்பரிதல் நெஞ்சே பரிந்துள்ளல் பைதல்நோய் செய்தார்கண் இல்,"O mind, why pine and sit moody?
Who made you so pale lacks pity.   ",நெஞ்சே! நீ அவரிடம் செல்லும்போது என் கண்களையும் உடன் கொண்டு செல்வாயாக; அவரைக் காணவேண்டும் என்று இவை என்னைப் பிடுங்கித் தின்கின்றன.,"What comes of sitting here in pining thought, O heart? He knows
No pitying thought, the cause of all these wasting woes.
O my soul! why remain (here) and suffer thinking (of him)? There are no lewd thoughts (of you) in him who has caused you this disease of sorrow.
",Soliloquy,நெஞ்சொடுகிளத்தல்,கற்பியல் ,The Post-marital love,LOVE,இன்பத்துப்பால்
1244,கண்ணும் கொளச்சேறி நெஞ்சே இவையென்னைத் தின்னும் அவர்க்காணல் உற்று,"Take these eyes and meet him, O heart
Or their hunger will eat me out.",நெஞ்சே! யாம் விரும்பி நாடினாலும் எம்மை நாடாத அவர் நம்மை வெறுத்து விட்டார் என்று எண்ணிக் கைவிட முடியும‌ோ?,"O rid me of these eyes, my heart; for they,
Longing to see him, wear my life away.
O my soul! take my eyes also with you, (if not), these would eat me up (in their desire) to see him.
",Soliloquy,நெஞ்சொடுகிளத்தல்,கற்பியல் ,The Post-marital love,LOVE,இன்பத்துப்பால்
1245,செற்றார் எனக்கை விடலுண்டோ நெஞ்சேயாம் உற்றால் உறாஅ தவர்,"He spurns our love and yet, O mind,
Can we desert him as unkind? ",என் நெஞ்சே! ஊடியபோது கூடி ஊடல் உணர்த்த வல்ல காதலரைக் கண்டபோது நீ பிணங்கி உணர மாட்டாய்; பொய்யான சினங்கொண்டு காய்கினறாய்.,"O heart, as a foe, can I abandon utterly
Him who, though I long for him, longs not for me?
O my soul! can he who loves not though he is beloved, be forsaken saying he hates me (now)?
",Soliloquy,நெஞ்சொடுகிளத்தல்,கற்பியல் ,The Post-marital love,LOVE,இன்பத்துப்பால்
1246,கலந்துணர்த்தும் காதலர்க் கண்டாற் புலந்துணராய் பொய்க்காய்வு காய்தியென் நெஞ்சு,"Wrath is false, O heart, face-to face.
Sans huff, you rush to his sweet embrace.",நல்ல நெஞ்சே! ஒன்று காமத்தை விட்டு விடு; அல்லது நாணத்தை விட்டு விடு; இந்த இரண்டையும் பொறுத்துக் கொண்டிருக்க என்னால் முடியாது.,"My heart, false is the fire that burns; thou canst not wrath maintain,
If thou thy love behold, embracing, soothing all thy pain.
O my soul! when you see the dear one who remove dislike by intercourse, you are displeased and continue to be so. Nay, your displeasure is (simply) false.
",Soliloquy,நெஞ்சொடுகிளத்தல்,கற்பியல் ,The Post-marital love,LOVE,இன்பத்துப்பால்
1247,காமம் விடுவொன்றோ நாண்விடு நன்னெஞ்சே யானோ பொறேனிவ் விரண்டு,"Off with love O mind, or shame
I cannot endure both of them.  ",என் நெஞ்சே! பிரிவுத் துன்பத்தால் வருந்தி அவர் வந்து அன்பு செய்ய வில்லையே என்று ஏங்கி பிரிந்தவரின் பின் செல்கின்றாய் பேதை.,"Or bid thy love, or bid thy shame depart;
For me, I cannot bear them both, my worthy heart!
O my good soul, give up either lust or honour, as for me I can endure neither.
",Soliloquy,நெஞ்சொடுகிளத்தல்,கற்பியல் ,The Post-marital love,LOVE,இன்பத்துப்பால்
1248,பரிந்தவர் நல்காரென் றேங்கிப் பிரிந்தவர் பின்செல்வாய் பேதையென் நெஞ்சு,"Without pity he would depart!
You sigh and seek his favour, poor heart!   ",என் நெஞ்சே! காதலர் உன் உள்ளத்தில் உள்ளவராக இருக்கும்போது நீ அவரை நினைத்து யாரிடம் தேடிச் செல்கின்றாய்?,"Thou art befooled, my heart, thou followest him who flees from thee;
And still thou yearning criest: 'He will nor pity show nor love to me.'
You are a fool, O my soul! to go after my departed one, while you mourn that he is not kind enough to favour you.",Soliloquy,நெஞ்சொடுகிளத்தல்,கற்பியல் ,The Post-marital love,LOVE,இன்பத்துப்பால்
1249,உள்ளத்தார் காத லவராக உள்ளிநீ யாருழைச் சேறியென் நெஞ்சு,"The lover lives in Self you know;
Whom you think, mind to whom you go? ",நம்மோடு பொருந்தி இருக்காமல் கைவிட்டுச சென்ற காதலரை நெஞ்சில் வைத்திருக்கும்போது இன்னும் மெலிந்து அழகை இழந்து வருகின்றோம்.,"My heart! my lover lives within my mind;
Roaming, whom dost thou think to find?
O my soul! to whom would you repair, while the dear one is within yourself?
",Soliloquy,நெஞ்சொடுகிளத்தல்,கற்பியல் ,The Post-marital love,LOVE,இன்பத்துப்பால்
1250,துன்னாத் துறந்தாரை நெஞ்சத் துடையேமா இன்னும் இழத்தும் கவின்,"Without a thought he deserted us
To think of him will make us worse. ",நாணம் என்னும் தாழ்ப்பாள் பொருந்திய நிறை என்று சொல்லப்படும் கதவை காமம் ஆகிய கோடாலி உடைத்து விடுகிறதே.,"If I should keep in mind the man who utterly renounces me,
My soul must suffer further loss of dignity.
If I retain in my heart him who has left me without befriending me, I shall lose even the (inward) beauty that remains.",Soliloquy,நெஞ்சொடுகிளத்தல்,கற்பியல் ,The Post-marital love,LOVE,இன்பத்துப்பால்
1251,காமக் கணிச்சி உடைக்கும் நிறையென்னும் நாணுத்தாழ் வீழ்த்த கதவு,"Passion's axe shall break the door
Of reserve bolted with my honour.  ",காமம் என்று சொல்லப்படுகின்ற ஒன்று கண்ணோட்டம் இல்லாதது. அது என் நெஞ்சத்தை நள்ளிரவில் ஏவல் கொண்டு ஆள்கிறது.,"Of womanly reserve love's axe breaks through the door,
Barred by the bolt of shame before.
The axe of lust can break the door of chastity which is bolted with the bolt of modesty.
",Reserve Overcome,நிறையழிதல்,கற்பியல் ,The Post-marital love,LOVE,இன்பத்துப்பால்
1252,காமம் எனவொன்றோ கண்ணின்றென் நெஞ்சத்தை யாமத்தும் ஆளும் தொழில்,"The thing called lust is a heartless power
It sways my mind at midnight hour.  ",யான் காமத்தை என்னுள்‌ளே மறைக்க முயல்வேன்; ஆனால் அதுவே என் குறிப்பின்படி நிற்காமல் தும்மல் போல் தானே வெளிப்பட்டு விடுகிறது.,"What men call love is the one thing of merciless power;
It gives my soul no rest, e'en in the midnight hour.
Even at midnight is my mind worried by lust, and this one thing, alas! is without mercy.
",Reserve Overcome,நிறையழிதல்,கற்பியல் ,The Post-marital love,LOVE,இன்பத்துப்பால்
1253,மறைப்பேன்மன் காமத்தை யானோ குறிப்பின்றித் தும்மல்போல் தோன்றி விடும்,"How to hide this lust which shows
Itself while I sneeze unawares! ",யான் இதுவரையில் நிறையோடிருப்பதாக எண்ணிக கொண்டிருந்தேன். ஆனால் என் காமம் என்னுள் மறைந்திருத்தலைக் கடந்து மன்றத்தில் வெளிப்படுகின்றது.,"I would my love conceal, but like a sneeze
It shows itself, and gives no warning sign.
I would conceal my lust, but alas, it yields not to my will but breaks out like a sneeze.
",Reserve Overcome,நிறையழிதல்,கற்பியல் ,The Post-marital love,LOVE,இன்பத்துப்பால்
1254,நிறையுடையேன் என்பேன்மன் யானோவென் காமம் மறையிறந்து மன்று படும்,"I was proud of my sex-reserve
Lo lust betrays what I preserve.  ","தம்மை வெறுத்து நீங்கியவரின் பின் செல்லாமல் மானத்தோடு நிற்கும் பெருந்தகைமை, காமநோய் உற்றவர் அறியும் தன்மையது அனறு.","In womanly reserve I deemed myself beyond assail;
But love will come abroad, and casts away the veil.
I say I would be firm, but alas, my malady breaks out from its concealment and appears in public.
",Reserve Overcome,நிறையழிதல்,கற்பியல் ,The Post-marital love,LOVE,இன்பத்துப்பால்
1255,செற்றார்பின் செல்லாப் பெருந்தகைமை காமநோய் உற்றார் அறிவதொன் றன்று,"Dignity seeks not a deserter
But Love-sick is its innovator",வெறுத்து நீங்கிய காதலரின் பின் செல்ல விரும்பிய நிலையில் இருப்பதால் என்னை அடைந்த இந்த காமநோய் எத்தன்மையானது? அந்‌தோ!,"The dignity that seeks not him who acts as foe,
Is the one thing that loving heart can never know.
The dignity that would not go after an absent lover is not known to those who are sticken by love.
",Reserve Overcome,நிறையழிதல்,கற்பியல் ,The Post-marital love,LOVE,இன்பத்துப்பால்
1256,செற்றவர் பின்சேறல் வேண்டி அளித்தரோ எற்றென்னை உற்ற துயர்,"O Grief, my deserter you seek
Of your caprice what shall I speak! ",நாம் விரும்பிய காதலர் காமத்தால் நமக்கு விருப்பமானவற்றைச் செய்வாரானால். நாணம் என்று சொல்லப்படும் ஒரு பண்பையும் அறியாமல் இருப்போம்.,"My grief how full of grace, I pray you see!
It seeks to follow him that hateth me.
The sorrow I have endured by desiring to go after my absent lover, in what way is it excellent?
",Reserve Overcome,நிறையழிதல்,கற்பியல் ,The Post-marital love,LOVE,இன்பத்துப்பால்
1257,நாணென ஒன்றோ அறியலம் காமத்தால் பேணியார் பெட்ப செயின்,"When lover's love does what it desires
We forget all shame unawares.","நம்முடைய பெண்மையாகிய அரணை அழிக்கும் படையாக இருப்பது, பல மாயங்களில் வல்ல, கள்வனான காதலரடைய பணிவுடைய மொழி அன்றோ?","No sense of shame my gladdened mind shall prove,
When he returns my longing heart to bless with love.
I know nothing like shame when my beloved does from love (just) what is desired (by me).
",Reserve Overcome,நிறையழிதல்,கற்பியல் ,The Post-marital love,LOVE,இன்பத்துப்பால்
1258,பன்மாயக் கள்வன் பணிமொழி அன்றோநம் பெண்மை உடைக்கும் படை,"The cheater of many wily arts
His tempting words break through women's hearts.  ",ஊடுவேன் என்று எண்ணிக் கொண்டு சென்றேன்; ஆனால் என் நெஞ்சம் என்னை விட்டு அவரோடு கூடுவதை கண்டு தழுவினேன்.,"The words of that deceiver, versed in every wily art,
Are instruments that break through every guard of woman's heart!
Are not the enticing words of my trick-abounding roguish lover the weapon that breaks away my feminine firmness?",Reserve Overcome,நிறையழிதல்,கற்பியல் ,The Post-marital love,LOVE,இன்பத்துப்பால்
1259,புலப்பல் எனச்சென்றேன் புல்லினேன் நெஞ்சம் கலத்தல் உறுவது கண்டு,"In huff I went and felt at ease
Heat to heart in sweet embrace.  ","கொழுப்பைத் தீயில் இட்டால் போன்ற உருகும் நெஞ்சுடைய என்னைப் போன்றவர்க்கு, இசைந்து ஊடி நிற்போம் என்று ஊடும் தன்மை உண்டோ?","I 'll shun his greeting'; saying thus with pride away I went:
I held him in my arms, for straight I felt my heart relent.
I said I would feign dislike and so went (away); (but) I embraced him the moment I say my mind began to unite with him!",Reserve Overcome,நிறையழிதல்,கற்பியல் ,The Post-marital love,LOVE,இன்பத்துப்பால்
1260,நிணந்தீயில் இட்டன்ன நெஞ்சினார்க் குண்டோ புணர்ந்தூடி நிற்பேம் எனல்,"To feign dislike is it not rare
For mates who melt like fat in fire?",என் கண்களும் அவர் வரும் வழியைப் பார்த்துப் பார்த்து ஒளி இழந்து அழகு கெட்டன; விரல்களும் அவர் சென்ற நாட்களைக் குறித்துத் தொட்டுத் தொட்டுத் தேய்ந்தன.,"We 'll stand aloof and then embrace': is this for them to say,
Whose hearts are as the fat that in the blaze dissolves away?
Is it possible for those whose hearts melt like fat in the fire to say they can feign a strong dislike and remain so?",Reserve Overcome,நிறையழிதல்,கற்பியல் ,The Post-marital love,LOVE,இன்பத்துப்பால்
1261,வாளற்றுப் புற்கென்ற கண்ணும் அவர்சென்ற நாளொற்றித் தேய்ந்த விரல்,"My eyes are dim lustre-bereft
Worn fingers count days since he left. ","தோழி! காதலரின் பிரிவால்துன்புற்று வருந்துகின்ற இன்றும் அவரை மறந்து விட்டால், அழகு கெட்டு என் தோள் மேல் அணிந்துள்ள அணிகள் கழலுமாறு நேரும்.","My eyes have lost their brightness, sight is dimmed; my fingers worn,
With nothing on the wall the days since I was left forlorn.
My finger has worn away by marking (on the wall) the days he has been absent while my eyes have lost their lustre and begin to fail.
",Mutual Desire,அவர்வயின்விதும்பல்,கற்பியல் ,The Post-marital love,LOVE,இன்பத்துப்பால்
1262,இலங்கிழாய் இன்று மறப்பினென் தோள்மேல் கலங்கழியும் காரிகை நீத்து,"Beauty pales and my bracelets slide;
Why not forget him now, bright maid?   ","வெற்றியை விரும்பி ஊக்கமே துணையாகக் கொண்டு வெளிநாட்டுக்குச் சென்ற காதலர், திரும்பி வருதலைக் காண விரும்பியே இன்னும் யான் உயிரோடு இருக்கின்றேன்.","O thou with gleaming jewels decked, could I forget for this one day,
Henceforth these bracelets from my arms will slip, my beauty worn away.
O you bright-jewelled maid, if I forget (him) today, my shoulders will lose their beauty even in the other life and make my bracelets loose.",Mutual Desire,அவர்வயின்விதும்பல்,கற்பியல் ,The Post-marital love,LOVE,இன்பத்துப்பால்
1263,உரன்நசைஇ உள்ளம் துணையாகச் சென்றார் வரல்நசைஇ இன்னும் உளேன்,"Will as guide he went to win
Yet I live-to see him again.  ",முன்பு கூடியிருந்த காதலைக் கைவிட்டுப் பிரிந்த அவருடைய வருகை‌யைநினைத்து என் நெஞ்சம் மரத்தின் கிளைகளின் மேலும் ஏறிப் பார்க்கின்றது.,"On victory intent, His mind sole company he went;
And I yet life sustain! And long to see his face again!
I still live by longing for the arrival of him who has gone out of love for victory and with valour as his guide.
",Mutual Desire,அவர்வயின்விதும்பல்,கற்பியல் ,The Post-marital love,LOVE,இன்பத்துப்பால்
1264,கூடிய காமம் பிரிந்தார் வரவுள்ளிக் கோடுகொ டேறுமென் நெஞ்சு,"My heart in rapture heaves to see
His retun with love to embrace me. ",என் காதலரைக் கண்ணாரக் காண்பேனாக; கண்ட பிறகு என்னுடைய மெல்லிய தோளில் உண்டாகிய பசலை நிறம் தானே நீங்கி விடும்.,"He comes again, who left my side, and I shall taste love's joy,'-
My heart with rapture swells, when thoughts like these my mind employ.
My heart is rid of its sorrow and swells with rapture to think of my absent lover returning with his love.
",Mutual Desire,அவர்வயின்விதும்பல்,கற்பியல் ,The Post-marital love,LOVE,இன்பத்துப்பால்
1265,காண்கமன் கொண்கனைக் கண்ணாரக் கண்டபின் நீங்குமென் மென்தோள் பசப்பு,"Let me but gaze and gaze my spouse
sallow on my soft shoulders flies.","என் காதலன் ஒருநாள் என்னிடம் வருவானாக; வந்த பிறகு, என்னுடைய துன்பநோய் எல்லொம் தீருமாறு நான் நன்றாக நுகர்வேன்.","O let me see my spouse again and sate these longing eyes!
That instant from my wasted frame all pallor flies.
May I look on my lover till I am satisfied and thereafter will vanish the sallowness of my slender shoulders.
",Mutual Desire,அவர்வயின்விதும்பல்,கற்பியல் ,The Post-marital love,LOVE,இன்பத்துப்பால்
1266,வருகமன் கொண்கண் ஒருநாட் பருகுவன் பைதல்நோய் எல்லாம் கெட,"Let my spouse return just a day
Joy-drink shall drive my pain away.   ","என்னுடைய கண்போன்ற காதலர் வருவாரானால், யான் அவரோடு ஊடுவேனோ? அல்லது அவரைத் தழுவுவேனோ? அவரோடு கூடுவேனோ?","O let my spouse but come again to me one day!
I'll drink that nectar: wasting grief shall flee away.
May my husband return some day; and then will I enjoy (him) so as to destroy all this agonizing sorrow.
",Mutual Desire,அவர்வயின்விதும்பல்,கற்பியல் ,The Post-marital love,LOVE,இன்பத்துப்பால்
1267,புலப்பேன்கொல் புல்லுவேன் கொல்லோ கலப்பேன்கொல் கண்ணன்ன கேளிர் வரின்,"If my eye-like lord returneth
Shall I sulk or clasp or do both? ",அரசன் இச் செயலில் முனைந்து நின்று வெற்றி பெறுவானாக; அதன்பின் யாம் மனைவியோடு கூடியிருந்து அனறு வரும் மாலைப் பொழுதிற்கு விருந்து செய்வோம்.,"Shall I draw back, or yield myself, or shall both mingled be,
When he returns, my spouse, dear as these eyes to me.
On the return of him who is as dear as my eyes, am I displeased or am I to embrace (him); or am I to do both?
",Mutual Desire,அவர்வயின்விதும்பல்,கற்பியல் ,The Post-marital love,LOVE,இன்பத்துப்பால்
1268,வினைகலந்து வென்றீக வேந்தன் மனைகலந்து மாலை அயர்கம் விருந்து,"May the king fight and win and give
And with my wife I will feast this eve!",தொலைவில் உள்ள வெளிநாட்டிற்குச் சென்ற காதலர் திரும்பி வரும் நாளை நினைத்து ஏங்கும் மகளிர்க்கு ஒருநாள் ஏழுநாள் போல ( நெடிதாக) கழியும்.,"O would my king would fight, o'ercome, devide the spoil;
At home, to-night, the banquet spread should crown the toil.
Let the king fight and gain (victories); (but) let me be united to my wife and feast the evening.
",Mutual Desire,அவர்வயின்விதும்பல்,கற்பியல் ,The Post-marital love,LOVE,இன்பத்துப்பால்
1269,ஒருநாள் எழுநாள்போல் செல்லும்சேண் சென்றார் வருநாள்வைத் தேங்கு பவர்க்கு,"One day seems as seven to those
Who yearn return of distant spouse.   ","துன்பத்தைத் தாங்காமல் மனம் உடைந்து அழிந்து விட்டால், நம்மைத் திரும்பப்‌ பெறுவதனால் என்ன? பெற்றக்கால் என்ன? பெற்றுப் பொருந்தினாலும் என்ன?","One day will seem like seven to those who watch and yearn
For that glad day when wanderers from afar return.
To those who suffer waiting for the day of return of their distant lovers one day is as long as seven days.
",Mutual Desire,அவர்வயின்விதும்பல்,கற்பியல் ,The Post-marital love,LOVE,இன்பத்துப்பால்
1270,பெறினென்னாம் பெற்றக்கால் என்னாம் உறினென்னாம் உள்ளம் உடைந்துக்கக் கால்,"When her heart is broken, what is
The good of meeting and love-embrace? ",நீ சொல்லாமல் மறைத்தாலும் நிற்காமல் உன்னைக் கடந்து உன்னுடைய கண்கள் எனக்குச் சொல்லக் கூடிய செய்தி ஒன்று இருக்கிறது.,"What's my return, the meeting hour, the wished-for greeting worth,
If she heart-broken lie, with all her life poured forth?
After (my wife) has died of a broken heart, what good will there be if she is to receive me, has received me, or has even embraced me?",Mutual Desire,அவர்வயின்விதும்பல்,கற்பியல் ,The Post-marital love,LOVE,இன்பத்துப்பால்
1271,கரப்பினுங் கையிகந் தொல்லாநின் உண்கண் உரைக்கல் உறுவதொன் றுண்டு,"You hide; but your painted eyes
Restraint off, report your surmise.",கண் நிறைந்த அழகும் மூங்கில் போன்ற தோளும் உடைய என் காதலிக்குப் பெண்மைத்தன்மை நிறைந்து விளங்கும் இயல்பு மிகுதியாக உள்ளது.,"Thou hid'st it, yet thine eye, disdaining all restraint,
Something, I know not, what, would utter of complaint.
Though you would conceal (your feelings), your painted eyes would not, for, transgressing (their bounds), they tell (me) something.",The Reading of the Signs,குறிப்பறிவுறுத்தல்,கற்பியல் ,The Post-marital love,LOVE,இன்பத்துப்பால்
1272,கண்ணிறைந்த காரிகைக் காம்பேர்தோட் பேதைக்குப் பெண்நிறைந்த நீர்மை பெரிது,"With seemly grace and stem-like arms
The simple she has ample charms. ",( கோத்த) மணியினுள் விளங்கும் நூலைப் போல் என் காதலியின் அழகினுள் விளங்குவதான குறிப்பு ஒன்று இருக்கின்றது.,"The simple one whose beauty fills mine eye, whose shoulders curve
Like bambu stem, hath all a woman's modest sweet reserve.
Unusually great is the female simplicity of your maid whose beauty fills my eyes and whose shoulders resemble the bamboo.",The Reading of the Signs,குறிப்பறிவுறுத்தல்,கற்பியல் ,The Post-marital love,LOVE,இன்பத்துப்பால்
1273,மணியில் திகழ்தரு நூல்போல் மடந்தை அணியில் திகழ்வதொன் றுண்டு,"Something shines through her jewelled charm
Like thread shining through wreathed gem. ","அரும்பு தோன்றும்போது அடங்கியிருக்கும் மணத்தைப் போல், காதலியின் புன்முறுவலின் தோற்றத்தில் அடங்கி இருக்கும் குறிப்பு ஒன்று உள்ளது.","As through the crystal beads is seen the thread on which they 're strung
So in her beauty gleams some thought cannot find a tongue.
There is something that is implied in the beauty of this woman, like the thread that is visible in a garland of gems.",The Reading of the Signs,குறிப்பறிவுறுத்தல்,கற்பியல் ,The Post-marital love,LOVE,இன்பத்துப்பால்
1274,முகைமொக்குள் உள்ளது நாற்றம்போல் பேதை நகைமொக்குள் உள்ளதொன் றுண்டு,"Like scent in bud secrets conceal
In the bosom of her half smile.","காதலி என்னை நோக்கி செய்து விட்டுச் சென்ற கள்ளமான குறிப்பு, என் மிக்க துயரத்தைத் தீர்க்கும் மருந்து ஒன்று உடையதாக இருக்கின்றது.","As fragrance in the opening bud, some secret lies
Concealed in budding smile of this dear damsel's eyes.
There is something in the unmatured smile of this maid like the fragrance that is contained in an unblossomed bud.",The Reading of the Signs,குறிப்பறிவுறுத்தல்,கற்பியல் ,The Post-marital love,LOVE,இன்பத்துப்பால்
1275,செறிதொடி செய்திறந்த கள்ளம் உறுதுயர் தீர்க்கும் மருந்தொன் றுடைத்து,"The close-bangled belle's hidden thought
Has a cure for my troubled heart. ","பெரிதும் அன்பு செய்து விரும்புமாறு கூடுதல், அரிதாகிய பிரிவைச் செய்து பிறகு அன்பில்லாமல்கைவிட எண்ணுகின்ற குறிப்பை உடையதாகும்.","The secret wiles of her with thronging armlets decked,
Are medicines by which my raising grief is checked.
The well-meant departure of her whose bangles are tight-fitting contains a remedy that can cure my great sorrow.
",The Reading of the Signs,குறிப்பறிவுறுத்தல்,கற்பியல் ,The Post-marital love,LOVE,இன்பத்துப்பால்
1276,பெரிதாற்றிப் பெட்பக் கலத்தல் அரிதாற்றி அன்பின்மை சூழ்வ துடைத்து,"His over-kind close embrace sooths;
But makes me feel, loveless, he parts. ",குளிர்ந்த துறையை உடைய காதலன் பிரிந்த பிரிவை நம்மை விட முன்னம‌ே நம்முடைய வளையல்கள் உணர்ந்து கழன்று விட்டனவே!,"While lovingly embracing me, his heart is only grieved:
It makes me think that I again shall live of love bereaved.
The embrace that fills me with comfort and gladness is capable of enduring (my former) sorrow and meditating on his want of love.",The Reading of the Signs,குறிப்பறிவுறுத்தல்,கற்பியல் ,The Post-marital love,LOVE,இன்பத்துப்பால்
1277,தண்ணந் துறைவன் தணந்தமை நம்மினும் முன்னம் உணர்ந்த வளை,"Quick, my bracelets read before
The mind of my lord of cool shore. ",எம்முடைய காதலர் நேற்றுதான் பிரிந்து சென்றார்; யாமும் மேனி பசலை நிறம் அடைந்து ஏழு நாட்கள் ஆய்விட்ட நிலையில் இருக்கின்றோம்.,"My severance from the lord of this cool shore,
My very armlets told me long before.
My bracelets have understood before me the (mental) separation of him who rules the cool seashore.
",The Reading of the Signs,குறிப்பறிவுறுத்தல்,கற்பியல் ,The Post-marital love,LOVE,இன்பத்துப்பால்
1278,நெருநற்றுச் சென்றாரெங் காதலர் யாமும் எழுநாளேம் மேனி பசந்து,"My lover parted but yesterday;
With sallowness it is seventh day. ","தன்னுடைய வளையல்களை நோக்கி, மெல்லிய தோள்களையும் நோக்கித் தன்னுடைய அடிகளையும் நோக்கி அவள் செய்த குறிப்பு உடன்போக்காகிய அதுவேயாகும்.","My loved one left me, was it yesterday?
Days seven my pallid body wastes away!
It was but yesterday my lover departed (from me); and it is seven days since my complexion turned sallow.
",The Reading of the Signs,குறிப்பறிவுறுத்தல்,கற்பியல் ,The Post-marital love,LOVE,இன்பத்துப்பால்
1279,தொடிநோக்கி மென்தோளும் நோக்கி அடிநோக்கி அஃதாண் டவள்செய் தது,"She views her armlets, her tender arms
And then her feet; these are her norms. ","கண்ணினால் காமநோயைத் தெரிவித்துப் பிரியாமல் இருக்குமாறு இரத்தல், பெண் தன்மைக்கு மேலும் பெண் தன்மை உடையது என்று கூறுவர்.","She viewed her tender arms, she viewed the armlets from them slid;
She viewed her feet: all this the lady did.
She looked at her bracelets, her tender shoulders, and her feet; this was what she did there (significantly).
",The Reading of the Signs,குறிப்பறிவுறுத்தல்,கற்பியல் ,The Post-marital love,LOVE,இன்பத்துப்பால்
1280,பெண்ணினாற் பெண்மை உடைத்தென்ப கண்ணினால் காமநோய் சொல்லி இரவு,"To express love-pangs by eyes and pray
Is womanhood's womanly way.   ",நினைத்த அளவிலே களிப்படைதலும் கண்ட அளவிலே மகிழ்ச்சி அடைதலும் ஆகிய இந்த இருவகை தன்மையும் கள்ளுக்கு இல்‌லை; காமத்திற்கு உண்டு,"To show by eye the pain of love, and for relief to pray,
Is womanhood's most womanly device, men say.
To express their love-sickness by their eyes and resort to begging bespeaks more than ordinary female excellence.",The Reading of the Signs,குறிப்பறிவுறுத்தல்,கற்பியல் ,The Post-marital love,LOVE,இன்பத்துப்பால்
1281,உள்ளக் களித்தலும் காண மகிழ்தலும் கள்ளுக்கில் காமத்திற் குண்டு,"Rapture at thought and joy when seen
Belong to love and not to wine.  ",காமம் பனையளவாக நிறைய வரும்போது காதலரோடு தினையளவாகச் சிறிதேனும் ஊடல் கொள்ளாமல் இருக்க வேண்டும்.,"Gladness at the thought, rejoicing at the sight,
Not palm-tree wine, but love, yields such delight.
To please by thought and cheer by sight is peculiar, not to liquor but lust.
",Desire for Reunion,புணர்ச்சிவிதும்பல்,கற்பியல் ,The Post-marital love,LOVE,இன்பத்துப்பால்
1282,தினைத்துணையும் ஊடாமை வேண்டும் பனைத்துணையும் காமம் நிறைய வரின்,"When passion grows palmyra-tall
Sulking is wrong though millet-small. ","என்னை விரும்பாமல் புறக்கணித்துத் தனக்கு விருப்பமானவற்றையே செய்து ஒழுகினாலும், என்னுடைய கண்கள் காதலனைக் காணாமல் பொருந்தவில்லை.","When as palmyra tall, fulness of perfect love we gain,
Distrust can find no place small as the millet grain.
If women have a lust that exceeds even the measure of the palmyra fruit, they will not desire (to feign) dislike even as much as the millet",Desire for Reunion,புணர்ச்சிவிதும்பல்,கற்பியல் ,The Post-marital love,LOVE,இன்பத்துப்பால்
1283,பேணாது பெட்பவே செய்யினும் கொண்கனைக் காணா தமையல கண்,"Though slighting me he acts his will
My restless eyes would see him still.   ","தோழி! யான் அவரோடு ஊடுவதற்காகச் சென்றேன்; ஆனால், என்னுடைய நெஞ்சம் அந்த நோக்கத்தை மறந்து அவரோடு கூடுவதற்காகச் சென்றது.","Although his will his only law, he lightly value me,
My heart knows no repose unless my lord I see.
Though my eyes disregard me and do what is pleasing to my husband, still will they not be satisfied unless they see him.",Desire for Reunion,புணர்ச்சிவிதும்பல்,கற்பியல் ,The Post-marital love,LOVE,இன்பத்துப்பால்
1284,ஊடற்கண் சென்றேன்மன் தோழி அதுமறந்து கூடற்கண் சென்றதென் னெஞ்சு,"Huff I would, maid, but I forget;
And leap to embrace him direct.","மை தீட்டும் நேரத்தில் தீட்டு் கோலைக் காணாத கண்களைப் போல், காதலனைக் கண்டபோது மட்டும் அவனுடைய குற்றத்தை நினைக்காமல் மறந்து விடுகின்றேன்.","My friend, I went prepared to show a cool disdain;
My heart, forgetting all, could not its love restrain.
O my friend! I was prepared to feign displeasure but my mind forgetting it was ready to embrace him.
",Desire for Reunion,புணர்ச்சிவிதும்பல்,கற்பியல் ,The Post-marital love,LOVE,இன்பத்துப்பால்
1285,எழுதுங்கால் கோல்காணாக் கண்ணேபோல் கொண்கண் பழிகாணேன் கண்ட இடத்து,"When close I see not lord's blemish
Like eyes that see not painter's brush. ",காதலரைக் யான் காணும்போது ( அவருடைய செயல்களில்) தவறானவற்றைக் காண்பதில்லை; அவரைக் காணாதபோது தவறு அல்லாத நன்மைகளைக் காண்பதில்லை.,"The eye sees not the rod that paints it; nor can I
See any fault, when I behold my husband nigh.
Like the eyes which see not the pencil that paints it, I cannot see my husband's fault (just) when I meet him.
",Desire for Reunion,புணர்ச்சிவிதும்பல்,கற்பியல் ,The Post-marital love,LOVE,இன்பத்துப்பால்
1286,காணுங்கால் காணேன் தவறாய காணாக்கால் காணேன் தவறல் லவை,"When he's with me I see not fault
And nought but fault when he is not. ","வெள்ளம் இழுத்துச் செல்வதை அறிந்திருந்தும் ஓட் நீரில் பாய்கின்றவரைப் போல், பயன்படாமை அறிந்திருந்திருந்தும் ஊடல் கொள்வதால் பயன் ன்னெ?","When him I see, to all his faults I 'm blind;
But when I see him not, nothing but faults I find.
When I see my husband, I do not see any faults; but when I do not see him, I do not see anything but faults.
",Desire for Reunion,புணர்ச்சிவிதும்பல்,கற்பியல் ,The Post-marital love,LOVE,இன்பத்துப்பால்
1287,உய்த்தல் அறிந்து புனல்பாய் பவரேபோல் பொய்த்தல் அறிந்தென் புலந்து,"To leap in stream which carries off
When lord is close to feign a huff.    ",கள்வ! இழிவு வரத்தக்க துன்பங்களைச் செய்தாலும் கள்ளுண்டு களித்தவர்க்கு மேன்‌மேலும் விருப்பம் தரும் கள்ளைப் போன்றது உன் மார்பு.,"As those of rescue sure, who plunge into the stream,
So did I anger feign, though it must falsehood seem?
Like those who leap into a stream which they know will carry them off, why should a wife feign dislike which she knows cannot hold out long?
",Desire for Reunion,புணர்ச்சிவிதும்பல்,கற்பியல் ,The Post-marital love,LOVE,இன்பத்துப்பால்
1288,இளித்தக்க இன்னா செயினும் களித்தார்க்குக் கள்ளற்றே கள்வநின் மார்பு,"Like wine to addicts that does disgrace
Your breast, O thief, is for my embrace!  ",காமம் மலரை விட மென்மை உடையதாகும்; அந்த உண்மை அறிந்து அதன் நல்ல பயனைப் பெறக்கூடியவர் சிலரே.,"Though shameful ill it works, dear is the palm-tree wine
To drunkards; traitor, so to me that breast of thine!
O you rogue! your breast is to me what liquor is to those who rejoice in it, though it only gives them an unpleasant disgrace.",Desire for Reunion,புணர்ச்சிவிதும்பல்,கற்பியல் ,The Post-marital love,LOVE,இன்பத்துப்பால்
1289,மலரினும் மெல்லிது காமம் சிலரதன் செவ்வி தலைப்படு வார்,"Flower-soft is love; a few alone
Know its delicacy so fine.  ","கண் பார்வையின் அளவில் பிணங்கி, என்னை விடத் தான் விரைந்து தழுவுதலை விரும்பி, ( பிணங்கிய நிலையையும் மறந்து) கலந்து விட்டாள்.","Love is tender as an opening flower. In season due
To gain its perfect bliss is rapture known to few.
Sexual delight is more delicate than a flower, and few are those who understand its real nature.
",Desire for Reunion,புணர்ச்சிவிதும்பல்,கற்பியல் ,The Post-marital love,LOVE,இன்பத்துப்பால்
1290,கண்ணின் துனித்தே கலங்கினாள் புல்லுதல் என்னினும் தான்விதுப் புற்று,"She feigned dislike awhile but flew
Faster for embrace than I do.",நெஞ்சே! அவருடைய நெஞ்சம் ( நம்மை நினையாமல் நம்மிடம் வராமல்) அவர்க்குத் துணையாதலைக் கண்டும் நீ எமக்குத் துணையாகாதது ஏன்?,"Her eye, as I drew nigh one day, with anger shone:
By love o'erpowered, her tenderness surpassed my own.
She once feigned dislike in her eyes, but the warmth of her embrace exceeded my own.",Desire for Reunion,புணர்ச்சிவிதும்பல்,கற்பியல் ,The Post-marital love,LOVE,இன்பத்துப்பால்
1291,அவர்நெஞ் சவர்க்காதல் கண்டும் எவன்நெஞ்சே நீயெமக் காகா தது,"You see, his heart is his alone;
Why not my heart be all my own? ","என் நெஞசே! நம்மேல் அன்பு கொள்ளாத காதலரைக் கண்டபோதும், அவர் வெறுக்கமாட்டார் என்று எண்ணி அவரிடம் செல்கின்றாயே!","You see his heart is his alone
O heart, why not be all my own?
O my soul! although you have seen how his soul stands by him, how is it you do not stand by me?
",Expostulation with Oneself,நெஞ்சொடுபுலத்தல்,கற்பியல் ,The Post-marital love,LOVE,இன்பத்துப்பால்
1292,உறாஅ தவர்க்கண்ட கண்ணும் அவரைச் செறாஅரெனச் சேறியென் நெஞ்சு,"O heart, you see how he slights me
Yet you clasp him as if friendly. ","நெஞ்சே! நீ உன் விருப்பத்தின்படியே அவர் பின் செல்வதற்குக் காரணம், துன்பத்தால் அழிந்தவர்‌க்கு நண்பர் இல்லை என்னும் எண்ண‌மோ?","Tis plain, my heart, that he 's estranged from thee;
Why go to him as though he were not enemy?
O my soul! although you have known him who does not love me, still do you go to him, saying ""he will not be displeased.""",Expostulation with Oneself,நெஞ்சொடுபுலத்தல்,கற்பியல் ,The Post-marital love,LOVE,இன்பத்துப்பால்
1293,கெட்டார்க்கு நட்டாரில் என்பதோ நெஞ்சேநீ பெட்டாங் கவர்பின் செலல்,"You follow him at will. Is it
""The fallen have no friends"" my heart?  ",நெஞ்‌சே! நீ ஊடலைச் செய்து அதன் பயனை நுகர மாட்டாய்; இனிமேல் அத்தகையவற்றைப் பற்றி உன்னோடு கலந்து எண்ணப் போகின்றவர் யார்?,"The ruined have no friends, 'they say; and so, my heart,
To follow him, at thy desire, from me thou dost depart.
O my soul! do you follow him at pleasure under the belief that the ruined have no friends?
",Expostulation with Oneself,நெஞ்சொடுபுலத்தல்,கற்பியல் ,The Post-marital love,LOVE,இன்பத்துப்பால்
1294,இனியன்ன நின்னொடு சூழ்வார்யார் நெஞ்சே துனிசெய்து துவ்வாய்காண் மற்று,"You won't sulk first and then submit
Who will then consult you, my heart? ",( காதலரைப் பெறாதபோது) பெறாமைக்கு அஞ்சும்; பெற்றால் பிரிவை நினைத்து அஞ்சும்; ( இவ்வாறாக) என் நெஞ்சம் தீராத துன்பம் உடையதாகின்றது.,"See, thou first show offended pride, and then submit,' I bade;
Henceforth such council who will share with thee my heart?
O my soul! you would not first seem sulky and then enjoy (him); who then would in future consult you about such things?",Expostulation with Oneself,நெஞ்சொடுபுலத்தல்,கற்பியல் ,The Post-marital love,LOVE,இன்பத்துப்பால்
1295,பெறாஅமை அஞ்சும் பெறினபிரி வஞ்சும் அறாஅ இடும்பைத்தென் நெஞ்சு,"Frets to gain and fears loss in gain
O my heart suffers ceaseless pain.  ",காதலரைப் பிரிந்து தனியே இருந்து அவருடைய தவறுகளை நினைத்தபோது என் நெஞ்சம் என்னைத் தின்பது போல் துன்பம் செய்வதாக இருந்தது.,"I fear I shall not gain, I fear to lose him when I gain;
And thus my heart endures unceasing pain.
My soul fears when it is without him; it also fears when it is with him; it is sub ject to incessant sorrow.
",Expostulation with Oneself,நெஞ்சொடுபுலத்தல்,கற்பியல் ,The Post-marital love,LOVE,இன்பத்துப்பால்
1296,தனியே இருந்து நினைத்தக்கால் என்னைத் தினிய இருந்ததென் நெஞ்சு,"My itching mind eats me anon
As I muse on him all alone. ","காதலனை மறக்க முடியாத என்னுடைய சிறப்பில்லாத மட நெஞ்சினோடு சேர்ந்து, மறக்கத் தகாததாகிய நாணத்தையும் மறந்து விடடேன்.","My heart consumes me when I ponder lone,
And all my lover's cruelty bemoan.
My mind has been (here) in order to eat me up (as it were) whenever I think of him in my solitude.
",Expostulation with Oneself,நெஞ்சொடுபுலத்தல்,கற்பியல் ,The Post-marital love,LOVE,இன்பத்துப்பால்
1297,நாணும் மறந்தேன் அவர்மறக் கல்லாவென் மாணா மடநெஞ்சிற் பட்டு,"forget shame but not his thought
In mean foolish mind I'm caught.","உயரின் மேல் காதல் கொண்ட என் நெஞ்சம், பிரிந்த காதலரை இகழ்ந்தால் இழிவாகும் என்று எண்ணி அவருடைய உயர்ந்த பண்புகளையே நினைக்கின்றது.","Fall'n 'neath the sway of this ignoble foolish heart,
Which will not him forget, I have forgotten shame.
I have even forgotten my modesty, having been caught in my foolish mind which is not dignified enough to forget him",Expostulation with Oneself,நெஞ்சொடுபுலத்தல்,கற்பியல் ,The Post-marital love,LOVE,இன்பத்துப்பால்
1298,எள்ளின் இளிவாமென் றெண்ணி அவர்திறம் உள்ளும் உயிர்க்காதல் நெஞ்சு,"My heart living in love of him
Hails his glory ignoring blame.","ஒருவர்க்குத் துன்பம் வந்தபோது, தாம் உரிமையாகப் பெற்றுள்ள நெஞ்சமே துணையாகா விட்டால், வேறு யார் துணையாவார்?","If I contemn him, then disgrace awaits me evermore;
My soul that seeks to live his virtues numbers o'er.
My soul which clings to life thinks only of his (own) gain in the belief that it would be disgraceful for it to despise him.",Expostulation with Oneself,நெஞ்சொடுபுலத்தல்,கற்பியல் ,The Post-marital love,LOVE,இன்பத்துப்பால்
1299,துன்பத்திற் கியாரே துணையாவார் தாமுடைய நெஞ்சந் துணையல் வழி,"Who support a man in grief
If lover's heart denies relief?   ",ஒருவர்க்கு தாம் உரிமையாகப் பெற்ற நெஞ்சமே உறவாகாதபோது அயலார் உறவில்லாதவராக இருப்பது எளிதேயாகும்.,"And who will aid me in my hour of grief,
If my own heart comes not to my relief?
Who would help me out of one's distress, when one's own soul refuses help to one?
",Expostulation with Oneself,நெஞ்சொடுபுலத்தல்,கற்பியல் ,The Post-marital love,LOVE,இன்பத்துப்பால்
1300,தஞ்சம் தமரல்லர் ஏதிலார் தாமுடைய நெஞ்சம் தமரல் வழி,"Why wonder if strangers disown
When one's own heart is not his own? ",( ஊடும்போது அவர் அடைகின்ற) துன்ப நோயைச் சிறிது காண்போம்; அதற்காக அவரைத் தழுவாமலிருந்து பிணங்குவாயாக.,"A trifle is unfriendliness by aliens shown,
When our own heart itself is not our own!
It is hardly possible for strangers to behave like relations, when one's own soul acts like a stranger.",Expostulation with Oneself,நெஞ்சொடுபுலத்தல்,கற்பியல் ,The Post-marital love,LOVE,இன்பத்துப்பால்
1301,புல்லா திராஅப் புலத்தை அவருறும் அல்லல்நோய் காண்கம் சிறிது,"Feign sulk; embrace him not so that
We can see his distress a bit.  ","உப்பு, உணவில் அளவோடு அமைந்திருப்பதைப் போன்றது ஊடல்; ஊடலை அளவு கடந்து நீட்டித்தல், அந்த உப்பு சிறிதளவு மிகுதியாக இருப்பதைப் போன்றது.","Be still reserved, decline his profferred love;
A little while his sore distress we 'll prove.
Let us witness awhile his keen suffering; just feign dislike and embrace him not.
",Pouting,புலவி,கற்பியல் ,The Post-marital love,LOVE,இன்பத்துப்பால்
1302,உப்பமைந் தற்றால் புலவி அதுசிறிது மிக்கற்றால் நீள விடல்,"Sulking is the salt of love; but
Too much of it spoils the taste. ","தம்மோடு பிணங்கியவரை ஊடலுணர்த்தித் தழுவாமல் விடுதல், துன்பத்தால் வருந்தியவரை மேலும் துன்ப நோய் செய்து வரத்தினாற் போன்றது.","A cool reserve is like the salt that seasons well the mess,
Too long maintained, 'tis like the salt's excess.
A little dislike is like salt in proportion; to prolong it a little is like salt a little too much.
",Pouting,புலவி,கற்பியல் ,The Post-marital love,LOVE,இன்பத்துப்பால்
1303,அலந்தாரை அல்லல்நோய் செய்தற்றால் தம்மைப் புலந்தாரைப் புல்லா விடல்,"To leave the sulker unembraced
Is to grieve the one sorely grieved.  ","பிணங்கியவரை ஊடலுணர்த்தி அன்பு செய்யாமல் இருத்தல், முன்னமே வாடியுள்ள கொடியை அதன் அடியிலேயே அறுத்தல் போன்றது","Tis heaping griefs on those whose hearts are grieved;
To leave the grieving one without a fond embrace.
For men not to embrace those who have feigned dislike is like torturing those already in agony.
",Pouting,புலவி,கற்பியல் ,The Post-marital love,LOVE,இன்பத்துப்பால்
1304,ஊடி யவரை உணராமை வாடிய வள்ளி முதலரிந் தற்று,"To comfort not lady in pout
Is to cut the fading plant at root. ","நல்ல பண்புகள் அமைந்த நல்ல ஆடவர்க்கு அழகு, மலர் போன்ற கண்களை உடைய மகளிரின் நெஞ்சம் விளையும் ஊடலின் சிறப்பே ஆகும்.","To use no kind conciliating art when lover grieves,
Is cutting out the root of tender winding plant that droops.
Not to reconcile those who have feigned dislike is like cutting a faded creeper at its root.
",Pouting,புலவி,கற்பியல் ,The Post-marital love,LOVE,இன்பத்துப்பால்
1305,நலத்தகை நல்லவர்க் கேஎர் புலத்தகை பூவன்ன கண்ணார் அகத்து,"Pouting of flower-eyed has
To pure good mates a lovely grace.","பெரும் பிணக்கும் சிறு பிணக்கும் இல்லாவிட்டால், காமம் மிகப் பழுத்த பழமும் முற்றாத இளங்காயும் போல் பயன்படாததாகும்.","Even to men of good and worthy mind, the petulance
Of wives with flowery eyes lacks not a lovely grace.
An increased shyness in those whose eyes are like flowers is beautiful even to good and virtuous husbands.
",Pouting,புலவி,கற்பியல் ,The Post-marital love,LOVE,இன்பத்துப்பால்
1306,துனியும் புலவியும் இல்லாயின் காமம் கனியும் கருக்காயும் அற்று,"Love devoid of frowns and pets
Misses its ripe and unripe fruits.  ",கூடியிருக்கும் இன்பம் இனிமேல் நீட்டிக்காதோ என்று ஏங்கி எண்ணுவதால் ஊடியிருத்தலினும் காதலர்க்கு ஒருவகைத் துன்பம் இருக்கின்றது.,"Love without hatred is ripened fruit;
Without some lesser strife, fruit immature.
Sexual pleasure, without prolonged and short-lived dislike, is like too ripe, and unripe fruit.
",Pouting,புலவி,கற்பியல் ,The Post-marital love,LOVE,இன்பத்துப்பால்
1307,ஊடலின் உண்டாங்கோர் துன்பம் புணர்வது நீடுவ தன்றுகொல் என்று,"""Will union take place soon or late?""
In lover's pout this leaves a doubt.  ","நம்மால் இவர் வருந்தினார் என்று அந்த வருத்தத்தை அறிகின்ற காதலர் இல்லாதபோது, வருந்துவதால் பயன் என்ன?","A lovers' quarrel brings its pain, when mind afraid
Asks doubtful, 'Will reunion sweet be long delayed?'
The doubt as to whether intercourse would take place soon or not, creates a sorrow (even) in feigned dislike.
",Pouting,புலவி,கற்பியல் ,The Post-marital love,LOVE,இன்பத்துப்பால்
1308,நோதல் எவன்மற்று நொந்தாரென் றஃதறியும் காதலர் இல்லா வழி,"What's the good of grieving lament
When concious lover is not present?  ","நீரும் நிழலை அடுத்திருப்பதே இனிமையானது; அதுபோல், ஊடலும் அன்பு செலுத்துவோரிடத்தில் கொள்வதே இன்பமானது.","What good can grieving do, when none who love
Are there to know the grief thy soul endures?
What avails sorrow when I am without a wife who can understand the cause of my sorrow?
",Pouting,புலவி,கற்பியல் ,The Post-marital love,LOVE,இன்பத்துப்பால்
1309,நீரும் நிழல தினிதே புலவியும் வீழுநர் கண்ணே இனிது,"Water delights in a shady grove
And sulking in souls of psychic love.   ",ஊடல் கொண்ட‌போது உணர்த்தி மகிழ்விக்காமல் வாட விடுகின்றவரோடு என் நெஞ்சம் கூடியிருப்போம் என்று முயல்வதற்குக் காரணம் அதன் ஆசையே.,"Water is pleasant in the cooling shade;
So coolness for a time with those we love.
Like water in the shade, dislike is delicious only in those who love.
",Pouting,புலவி,கற்பியல் ,The Post-marital love,LOVE,இன்பத்துப்பால்
1310,ஊடல் உணங்க விடுவாரோ டென்னெஞ்சம் கூடுவேம் என்ப தவா,"My heart athirst would still unite
With her who me in sulking left!   ",பரத்தமை உடையாய்! பெண் தன்மை உடையவர் எல்லாரும் தம்தம் கண்களால் ‌பொதுப் பொருளாகக் கொண்டு நுகர்கின்றார்கள்; ஆகையால் உன் மார்பைப் பொருந்தேன்.,"Of her who leaves me thus in variance languishing,
To think within my heart with love is fond desire.
It is nothing but strong desire that makes her mind unite with me who can leave her to her own dislike.
----------",Pouting,புலவி,கற்பியல் ,The Post-marital love,LOVE,இன்பத்துப்பால்
1311,பெண்ணியலார் எல்லாரும் கண்ணிற் பொதுவுண்பர் நண்ணேன் பரத்தநின் மார்பு,"I shrink to clasp you bosom lewd
To the gaze of all ladies exposed. ","காதலரோடு ஊடல் கொண்டிருந்தோமாக, யாம் தம்மை நெடுங்காலம் வாழ்க என்று வாய் திறந்து சொல்லுவோம் என நினைத்து அவர் தும்மினார்.","From thy regard all womankind Enjoys an equal grace;
O thou of wandering fickle mind, I shrink from thine embrace!
You are given to prostitution; all those who are born as womankind enjoy you with their eyes in an ordinary way. I will not embrace you.
",Feigned Anger,புலவி நுணுக்கம்,கற்பியல் ,The Post-marital love,LOVE,இன்பத்துப்பால்
1312,ஊடி இருந்தேமாத் தும்மினார் யாம்தம்மை நீடுவாழ் கென்பாக் கறிந்து,"He sneezed while we went on sulking
Expecting me to say ""live long"".  ","கிளைகளில் மலர்ந்த மலர்களைச் சூடினாலும், நீர் இந்த அழகை யாரோ ஒருத்திக்கு காட்டுவதற்காகச் சூடினீர் என்று சினம் கொள்வாள்.","One day we silent sulked; he sneezed: The reason well I knew;
He thought that I, to speak well pleased, Would say, 'Long life to you!'
When I continued to be sulky he sneezed and thought I would (then) wish him a long life.
",Feigned Anger,புலவி நுணுக்கம்,கற்பியல் ,The Post-marital love,LOVE,இன்பத்துப்பால்
1313,கோட்டுப்பூச் சூடினும் காயும் ஒருத்தியைக் காட்டிய சூடினீர் என்று,"""For which lady?"" she widely cries
While I adorn myself with flowers.  ",யாரையும் விட நாம் மிக்க காதல் கொண்டிருக்கிறோம் என்று சொன்னேனாக; ய‌ாரை விட…? யாரை விட..? என்று கேட்டு ஊடல் கொண்டாள்.,"I wreathed with flowers one day my brow, The angry tempest lowers;
She cries, 'Pray, for what woman now Do you put on your flowers?'
Even if I were adorned with a garland of branch-flowers, she would say I did so to show it to another woman.
",Feigned Anger,புலவி நுணுக்கம்,கற்பியல் ,The Post-marital love,LOVE,இன்பத்துப்பால்
1314,யாரினுங் காதலம் என்றேனா ஊடினாள் யாரினும் யாரினும் என்று,"""I love you more than all"" I said
""Than whom, than whom?"" she sulked and chid.","இப்பிறப்பில் யாம் பிரிய மாட்டோம் என்று காதலியிடம் சொன்னேனாக, இனி வரும் பிறப்பில் பிரிவதாக உணர்ந்து கண் நிறையக் கண்ணீர் கொண்டாள்.","I love you more than all beside,' 'T was thus I gently spoke;
'What all, what all?' she instant cried; And all her anger woke.
When I said I loved her more than any other woman, she said ""more than others, yes, more than others,"" and remained sulky.
",Feigned Anger,புலவி நுணுக்கம்,கற்பியல் ,The Post-marital love,LOVE,இன்பத்துப்பால்
1315,இம்மைப் பிறப்பில் பிரியலம் என்றேனாக் கண்நிறை நீர்கொண் டனள்,"""In this life we won't part"" I told
Her eyes at once with tears were filled. ",நினைத்தேன் என்று கூறி‌னேன்; நினைப்புக்கு முன் மறப்பு உண்டு அன்றோ? ஏன் மறந்தீர் என்று என்னைத் தழுவாமல் ஊடினாள்.,"While here I live, I leave you not,' I said to calm her fears.
She cried, 'There, then, I read your thought'; And straight dissolved in tears.
When I said I would never part from her in this life her eyes were filled with tears.
",Feigned Anger,புலவி நுணுக்கம்,கற்பியல் ,The Post-marital love,LOVE,இன்பத்துப்பால்
1316,உள்ளினேன் என்றேன்மற் றென்மறந்தீர் என்றென்னைப் புல்லாள் புலத்தக் கனள்,"I said ""I thought of you"". She left
Her embrace crying ""Oft you forget"".",யான் தும்மினேனாக; அவள் நூறாண்டு என வாழ்த்தினாள்; உடனே அதை விட்டு யார் நினைத்ததால் தும்மினீர்? என்று கேட்டு அழுதாள்?,"Each day I called to mind your charms,' 'O, then, you had forgot,'
She cried, and then her opened arms, Forthwith embraced me not.
When I said I had remembered her, she said I had forgotten her and relaxing her embrace, began to feign dislike.",Feigned Anger,புலவி நுணுக்கம்,கற்பியல் ,The Post-marital love,LOVE,இன்பத்துப்பால்
1317,வழுத்தினாள் தும்மினேன் ஆக அழித்தழுதாள் யாருள்ளித் தும்மினீர் என்று,"I sneezed; she blessed; then changed and wept
""You sneezed now at which lady's thought?""   ",அவளுடைய ஊடலுக்கு அஞ்சி யான் தும்மலை அடக்கிக் கொள்ள உம்மவர் உம்மை நினைப்பதை எமக்குத் தெரியாமல் மறைக்கின்றீரோ என்று அழுதாள்.,"She hailed me when I sneezed one day; But straight with anger seized,
She cried; 'Who was the woman, pray, Thinking of whom you sneezed?'
When I sneezed she blessed me, but at once changed (her mind) and wept, asking, ""At the thought of whom did you sneeze?""",Feigned Anger,புலவி நுணுக்கம்,கற்பியல் ,The Post-marital love,LOVE,இன்பத்துப்பால்
1318,தும்முச் செறுப்ப அழுதாள் நுமருள்ளல் எம்மை மறைத்திரோ என்று,"I repressed sneeze; she wept crying
""Your thoughts from me you are hiding"". ","ஊடியிருந்தபோது அவளை ஊடல் உணர்த்தி மகிழ்வித்தாலும், நீர் மற்ற மகளிர்க்கும் இத்தன்மையானவராக ஆவீர் என்று ‌சொல்லிச் சினம் கொள்வாள்.","And so next time I checked my sneeze; She forthwith wept and cried,
(That woman difficult to please), 'Your thoughts from me you hide'.
When I suppressed my sneezing, she wept saying, ""I suppose you (did so) to hide from me your own people's remembrance of you"".
",Feigned Anger,புலவி நுணுக்கம்,கற்பியல் ,The Post-marital love,LOVE,இன்பத்துப்பால்
1319,தன்னை உணர்த்தினும் காயும் பிறர்க்கும்நீர் இந்நீரர் ஆகுதிர் என்று,"I try to coax her and she remarks
""Your coaxing others thus this marks"". ","அவளுடைய அழகை நி‌னைத்து அமைதியாக இருந்து நோக்கினாலும், நீர் யாரை நினைத்து ஒப்புமையாக எல்லாம் பார்க்கின்றீர்? என்று சினம் கொள்வாள்.","I then began to soothe and coax, To calm her jealous mind;
'I see', quoth she, 'to other folks How you are wondrous kind'
Even when I try to remove her dislike, she is displeased and says, ""This is the way you behave towards (other women).""",Feigned Anger,புலவி நுணுக்கம்,கற்பியல் ,The Post-marital love,LOVE,இன்பத்துப்பால்
1320,நினைத்திருந்து நோக்கினும் காயும் அனைத்துநீர் யாருள்ளி நோக்கினீர் என்று,"I think and gaze at her; she chides:
""On whom your thought just now abides?""","அவரிடம் தவறு ஒன்றும் இல்லையானலும், அவரோடு ஊடுதல், அவர் நம்மேல் மிகுதியாக அன்பு செலுத்துமாறு செய்ய வல்லது.","I silent sat, but thought the more, And gazed on her. Then she
Cried out, 'While thus you eye me o'er, Tell me whose form you see'.
Even when I look on her contemplating (her beauty), she is displeased and says, ""With whose thought have you (thus) looked on my person?""",Feigned Anger,புலவி நுணுக்கம்,கற்பியல் ,The Post-marital love,LOVE,இன்பத்துப்பால்
1321,இல்லை தவறவர்க் காயினும் ஊடுதல் வல்ல தவரளிக்கும் ஆறு,"He is flawless; but I do pout.
So that his loving ways show out. ","ஊடுதலால் உண்டாகின்ற சிறிய துன்பம், காதலர் செய்கின்ற நல்ல அன்பு வாடிவிடக் காரணமாக இருந்தாலும் பெருமை பெறும்.","Although there be no fault in him, the sweetness of his love
Hath power in me a fretful jealousy to move.
Although my husband is free from defects, the way in which he embraces me is such as to make me feign dislike.",The Pleasures of 'Temporary Variance,ஊடலுவகை,கற்பியல் ,The Post-marital love,LOVE,இன்பத்துப்பால்
1322,ஊடலின் தோன்றும் சிறுதுனி நல்லளி வாடினும் பாடு பெறும்,"Fading first, love blooms and outlives
The petty pricks that pouting gives. ",நிலத்தோடு நீர் பொருந்தி கலந்தாற் போன்ற அன்புடைய காதலரிடத்தில் ஊடுவதை விட இன்பம் தருகின்ற தேவருலம் இருக்கின்றதோ.,"My 'anger feigned' gives but a little pain;
And when affection droops, it makes it bloom again.
His love will increase though it may (at first seem to) fade through the short-lived distress caused by (my) dislike.",The Pleasures of 'Temporary Variance,ஊடலுவகை,கற்பியல் ,The Post-marital love,LOVE,இன்பத்துப்பால்
1323,புலத்தலிற் புத்தேள்நா டுண்டோ நிலத்தொடு நீரியைந் தன்னார் அகத்து,"Is there a heaven like sulk beneath
Of hearts that join like water and earth?  ","காதலரைத் தழுவிக்கொண்டு விடாமலிருப்பதற்கு காரணமான ஊடலுள், என்னுடைய உள்ளத்தை உடைக்க வல்ல படை தோன்றுகிறது.","Is there a bliss in any world more utterly divine,
Than 'coyness' gives, when hearts as earth and water join?
Is there a celestial land that can please like the feigned dislike of those whose union resembles that of earth and water?",The Pleasures of 'Temporary Variance,ஊடலுவகை,கற்பியல் ,The Post-marital love,LOVE,இன்பத்துப்பால்
1324,புல்லி விடாஅப் புலவியுள் தோன்றுமென் உள்ளம் உடைக்கும் படை,"In long pout after embrace sweet
A weapon is up to break my heart. ",தவறு இல்லாத போதும் ஊடலுக்கு ஆளாகித் தாம் விரும்பும் மகளிரின் மெல்லிய தோள்களை நீங்கி இருக்கும் போது ஓர் இன்பம் உள்ளது.,"Within the anger feigned' that close love's tie doth bind,
A weapon lurks, which quite breaks down my mind.
In prolonged dislike after an embrace there is a weapon that can break my heart.",The Pleasures of 'Temporary Variance,ஊடலுவகை,கற்பியல் ,The Post-marital love,LOVE,இன்பத்துப்பால்
1325,தவறிலர் ஆயினும் தாம்வீழ்வார் மென்றோள் அகறலின் ஆங்கொன் றுடைத்து,"Though free form faults, one feels the charms
Of feigned release from lover's arms. ","உண்பதை விட முன் உண்ட உணவுச் செரிப்பது இன்பமானது, அதுபோல் காமத்தில் கூடுவதைவிட ஊடுதல் இன்பமானது.","Though free from fault, from loved one's tender arms
To be estranged a while hath its own special charms.
Though free from defects, men feel pleased when they cannot embrace the delicate shoulders of those whom they love.",The Pleasures of 'Temporary Variance,ஊடலுவகை,கற்பியல் ,The Post-marital love,LOVE,இன்பத்துப்பால்
1326,உணலினும் உண்ட தறலினிது காமம் புணர்தலின் ஊடல் இனிது,"Sweeter than meal is digestion
And sulk in love than union.  ","ஊடலில் தோற்றவரே வெற்றி பெற்றவர் ஆவர், அந்த உண்மை,ஊடல் முடிந்த பின் கூடிமகிழும் நிலையில் காணப்படும்.","Tis sweeter to digest your food than 'tis to eat;
In love, than union's self is anger feigned more sweet.
To digest what has been eaten is more delightful than to eat more; likewise love is more delightful in dislike than intercourse.
",The Pleasures of 'Temporary Variance,ஊடலுவகை,கற்பியல் ,The Post-marital love,LOVE,இன்பத்துப்பால்
1327,ஊடலின் தோற்றவர் வென்றார் அதுமன்னும் கூடலிற் காணப் படும்,"The yielder wins in lover's pout
Reunited joy brings it out. ",நெற்றி வியர்க்கும் படியாக கூடுவதில் உளதாகும் இனிமையை ஊடியிருந்து உணர்வதன் பயனாக இனியும் பெறுவோமோ.,"In lovers' quarrels, 'tis the one that first gives way,
That in re-union's joy is s een to win the day.
Those are conquerors whose dislike has been defeated and that is proved by the love (which follows).
",The Pleasures of 'Temporary Variance,ஊடலுவகை,கற்பியல் ,The Post-marital love,LOVE,இன்பத்துப்பால்
1328,ஊடிப் பெறுகுவம் கொல்லோ நுதல்வெயர்ப்பக் கூடலில் தோன்றிய உப்பு,"Shall not our pouting again give
The dew-browed joy of joint love?   ","காதலி இன்னும் ஊடுவாளாக, அந்த ஊடலைத் தணிக்கும் பொருட்டு யாம் இரந்து நிற்குமாறு இராக்காலம் இன்னும் நீட்டிப்பதாக.","And shall we ever more the sweetness know of that embrace
With dewy brow; to which 'feigned anger' lent its piquant grace.
Will I enjoy once more through her dislike, the pleasure of that love that makes her forehead perspire?
",The Pleasures of 'Temporary Variance,ஊடலுவகை,கற்பியல் ,The Post-marital love,LOVE,இன்பத்துப்பால்
1329,ஊடுக மன்னோ ஒளியிழை யாமிரப்ப நீடுக மன்னோ இரா,"Sulk on O belle of shining jewels!
Prolong O night! our delight swells!  ","காமத்திற்கு இன்பம் தருவது ஊடுதல் ஆகும், ஊடல் முடிந்த பின் கூடித் தழுவப் பெற்றால் அந்த ஊடலுக்கு இன்பமாகும்.","Let her, whose jewels brightly shine, aversion feign!
That I may still plead on, O night, prolong thy reign!
May the bright-jewelled one feign dislike, and may the night be prolonged for me to implore her!
",The Pleasures of 'Temporary Variance,ஊடலுவகை,கற்பியல் ,The Post-marital love,LOVE,இன்பத்துப்பால்
1330,ஊடுதல் காமத்திற் கின்பம் அதற்கின்பம் கூடி முயங்கப் பெறின்,"Bouderie is lovers' delight
Its delight grows when they unite ",,"A 'feigned aversion' coy to pleasure gives a zest;
The pleasure's crowned when breast is clasped to breast.
Dislike adds delight to love; and a hearty embrace (thereafter) will add delight to dislike.",The Pleasures of 'Temporary Variance,ஊடலுவகை,கற்பியல் ,The Post-marital love,LOVE,இன்பத்துப்பால்
